{"type":"FeatureCollection","features":[{"type":"Feature","geometry":{"type":"MultiPolygon","coordinates":[[[[106.25752114046003,30.209363475732744],[106.25675765200003,30.210118770000236],[106.25656577400014,30.210355838000112],[106.25637584765383,30.21060298868599],[106.25752114046003,30.209363475732744]]],[[[106.25601109914527,30.211354016067958],[106.25498676400002,30.211532383000076],[106.25336386948612,30.20947299209388],[106.25498673000004,30.211532459999944],[106.25601109914527,30.211354016067958]]],[[[106.25585445822406,30.20708929380021],[106.25585442000005,30.20708933000003],[106.25584643523075,30.207159284174395],[106.25584646500005,30.207159252000338],[106.25585445822406,30.20708929380021]]]]},"properties":{"nameZh":"武胜县","nameEn":"武胜县","code":"511622000000","severity":"general","severityZh":"一般灾区","severityEn":"Generally affected","disasterTypeZh":"一般灾区","landformBasinShare":1.0,"landformMountainShare":0.0,"landformPlateauShare":0.0,"settlementBasinShare":1.0,"settlementMountainShare":0.0,"settlementPlateauShare":0.0,"landformTypeZh":"盆地县","donorBasin":1,"donorMountain":0,"donorPlateau":0,"labelEn":"","landformTypeEn":"Basin county"}},{"type":"Feature","geometry":{"type":"MultiPolygon","coordinates":[[[[105.72855628000013,30.322283930000253],[105.71205194000004,30.326332250000007],[105.70822372000003,30.31710223000016],[105.71407450000004,30.30638212000008],[105.70423846,30.305179060000228],[105.71063708000003,30.3002549200001],[105.70887043100015,30.283948661000125],[105.73172535400016,30.279072285000268],[105.72644602000014,30.268503700000053],[105.73073535999998,30.262336270000105],[105.71978739000008,30.26766254000006],[105.71702654000006,30.254524319999973],[105.69751871,30.26061221000009],[105.6698101500001,30.255543560000092],[105.66366390999997,30.268456400000048],[105.62161857000012,30.27866807999993],[105.60719437,30.258734559999994],[105.61695003331255,30.25178276975396],[105.61533836000007,30.238189008000177],[105.63281549400017,30.222555544000045],[105.65073057000012,30.22440222300014],[105.65884692000003,30.21285082999998],[105.64205899000007,30.209695940000074],[105.63895252000009,30.18922769000028],[105.61658513000003,30.18915012000008],[105.60447778000014,30.181128580000006],[105.59173625999995,30.18650857],[105.5714797500001,30.17681938999999],[105.55546699000001,30.188395250000156],[105.55879942000007,30.201040260000127],[105.54447846999994,30.215345310000146],[105.52586912999993,30.222363379999933],[105.51661718000008,30.20533069000021],[105.49367482000002,30.220663430000172],[105.48548885000002,30.2189161],[105.46660781999992,30.253611890000002],[105.44286348000014,30.255922080000175],[105.43744579000008,30.270359250000297],[105.43149840000001,30.26149355000001],[105.42224267,30.26240586],[105.41625262000014,30.275274350000018],[105.42186042999998,30.281124970000008],[105.41320430000002,30.28185360000009],[105.41581762000004,30.291903540000135],[105.40739586000007,30.298044080000125],[105.37796350000002,30.279361210000104],[105.36719027000004,30.27947843000021],[105.35869088000004,30.28742319000031],[105.36415081000007,30.29155520000006],[105.35487078,30.310608650000063],[105.33958400000012,30.300659860000223],[105.33964431999993,30.30938583000011],[105.3313718600001,30.314346770000043],[105.32478326000012,30.30589628000007],[105.29021891000002,30.29678145000031],[105.28980245999998,30.289228790000152],[105.26956166000002,30.292252340000005],[105.24335041000006,30.28301518000012],[105.23186799999996,30.29100269999998],[105.22719814999994,30.282973520000212],[105.21761553000005,30.291460400000233],[105.21418700000004,30.31010181000022],[105.19734020000004,30.30862496000003],[105.15752574000004,30.32314162000017],[105.14493578000003,30.33887547000029],[105.14918893000004,30.3442899800001],[105.11810117999994,30.346841519999998],[105.09692067000003,30.395589630000018],[105.09237588000008,30.400104860000056],[105.08619510000005,30.398736680000013],[105.08688066000013,30.40466530000009],[105.07051589000002,30.406159979999984],[105.08754875,30.42002902000013],[105.08304272999999,30.431489539999973],[105.10780356000004,30.43593891000006],[105.15715003000003,30.474563610000246],[105.16375568000001,30.47275230000008],[105.16387729000013,30.46389577000025],[105.18222741,30.473584510000023],[105.19313924000011,30.470021390000284],[105.19935392000002,30.484632460000228],[105.2081459800001,30.477433870000027],[105.23201457000005,30.480241550000187],[105.24170121000003,30.45973622000014],[105.25508423999997,30.449472600000036],[105.27690444000007,30.45951329000019],[105.2779460800001,30.476257890000056],[105.31644108,30.46088841000028],[105.32676190000006,30.481437350000192],[105.31857679000012,30.48681463000014],[105.3557135800001,30.49843905],[105.36639115000003,30.51926497000011],[105.35958476000013,30.52452253000007],[105.37514296000006,30.5361890100001],[105.37541160000012,30.550134179999986],[105.40101506000008,30.544740710000156],[105.39952257000004,30.556189770000117],[105.41494224000007,30.58649386999997],[105.42265168000006,30.553667460000156],[105.43414664000011,30.55376061000004],[105.44442565000008,30.529918570000177],[105.47265906000001,30.54671219000022],[105.49043760000006,30.541311550000103],[105.49595861999995,30.507524560000206],[105.47482894000001,30.503116760000182],[105.50311972000009,30.496407090000105],[105.49847578000004,30.465940300000113],[105.53524419999991,30.45230710000027],[105.54809053000002,30.413143900000136],[105.56879820000012,30.38973081000023],[105.60562320000003,30.383336569999983],[105.61424231999996,30.39259026000002],[105.6273741500001,30.393550210000058],[105.64470759000005,30.38446876000023],[105.64580136000012,30.393508289999943],[105.66251912000007,30.386813830000108],[105.67634730000009,30.366323810000097],[105.68942020999992,30.37549039000004],[105.71062860000006,30.376941740000234],[105.72126417000004,30.369599230000233],[105.71059358999997,30.361240280000118],[105.72836524000013,30.34380331],[105.71804207000008,30.336614180000026],[105.72855628000013,30.322283930000253]],[[105.19484907999998,30.31440935000012],[105.19492713000005,30.31455846],[105.19481403999993,30.314604270000245],[105.19474500000007,30.314426180000055],[105.19484907999998,30.31440935000012]]],[[[105.09771625999997,30.38773712000011],[105.09760337000006,30.38779109000012],[105.09769827000008,30.387887090000277],[105.09775021999991,30.38778910999997],[105.09771625999997,30.38773712000011]]],[[[105.09742055999999,30.387848060000238],[105.09723876000004,30.387854040000207],[105.09722076999998,30.387924030000306],[105.09753344000012,30.387956060000306],[105.09742055999999,30.387848060000238]]],[[[105.09222925,30.396959460000232],[105.09156012000005,30.397443459999977],[105.09184668999995,30.398188280000113],[105.09188169000004,30.3974044200001],[105.09222925,30.396959460000232]]],[[[105.08998032000011,30.39777270000002],[105.08975464000008,30.397848730000078],[105.09109168000003,30.3990362400001],[105.09089199000005,30.39836340000022],[105.08998032000011,30.39777270000002]]],[[[105.07597577000007,30.414077090000262],[105.07595778000001,30.414701980000075],[105.07641875000013,30.415142500000115],[105.07616633000004,30.414680810000107],[105.07597577000007,30.414077090000262]]]]},"properties":{"nameZh":"安居区","nameEn":"Suining","code":"510900000000","severity":"general","severityZh":"一般灾区","severityEn":"Generally affected","disasterTypeZh":"一般灾区","landformBasinShare":1.0,"landformMountainShare":0.0,"landformPlateauShare":0.0,"settlementBasinShare":1.0,"settlementMountainShare":0.0,"settlementPlateauShare":0.0,"landformTypeZh":"盆地县","donorBasin":1,"donorMountain":0,"donorPlateau":0,"labelEn":"Suining","landformTypeEn":"Basin county"}},{"type":"Feature","geometry":{"type":"MultiPolygon","coordinates":[[[[107.30024950999996,30.357460810000248],[107.2810514300001,30.33536275000006],[107.23503158000005,30.240226199999995],[107.16888025999998,30.16741764000011],[107.13196744000004,30.13690740000027],[107.12866019999996,30.125713020000035],[107.10367266999998,30.11883880000005],[107.10650315000004,30.10671020000018],[107.09858506000006,30.09259826000016],[107.07564541000005,30.096633110000028],[107.06883754000006,30.084814690000258],[107.08001285000012,30.06634493000007],[107.06366391000006,30.049201950000054],[107.05077919999997,30.045501769999987],[107.03957019999996,30.058048190000136],[107.03345885000005,30.049817690000225],[107.03828590000012,30.03752106000013],[107.01924732999993,30.03788742000023],[106.97627785000003,30.087733749999984],[106.94605669000009,30.066665300000295],[106.95283518999997,30.05672539000011],[106.94289798000005,30.041103570000246],[106.93651890999996,30.04539729000004],[106.91276476999991,30.037875739999947],[106.90903270000001,30.02758089000008],[106.8821112600001,30.037198510000053],[106.85753120703231,30.03095190768022],[106.85770498800008,30.03743612599999],[106.83409455999998,30.05272855999999],[106.82234389290835,30.033874496162753],[106.79676690000002,30.033744930000125],[106.79377211000008,30.025843190000217],[106.76670303999998,30.018624390000127],[106.76333409000011,30.028268100000105],[106.75442585000008,30.021486879999998],[106.72798121440036,30.029705011415558],[106.72181609500012,30.05970900200026],[106.69536278400011,30.077800352000054],[106.70046775000009,30.132305230000156],[106.71053764999999,30.137982150000198],[106.71694455,30.158844420000264],[106.72950746999993,30.165091630000234],[106.74474424999994,30.19345956000012],[106.77093790000009,30.211658070000055],[106.77805688000007,30.279802920000236],[106.78665130000007,30.293736360000253],[106.81880640999998,30.31193246000015],[106.83532596000009,30.344864229999985],[106.85828347999995,30.357349690000092],[106.91458784999998,30.436325370000077],[106.9350946300001,30.440466610000044],[106.97781459999999,30.501147390000142],[106.99674553000011,30.50762560000021],[107.00664155000004,30.52321887000005],[107.02160826000005,30.52619051000005],[107.04311162000005,30.5146994600002],[107.07196296000001,30.516489939999985],[107.07279635000003,30.50349999000008],[107.0835896100001,30.496655420000252],[107.07783204999993,30.488611030000072],[107.10236021999992,30.49253288],[107.1048782800001,30.484808059999978],[107.11448097000005,30.48727973000024],[107.11828335000007,30.474133719999998],[107.13375522000001,30.471472360000064],[107.13792260000002,30.473179160000257],[107.12590696000007,30.48966398000016],[107.09077838999997,30.50868983000015],[107.09569288,30.523326290000057],[107.10705807999994,30.528350420000265],[107.11818037000006,30.516514660000098],[107.11943919999999,30.527677470000185],[107.16990377000008,30.50540015000007],[107.18474626,30.518997369999965],[107.17911371000008,30.537225490000253],[107.18774926000015,30.537102920000052],[107.19982432,30.526866690000247],[107.20951859000013,30.503757950000136],[107.15784615000007,30.463535949999937],[107.18171737,30.453001950000214],[107.18011171000006,30.44237753000027],[107.18847032999992,30.433782280000173],[107.22193813000007,30.436886200000117],[107.22207681000003,30.427661340000157],[107.20113438000004,30.415648340000246],[107.21347421000002,30.40839581000023],[107.2134708000001,30.399596510000094],[107.20443926000013,30.395053020000034],[107.21125303000008,30.386104400000022],[107.22516911000008,30.380584870000234],[107.22499273000005,30.385366920000138],[107.23946061000004,30.38920327000028],[107.23195310000006,30.396683210000106],[107.23982486999995,30.39841966000006],[107.24846025,30.389460650000274],[107.24302780999994,30.381607140000256],[107.23426974000006,30.38637012999999],[107.22704063000003,30.38004529000017],[107.22310069999997,30.361669340000105],[107.22866434000008,30.359324670000092],[107.21727688000004,30.346922210000287],[107.24325281000012,30.350749030000202],[107.25763449000004,30.3277062800002],[107.26784974000009,30.324752970000077],[107.27875969000002,30.336782360000086],[107.27231035000005,30.360814950000304],[107.28524289,30.366585710000095],[107.30024950999996,30.357460810000248]],[[107.24955469999998,30.32745587000005],[107.24578808000007,30.327940160000026],[107.24342736,30.326753250000024],[107.25321686000012,30.326202170000272],[107.24955469999998,30.32745587000005]],[[107.24968454000009,30.328494720000037],[107.24917278999999,30.33013160000013],[107.24814849999996,30.3300357400002],[107.24812258999998,30.328870890000076],[107.24968454000009,30.328494720000037]],[[107.23716951,30.339909379999995],[107.2384371600001,30.340862610000045],[107.23839313999997,30.341346530000067],[107.23638858000004,30.340953990000116],[107.23716951,30.339909379999995]],[[107.23531267000004,30.341750500000103],[107.23640551000005,30.34192987000023],[107.23657043999998,30.342505840000285],[107.23482670999994,30.341928290000283],[107.23531267000004,30.341750500000103]],[[107.23505152000007,30.344404039999915],[107.23336867000012,30.34396240000018],[107.23637944000001,30.343008709999935],[107.23648435999996,30.343906619999984],[107.23505152000007,30.344404039999915]],[[107.23371549000001,30.346455209999988],[107.23059144000001,30.346436680000068],[107.23031347000011,30.345642640000108],[107.23301263000013,30.344743130000097],[107.23371549000001,30.346455209999988]],[[107.22037534000009,30.37941113000028],[107.21748472000002,30.380585180000253],[107.22228453000014,30.37421966000005],[107.22270959000014,30.37583575000002],[107.22037534000009,30.37941113000028]],[[107.03237223000002,30.51650802000006],[107.0339704700001,30.516908930000227],[107.03421255000006,30.51771509000031],[107.03193868000005,30.518200589999992],[107.03237223000002,30.51650802000006]],[[106.9760955007248,30.090316274724387],[106.97639118999996,30.09079742],[106.97570596000014,30.091014400000006],[106.97571395000006,30.090645380000012],[106.9760955007248,30.090316274724387]],[[106.97347508298014,30.090322748480673],[106.97317923000014,30.08964563000029],[106.9744033,30.089839139999924],[106.97434253000011,30.090153320000184],[106.97347508298014,30.090322748480673]],[[106.97190332404199,30.090518235194224],[106.97246798000009,30.091064650000078],[106.97132251,30.091552869999987],[106.97136538000001,30.090901750000114],[106.97190332404199,30.090518235194224]]],[[[107.25696604000001,30.388584390000233],[107.26385709999994,30.38635286000016],[107.27268389000005,30.373217610000097],[107.25983868000003,30.377153940000028],[107.25700920000003,30.38565689000012],[107.25267851000001,30.382307050000065],[107.25696604000001,30.388584390000233]]],[[[107.26492529000006,30.34802819000015],[107.25792065999991,30.350006150000013],[107.25940483,30.352935979999927],[107.26046362,30.352690430000052],[107.26492529000006,30.34802819000015]]],[[[107.23516498000004,30.352149980000092],[107.23373206999997,30.352599339999983],[107.23536372999996,30.355526560000044],[107.23674464000004,30.353844290000154],[107.23516498000004,30.352149980000092]]],[[[107.22004622000003,30.422945560000244],[107.22580037000006,30.423453150000114],[107.22639906000006,30.41569619000029],[107.21632327000003,30.421058320000043],[107.22004622000003,30.422945560000244]]],[[[107.05075247361884,30.04342076074687],[107.05095289000013,30.04276543000026],[107.04944235402064,30.04171728761014],[107.04962476400004,30.043176903000074],[107.05075247361884,30.04342076074687]]],[[[106.25585445822406,30.20708929380021],[106.25705260000007,30.20688786000005],[106.25774596225108,30.20883648083435],[106.25705263499998,30.20688777900034],[106.25585445822406,30.20708929380021]]],[[[106.25584643523075,30.207159284174395],[106.25542072000007,30.207619392000026],[106.25373668599997,30.20890589800024],[106.25351175962504,30.209191029803378],[106.25542068000004,30.207619470000225],[106.25584643523075,30.207159284174395]]]]},"properties":{"nameZh":"邻水县","nameEn":"邻水县","code":"511600000000","severity":"general","severityZh":"一般灾区","severityEn":"Generally affected","disasterTypeZh":"一般灾区","landformBasinShare":0.6098204857444561,"landformMountainShare":0.3901795142555438,"landformPlateauShare":0.0,"settlementBasinShare":0.7859922178988327,"settlementMountainShare":0.2140077821011673,"settlementPlateauShare":0.0,"landformTypeZh":"盆地县","donorBasin":1,"donorMountain":1,"donorPlateau":0,"labelEn":"","landformTypeEn":"Basin county"}},{"type":"Feature","geometry":{"type":"MultiPolygon","coordinates":[[[[105.55408657000004,30.198599539999975],[105.55810541,30.186513640000044],[105.54345440999998,30.18350026000013],[105.53293998800007,30.155454471000155],[105.54460986200019,30.159014174000276],[105.5426818630001,30.15045218900036],[105.55176011900016,30.14740346100018],[105.56741378900006,30.16430707300026],[105.59309199300014,30.16164517100009],[105.58981820000008,30.14759306999997],[105.56730507000003,30.13936539000025],[105.56966534800006,30.128720111000064],[105.59469584400006,30.112086678000026],[105.638708942,30.103695168000115],[105.63703332700004,30.07661473300027],[105.65569549400004,30.06916065600035],[105.67109414700002,30.074017384],[105.68342960500013,30.041705997000065],[105.69683272584962,30.045938819537866],[105.70310040900006,30.03828313000008],[105.71765080200004,30.04474774200031],[105.7243797060001,30.029880357000025],[105.7426198660001,30.036898365000184],[105.73970305999995,30.02976099],[105.7501728593457,30.021014239180204],[105.74158280000006,30.01355048000005],[105.7436551400001,30.00515813000004],[105.72865597000003,30.001281140000287],[105.72022113000008,29.986707050000007],[105.72738293000003,29.959303130000308],[105.71671264000003,29.952741810000077],[105.71100079000013,29.93290374000003],[105.69888497000005,29.926655010000104],[105.7114171514578,29.913869540382848],[105.70715482000003,29.90436643999999],[105.712285512,29.897549952000134],[105.73533536079003,29.89386381505335],[105.72875931000004,29.89006563999999],[105.73360964000011,29.864810940000268],[105.71591835000004,29.859430500000258],[105.71656172999997,29.851639250000233],[105.70531402999995,29.843281870000283],[105.67423213000006,29.85701929000004],[105.66551197000013,29.84687362000028],[105.63804026000008,29.839670160000026],[105.61517822999997,29.84945774000022],[105.60155970000005,29.820049950000055],[105.58053130999997,29.822759690000282],[105.57692020000013,29.793610880000074],[105.58415029230275,29.787712950261323],[105.56749465000007,29.768547460000036],[105.57188663,29.747698130000003],[105.56105216000009,29.743919269999935],[105.56232240000003,29.72686979000025],[105.54604848000002,29.740509230000043],[105.54000775000009,29.73582292000009],[105.54692482000002,29.724845530000266],[105.52593781999997,29.710051620000115],[105.5342351600001,29.697193200000243],[105.5245052300001,29.695166640000252],[105.48673828,29.72295036000031],[105.46889828000008,29.70787118999999],[105.47777953600007,29.69535417400016],[105.47402820999997,29.677908320000313],[105.42514141000004,29.684300580000013],[105.41355603999995,29.698953910000057],[105.41283264999998,29.724488810000025],[105.38986096999997,29.749703140000122],[105.40087192999994,29.79438305000002],[105.37952135,29.799328260000095],[105.36992908999997,29.82715510000014],[105.35687353999998,29.83673879000014],[105.34638239000003,29.81208585000013],[105.32873545000007,29.81370721000019],[105.31788532999991,29.824164160000123],[105.29560111,29.823409930000082],[105.28529527000012,29.800899170000037],[105.26810754000013,29.79850109000023],[105.23030185000005,29.806720390000123],[105.23398715999997,29.824669800000038],[105.21399696000015,29.84748891000021],[105.1722453800001,29.849290760000258],[105.12225620000004,29.833224470000175],[105.09138115999997,29.851464259999943],[105.07965069,29.87097818000001],[105.07730768999994,29.885313300000234],[105.0953775800001,29.879995520000023],[105.09671708000008,29.898478890000092],[105.08720994000004,29.913724739999964],[105.06075636000008,29.925038420000305],[105.07132289000003,29.94652238000009],[105.05039126000008,29.9465190800002],[105.01781883000012,29.979412170000046],[104.99065735000005,29.9797178500001],[104.97349725000004,29.995958290000033],[104.95225421000009,29.996480560000066],[104.99066648000007,30.01571383999999],[105.01115192000003,30.043914860000143],[105.03362272999999,30.054758640000102],[105.04691294000003,30.04983507000003],[105.06221008000006,30.05637296000009],[105.06890251999994,30.04595108000001],[105.09696112,30.058521970000072],[105.10176104999994,30.04858682000014],[105.09577018000005,30.044864810000036],[105.10378277000007,30.042794459999982],[105.10454547000012,30.074727940000002],[105.13416715,30.061976170000264],[105.15480340000005,30.080497190000244],[105.1599493,30.063689560000284],[105.16682564000001,30.07428843000025],[105.17271391999992,30.070263490000286],[105.17222196000012,30.078581600000007],[105.18523410000006,30.072993480000036],[105.18784997,30.0820371100001],[105.2123464,30.07350971000011],[105.24018208000007,30.10119911999999],[105.24717813000001,30.124489750000066],[105.24376775000013,30.141103520000172],[105.23028443000004,30.148540730000207],[105.22792728000007,30.166492930000004],[105.19308655999998,30.170491410000068],[105.20798989000014,30.18478933000023],[105.20899671000012,30.195432320000293],[105.20651507000014,30.206577639999978],[105.19470194000007,30.204697049999993],[105.19221855000012,30.213156620000063],[105.20745222000005,30.22980684000015],[105.20470046000008,30.23856860999996],[105.23618973999999,30.270732440000074],[105.24758562,30.25402356000029],[105.24566799000013,30.266929660000017],[105.26530872000001,30.27830693000027],[105.26120334000001,30.29107040000008],[105.28980245999998,30.289228790000152],[105.29021891000002,30.29678145000031],[105.32478326000012,30.30589628000007],[105.3313718600001,30.314346770000043],[105.33964431999993,30.30938583000011],[105.33958400000012,30.300659860000223],[105.35487078,30.310608650000063],[105.36415081000007,30.29155520000006],[105.35869088000004,30.28742319000031],[105.36719027000004,30.27947843000021],[105.37796350000002,30.279361210000104],[105.40739586000007,30.298044080000125],[105.41581762000004,30.291903540000135],[105.41320430000002,30.28185360000009],[105.42186042999998,30.281124970000008],[105.41625262000014,30.275274350000018],[105.42177446999995,30.262833340000043],[105.43149840000001,30.26149355000001],[105.43744579000008,30.270359250000297],[105.44286348000014,30.255922080000175],[105.46660781999992,30.253611890000002],[105.48548885000002,30.2189161],[105.49367482000002,30.220663430000172],[105.51707637000004,30.205228990000137],[105.53083456000013,30.222671230000003],[105.55707215000012,30.204475380000133],[105.55408657000004,30.198599539999975]]],[[[105.5799332607898,30.13093503368924],[105.57608840000006,30.129965330000175],[105.57564524563918,30.130631909218835],[105.57744162900019,30.13342827600036],[105.5799332607898,30.13093503368924]]],[[[105.24178264,30.13965627000016],[105.2408045200001,30.13884509000019],[105.24014900000003,30.139865940000277],[105.24061161000009,30.140219039999977],[105.24178264,30.13965627000016]]]]},"properties":{"nameZh":"安岳县","nameEn":"Ziyang","code":"512000000000","severity":"general","severityZh":"一般灾区","severityEn":"Generally affected","disasterTypeZh":"一般灾区","landformBasinShare":1.0,"landformMountainShare":0.0,"landformPlateauShare":0.0,"settlementBasinShare":1.0,"settlementMountainShare":0.0,"settlementPlateauShare":0.0,"landformTypeZh":"盆地县","donorBasin":1,"donorMountain":0,"donorPlateau":0,"labelEn":"Ziyang","landformTypeEn":"Basin county"}},{"type":"Feature","geometry":{"type":"Polygon","coordinates":[[[103.89502428000009,29.48996807000009],[103.88515118999999,29.49317460000003],[103.86982589000007,29.52525146000005],[103.85605119000007,29.51833855000001],[103.8426868200001,29.525068540000177],[103.83638630999997,29.51467133],[103.81398471000006,29.513980790000062],[103.77955391,29.496677320000117],[103.74438643000008,29.514125050000303],[103.72423845999998,29.504279570000108],[103.71577840000003,29.47868644999994],[103.69368589999999,29.472068500000034],[103.67942016,29.471985260000054],[103.65964704999999,29.491400120000094],[103.62568145000006,29.488987290000125],[103.6291859100001,29.501952340000116],[103.60254866000008,29.525879160000272],[103.57488436000011,29.507219110000165],[103.56893929000012,29.482778440000118],[103.55852772999998,29.474464480000222],[103.55760939000004,29.499553760000083],[103.53389778000013,29.50202780999996],[103.55155475999999,29.515478219999977],[103.54781710000003,29.533595600000126],[103.5549416500001,29.53900314000009],[103.56838369000013,29.53601849000023],[103.58182517000012,29.55439101999997],[103.57115296000012,29.571216890000017],[103.59728160999998,29.57740125000015],[103.60812779000003,29.61248500000005],[103.62031801,29.613486399999942],[103.61186613000007,29.6334778800001],[103.62680813000003,29.654201390000253],[103.66876914,29.65376441000012],[103.67877228000003,29.65777834000005],[103.68033714,29.666259399999944],[103.68916129000007,29.66536646999998],[103.69205628999998,29.675694090000036],[103.70262387000002,29.675203020000083],[103.70426042000008,29.68095234000009],[103.69478591000006,29.683988659999955],[103.70431601000001,29.68841670000006],[103.69503185000013,29.696812650000197],[103.71798258000001,29.709873999999957],[103.71717339000003,29.71963516000028],[103.72944346000003,29.724697190000256],[103.72909945999999,29.733291030000032],[103.77195427000004,29.70582354000004],[103.77675012000003,29.714346540000008],[103.79708456000009,29.716755910000074],[103.81912674000012,29.733102690000067],[103.8401998,29.733910830000013],[103.85414089000011,29.74984520999999],[103.89151365000009,29.745390270000144],[103.92095147000003,29.754506340000034],[103.93674242000009,29.752179150000018],[103.95113793999991,29.762969080000175],[103.95602775000003,29.754577120000192],[103.94821076000005,29.73392549999994],[103.97243067000011,29.72611813000003],[103.97999844000009,29.73117472000007],[103.99087811000004,29.71475908000025],[103.96770871000001,29.690324610000005],[103.97517704000012,29.68562798000005],[103.97227106000003,29.656902570000284],[103.96666358000004,29.653584609999996],[103.97968637000002,29.638739010000222],[103.96973853000009,29.630975160000162],[103.98516978000004,29.618230450000283],[103.97005845000012,29.60725504000004],[103.96645787000006,29.589465220000193],[103.95535007000012,29.597506360000068],[103.94568601000003,29.5868416200002],[103.94545588,29.579261560000248],[103.96214767999999,29.581520960000148],[103.96595405999994,29.575136260000136],[103.95510685000005,29.570584719999943],[103.96698419000012,29.56482507999999],[103.9465240400001,29.55973116000024],[103.95178775000005,29.55186087000027],[103.9425949300001,29.547377299999994],[103.94574592000004,29.535657660000027],[103.93259410000002,29.53689595999998],[103.93506594000007,29.523755390000247],[103.92536239000015,29.5298671500002],[103.91002159000004,29.516507880000063],[103.90883192000001,29.502782140000022],[103.89392477000007,29.50036627999998],[103.89502428000009,29.48996807000009]]]},"properties":{"nameZh":"市中区","nameEn":"市中区","code":"511102000000","severity":"general","severityZh":"????","severityEn":"Generally affected","disasterTypeZh":"????","landformTypeZh":"混合县","displayNameZh":"?????","donorBasin":1,"donorMountain":0,"donorPlateau":0,"labelEn":"","landformTypeEn":"Mixed landform county"}},{"type":"Feature","geometry":{"type":"Polygon","coordinates":[[[103.67942016,29.471985260000054],[103.66954570999997,29.46587396999996],[103.67938662000006,29.462642720000133],[103.66661986999998,29.442842790000043],[103.66329112000005,29.415368300000182],[103.66721390000009,29.37969361000023],[103.67640584000003,29.363644360000308],[103.67196228000006,29.351089370000125],[103.68709353000003,29.33095341000012],[103.71331686999997,29.343020290000027],[103.73767313000008,29.316275960000212],[103.72566996000012,29.301973610000232],[103.71643832000012,29.307889810000177],[103.70956409000013,29.298649339999997],[103.69255655999996,29.294116540000118],[103.70291119999996,29.282933270000285],[103.69298349000013,29.272065660000067],[103.71330951000004,29.25337631000002],[103.67447471000008,29.234302980000052],[103.67285040000002,29.216693790000193],[103.65993877,29.226421360000188],[103.65358715000008,29.22329935999994],[103.65175476999997,29.21529347000012],[103.66422402999996,29.207212210000307],[103.6628728600001,29.194173420000084],[103.62876073000012,29.189487350000093],[103.59079486999991,29.197341130000154],[103.56644183000003,29.216820170000005],[103.55215647000006,29.238231900000017],[103.55176130000007,29.25071833000004],[103.53500660000003,29.265734170000258],[103.52387760000005,29.256304750000027],[103.50133463000003,29.261041060000252],[103.46857720000003,29.319603170000164],[103.45105327999994,29.296375809999972],[103.43546918999999,29.2909113500001],[103.42309069000004,29.352816940000253],[103.43514678999998,29.36391091000013],[103.43159111000011,29.37646034000022],[103.45049761999996,29.384062620000236],[103.46445345000006,29.380282650000083],[103.46879459000007,29.397840090000102],[103.48433668000013,29.409771270000192],[103.49492588999999,29.431754170000033],[103.4939695600001,29.443963120000205],[103.49806430999996,29.426982949999967],[103.50660779000003,29.426105010000185],[103.52395624000002,29.450595450000037],[103.56893929000012,29.482778440000118],[103.57488436000011,29.507219110000165],[103.60254866000008,29.525879160000272],[103.6291859100001,29.501952340000116],[103.62568145000006,29.488987290000125],[103.65964704999999,29.491400120000094],[103.67942016,29.471985260000054]]]},"properties":{"nameZh":"沙湾区","nameEn":"沙湾区","code":"511111000000","severity":"general","severityZh":"一般灾区","severityEn":"Generally affected","disasterTypeZh":"一般灾区","landformBasinShare":0.49506578947368424,"landformMountainShare":0.5049342105263158,"landformPlateauShare":0.0,"settlementBasinShare":0.64375,"settlementMountainShare":0.35625,"settlementPlateauShare":0.0,"landformTypeZh":"混合县","donorBasin":1,"donorMountain":1,"donorPlateau":0,"labelEn":"","landformTypeEn":"Mixed landform county"}},{"type":"Feature","geometry":{"type":"Polygon","coordinates":[[[103.89502428000009,29.48996807000009],[103.88961430000012,29.488008219999926],[103.87760612000011,29.489442560000157],[103.87680580000011,29.47975617999998],[103.89362772000004,29.475205420000066],[103.90525860000014,29.458254550000163],[103.93544748000005,29.46628689000022],[103.94202115000002,29.450099410000234],[103.93127663000007,29.432655700000225],[103.93291609000005,29.421911910000176],[103.94715946000008,29.410372900000027],[103.93783024000004,29.401180310000257],[103.92030311000002,29.406452349999995],[103.90602644000006,29.4023711600002],[103.8993799800001,29.39141510999997],[103.91179183999998,29.37582577000029],[103.92413518000001,29.378107360000058],[103.90608627,29.35523426000009],[103.90876949,29.337056460000042],[103.91360260000005,29.343775840000035],[103.91978247999992,29.337112250000246],[103.91369134000007,29.32295677999997],[103.88250243000005,29.32038946],[103.88141165000002,29.29613641000026],[103.86977590000004,29.295010939999997],[103.84786283000005,29.332334960000026],[103.83772392999998,29.337623680000092],[103.82830165000001,29.33782103000027],[103.83454210000014,29.330199430000107],[103.82291442000013,29.32917727000006],[103.81881771999991,29.321915180000133],[103.79633612999999,29.32943330000029],[103.77918248000003,29.3258435300001],[103.77904512000003,29.306638690000227],[103.76986251,29.32074786999999],[103.75298730999992,29.32823173999998],[103.73993029999997,29.32614888000012],[103.73451343999994,29.31790534999999],[103.71068428000007,29.344132930000114],[103.68709353000003,29.33095341000012],[103.67387077000006,29.34606377],[103.67640584000003,29.363644360000308],[103.66721390000009,29.37969361000023],[103.66329112000005,29.415368300000182],[103.66661986999998,29.442842790000043],[103.67938662000006,29.462642720000133],[103.66954570999997,29.46587396999996],[103.71354704999999,29.477088830000298],[103.7262409700001,29.50617008000023],[103.74936797999999,29.51528933999998],[103.77318883000004,29.497571470000025],[103.78793100000001,29.497608280000236],[103.81398471000006,29.513980790000062],[103.83638630999997,29.51467133],[103.8426868200001,29.525068540000177],[103.85605119000007,29.51833855000001],[103.86982589000007,29.52525146000005],[103.88515118999999,29.49317460000003],[103.89502428000009,29.48996807000009]]]},"properties":{"nameZh":"五通桥区","nameEn":"五通桥区","code":"511112000000","severity":"general","severityZh":"一般灾区","severityEn":"Generally affected","disasterTypeZh":"一般灾区","landformBasinShare":1.0,"landformMountainShare":0.0,"landformPlateauShare":0.0,"settlementBasinShare":1.0,"settlementMountainShare":0.0,"settlementPlateauShare":0.0,"landformTypeZh":"盆地县","donorBasin":1,"donorMountain":0,"donorPlateau":0,"labelEn":"","landformTypeEn":"Basin county"}},{"type":"Feature","geometry":{"type":"Polygon","coordinates":[[[103.17804459999996,29.432934500000215],[103.1849461600001,29.407276669999987],[103.17455583000014,29.375382349999995],[103.18069290000005,29.339862010000218],[103.20364314000005,29.306321880000098],[103.22613653000008,29.294341570000256],[103.23276894000014,29.27298542000017],[103.22550829,29.270274270000016],[103.20848516000012,29.236564280000266],[103.17495553000003,29.267606480000268],[103.1395950800001,29.28796962000007],[103.12671548000009,29.284149600000205],[103.12715847999999,29.239816760000053],[103.1185895000001,29.236926780000033],[103.10913837000004,29.21425122000005],[103.05226715000009,29.172787289999974],[103.03620741999998,29.137423679999984],[103.01666745000011,29.121987620000027],[102.98866518000005,29.07740109000008],[102.96846693000009,29.06824843000021],[102.92973732000013,29.116126620000216],[102.92778379999993,29.137204709999992],[102.93828570000005,29.179100410000274],[102.97290052000011,29.225167200000158],[102.96199812000003,29.257209460000126],[103.02087674,29.254439020000234],[103.02981724000011,29.28260818000001],[103.01510752999997,29.292177970000125],[103.00210253000006,29.29003043000023],[102.97787153999997,29.32171044000006],[102.97941249999997,29.346228720000113],[102.99676882,29.371147840000106],[102.97144674000003,29.407986680000135],[103.01837338000001,29.452767380000182],[103.05276918000004,29.448640130000285],[103.08538818999995,29.42829106000005],[103.12485820000006,29.443033850000234],[103.1554928000001,29.428289829999926],[103.17804459999996,29.432934500000215]]]},"properties":{"nameZh":"金口河区","nameEn":"金口河区","code":"511113000000","severity":"general","severityZh":"一般灾区","severityEn":"Generally affected","disasterTypeZh":"一般灾区","landformBasinShare":0.0,"landformMountainShare":0.8756218905472637,"landformPlateauShare":0.12437810945273632,"settlementBasinShare":0.0,"settlementMountainShare":1.0,"settlementPlateauShare":0.0,"landformTypeZh":"中山县","donorBasin":0,"donorMountain":1,"donorPlateau":0,"labelEn":"","landformTypeEn":"Mountain county"}},{"type":"Feature","geometry":{"type":"MultiPolygon","coordinates":[[[[104.05021351999994,29.459320750000074],[104.05709110000004,29.42746600999999],[104.08553519000003,29.44020646000024],[104.09893098999993,29.436785100000122],[104.10368604000007,29.41822687000007],[104.08976446000003,29.419003880000048],[104.08765273000006,29.395035560000053],[104.09674853000001,29.385247630000038],[104.13253086000003,29.405987990000142],[104.14172479000007,29.389009000000215],[104.13566485999996,29.388362159999986],[104.13868069000011,29.377184010000235],[104.16052056000007,29.38021476000017],[104.15453112000012,29.37024758000007],[104.16097806000005,29.36508341000018],[104.14632139000008,29.36076787000013],[104.15797253000011,29.342436510000084],[104.14597059000005,29.342878100000007],[104.13805156000012,29.358957760000123],[104.13210716000015,29.34081627000012],[104.12628594000006,29.346509410000067],[104.10315333000005,29.341492700000117],[104.07819390999992,29.350653810000153],[104.07432840000001,29.33192573000008],[104.07667884,29.323578850000104],[104.0993661500001,29.318985920000046],[104.10340971999995,29.31078718000009],[104.13683786000001,29.31193419999994],[104.13290998000014,29.300091320000092],[104.14393373000007,29.286572930000148],[104.11395773999999,29.266661380000073],[104.10717149999999,29.244607559999963],[104.11323656000002,29.238020890000143],[104.12973481000012,29.257674810000083],[104.14115454,29.25961885999999],[104.14855479999994,29.23001896000011],[104.14649767000009,29.199661600000297],[104.15719754000008,29.193951679999998],[104.17447833000011,29.198646509999946],[104.17334183000003,29.184399980000194],[104.18312394999992,29.17749432000005],[104.18111864000014,29.17105952000003],[104.19167397000001,29.167441990000214],[104.16581507000006,29.15409375000013],[104.17282019000004,29.129807730000095],[104.16014704000008,29.121300580000025],[104.16107525000012,29.109526529999982],[104.1459542500001,29.09609420000004],[104.14660428000008,29.07383393000015],[104.13994676000004,29.073511410000094],[104.14611008000003,29.059566460000212],[104.13791565000002,29.0526479400001],[104.13728182,29.02751109000002],[104.12834830999998,29.02389776000001],[104.10656899000008,29.022742740000012],[104.08931283999993,29.050023320000207],[104.05241293000006,29.05056775999992],[104.02963310000013,29.03655204000006],[104.00567608999995,29.046805500000232],[103.98753311000002,29.041392850000022],[103.93793095000001,29.049628229999996],[103.93041598000013,29.05661513000007],[103.91936232,29.04769570999997],[103.88991551999999,29.050137260000213],[103.88072232000002,29.06122985999997],[103.89494535,29.07902282999993],[103.88283065000002,29.089460990000305],[103.88190463000012,29.10028178000016],[103.87016377999998,29.104796080000085],[103.86521295,29.098908650000226],[103.8256941300001,29.096367879999946],[103.80783981000002,29.127742379999916],[103.79278454000013,29.135113110000134],[103.79027557,29.14361890999993],[103.74976776,29.15152512000003],[103.75815343,29.166018910000048],[103.75216377000004,29.170034269999917],[103.76260216000003,29.18166014999997],[103.73977626000004,29.20629721000006],[103.75279662000014,29.222424540000247],[103.75308609000012,29.235372290000043],[103.76698866000004,29.247085200000015],[103.76680517,29.256600409999976],[103.73695574000004,29.264437780000094],[103.71482109000004,29.25275092999999],[103.69264019000013,29.273604190000015],[103.70294122999996,29.280759690000195],[103.69255655999996,29.294116540000118],[103.70956409000013,29.298649339999997],[103.71643832000012,29.307889810000177],[103.72566996000012,29.301973610000232],[103.73993029999997,29.32614888000012],[103.76986251,29.32074786999999],[103.77904512000003,29.306638690000227],[103.77918248000003,29.3258435300001],[103.79633612999999,29.32943330000029],[103.81881771999991,29.321915180000133],[103.82291442000013,29.32917727000006],[103.83454210000014,29.330199430000107],[103.83025444999993,29.338587230000257],[103.84786283000005,29.332334960000026],[103.86977590000004,29.295010939999997],[103.88097435000009,29.29587525000011],[103.88250243000005,29.32038946],[103.91513995000003,29.324509840000246],[103.91966955000004,29.338556460000007],[103.91360260000005,29.343775840000035],[103.90876949,29.337056460000042],[103.90608627,29.35523426000009],[103.92440983,29.377198580000197],[103.91179183999998,29.37582577000029],[103.89920102000002,29.391060310000114],[103.90602644000006,29.4023711600002],[103.92030311000002,29.406452349999995],[103.93783024000004,29.401180310000257],[103.94668966000012,29.409695220000287],[103.93291609000005,29.421911910000176],[103.93127663000007,29.432655700000225],[103.94285419000005,29.451101370000003],[103.96219780000001,29.45191096000002],[103.97025865999996,29.464149800000143],[103.98083984000004,29.456982200000027],[103.99205445000001,29.460657900000058],[104.00324203000002,29.451114560000008],[104.00441730000006,29.43781361999993],[104.01319174000008,29.437139670000136],[104.01957009000006,29.44524708],[104.01350599,29.452090290000115],[104.02090837999998,29.448157839999965],[104.02607074000008,29.456149610000068],[104.05021351999994,29.459320750000074]],[[104.13068866999998,29.402123640000127],[104.13012796999999,29.402424750000193],[104.12993775000007,29.402112670000122],[104.13068367000011,29.402052669999932],[104.13068866999998,29.402123640000127]]],[[[103.87531605999999,29.080923429999984],[103.87412738,29.06910863000013],[103.8483651200001,29.06793772000026],[103.86286358000012,29.078904350000073],[103.87531605999999,29.080923429999984]]]]},"properties":{"nameZh":"犍为县","nameEn":"犍为县","code":"511123000000","severity":"general","severityZh":"一般灾区","severityEn":"Generally affected","disasterTypeZh":"一般灾区","landformBasinShare":0.9815634218289085,"landformMountainShare":0.018436578171091445,"landformPlateauShare":0.0,"settlementBasinShare":0.9923444976076555,"settlementMountainShare":0.007655502392344498,"settlementPlateauShare":0.0,"landformTypeZh":"盆地县","donorBasin":1,"donorMountain":0,"donorPlateau":0,"labelEn":"","landformTypeEn":"Basin county"}},{"type":"Feature","geometry":{"type":"MultiPolygon","coordinates":[[[[104.24746962,29.63886974000019],[104.23631500000005,29.639105370000152],[104.24844486000006,29.624378620000243],[104.21335238000012,29.614633319999996],[104.17988241999996,29.636028590000308],[104.16551721000013,29.60084766],[104.13674331000004,29.595303720000288],[104.16441088000005,29.56072284000004],[104.14562182999993,29.530470530000002],[104.13294503999998,29.528161070000067],[104.1336932800001,29.52245537999994],[104.14860206000014,29.524808809999968],[104.15349285999997,29.517650270000104],[104.1462449,29.506724240000267],[104.15958113999994,29.511418910000202],[104.16409997000011,29.5007628300001],[104.15209826000006,29.47511329000008],[104.13332008999993,29.49271938000021],[104.12607036999998,29.490840930000218],[104.13077770000007,29.495201860000066],[104.12375847999999,29.501091839999958],[104.09085783000006,29.46643488000001],[104.06056286000006,29.47464820000016],[104.04941553999998,29.458077930000286],[104.02607074000008,29.456149610000068],[104.02090837999998,29.448157839999965],[104.01350599,29.452090290000115],[104.01957009000006,29.44524708],[104.01319174000008,29.437139670000136],[104.00441730000006,29.43781361999993],[104.00324203000002,29.451114560000008],[103.99205445000001,29.460657900000058],[103.98245615000002,29.4567705500001],[103.96540637999993,29.462885389999997],[103.96219780000001,29.45191096000002],[103.94582226000011,29.44794517000014],[103.93544748000005,29.46628689000022],[103.90525860000014,29.458254550000163],[103.89362772000004,29.475205420000066],[103.87680580000011,29.47975617999998],[103.87676039999991,29.488867040000116],[103.89419226000001,29.488677460000076],[103.89392477000007,29.50036627999998],[103.90883192000001,29.502782140000022],[103.91002159000004,29.516507880000063],[103.92536239000015,29.5298671500002],[103.93428747999997,29.522946919999924],[103.93259410000002,29.53689595999998],[103.94574592000004,29.535657660000027],[103.9425949300001,29.547377299999994],[103.95178775000005,29.55186087000027],[103.9465240400001,29.55973116000024],[103.96698419000012,29.56482507999999],[103.95510685000005,29.570584719999943],[103.96595405999994,29.575136260000136],[103.96214767999999,29.581520960000148],[103.94545588,29.579261560000248],[103.94568601000003,29.5868416200002],[103.95535007000012,29.597506360000068],[103.96645787000006,29.589465220000193],[103.97005845000012,29.60725504000004],[103.98516978000004,29.618230450000283],[103.97014223999992,29.630121290000204],[103.97007321000007,29.63642578999992],[103.97968637000002,29.638739010000222],[103.96666358000004,29.653584609999996],[103.97227106000003,29.656902570000284],[103.97517704000012,29.68562798000005],[103.96795985,29.69135473000017],[103.99024450000002,29.712570389999996],[103.98659732000004,29.722059710000167],[103.97907566000009,29.73151034999995],[103.97243067000011,29.72611813000003],[103.94821076000005,29.73392549999994],[103.95602775000003,29.754577120000192],[103.95113793999991,29.762969080000175],[103.93674242000009,29.752179150000018],[103.89585301000011,29.750350680000054],[103.89962092999997,29.77091228000012],[103.91133443000012,29.77347098000007],[103.90127498000004,29.78624645000002],[103.92181876000001,29.794481710000014],[103.93259226000004,29.807496200000003],[103.92562707000002,29.828349600000024],[103.95978667000003,29.829944169999976],[103.94833489000001,29.84606316999998],[103.95983439000008,29.85770724999992],[103.98065405,29.852965880000227],[104.00499868000003,29.873979450000206],[104.02672046999999,29.87597247000025],[104.04091533999997,29.865546310000184],[104.04840298000005,29.870958790000202],[104.05455498999999,29.853021890000036],[104.0414472600001,29.83320705999995],[104.06672379999998,29.831010420000098],[104.07375274999998,29.816818500000068],[104.08618405000004,29.816146770000046],[104.07128948000013,29.788373790000037],[104.05945458000002,29.78167755999999],[104.08685571000001,29.74624347000008],[104.10518485000011,29.745125809999934],[104.13486752000006,29.712138430000095],[104.14875522000006,29.709323910000307],[104.15837886999998,29.718940359999976],[104.18736442,29.711027470000033],[104.18395039000012,29.68962448999997],[104.20054199999998,29.695277240000166],[104.19493494,29.68675508000007],[104.20046601000007,29.669206650000092],[104.21385559000004,29.668203080000012],[104.21439680000003,29.676108950000298],[104.2271364,29.67836567000012],[104.22867073999998,29.664148960000148],[104.23777926000008,29.659482860000253],[104.23217953,29.653135790000192],[104.24325730999999,29.65018553999994],[104.23819089,29.645277500000304],[104.24746962,29.63886974000019]]],[[[104.16449571999999,29.49912721999999],[104.16430537000002,29.498988930000053],[104.16418320000008,29.49909270000012],[104.16448770000005,29.499241160000167],[104.16449571999999,29.49912721999999]]],[[[104.14694354000005,29.47274047000002],[104.14650982000006,29.47279072000009],[104.1468744,29.47342404000011],[104.14704769000014,29.47335037000005],[104.14694354000005,29.47274047000002]]]]},"properties":{"nameZh":"井研县","nameEn":"井研县","code":"511124000000","severity":"general","severityZh":"一般灾区","severityEn":"Generally affected","disasterTypeZh":"一般灾区","landformBasinShare":1.0,"landformMountainShare":0.0,"landformPlateauShare":0.0,"settlementBasinShare":1.0,"settlementMountainShare":0.0,"settlementPlateauShare":0.0,"landformTypeZh":"盆地县","donorBasin":1,"donorMountain":0,"donorPlateau":0,"labelEn":"","landformTypeEn":"Basin county"}},{"type":"Feature","geometry":{"type":"MultiPolygon","coordinates":[[[[103.71295285000002,29.87178032999998],[103.72144440000005,29.861346459999936],[103.71160690000005,29.85302599000022],[103.72863909000012,29.850951930000008],[103.72710018999999,29.816878520000216],[103.73886589,29.81379912],[103.73763704999993,29.805380330000276],[103.74638195,29.799772850000295],[103.74442899000007,29.79077896000007],[103.73129716000011,29.784112750000247],[103.73315885999995,29.77409180000012],[103.71991882999998,29.78130349000014],[103.68670752000008,29.775394899999924],[103.68608955000008,29.761064810000164],[103.70347055000008,29.739958779999995],[103.70260021000001,29.71709282000006],[103.71713547000007,29.71905730000026],[103.71889013999993,29.712336590000177],[103.69647364000008,29.69888385000013],[103.70455758999998,29.68723659000011],[103.69479692000004,29.68310182999994],[103.70492027000012,29.677796050000097],[103.6912700900001,29.67511757999995],[103.67877228000003,29.65777834000005],[103.63002641000003,29.655709979999983],[103.60917296000014,29.633675510000103],[103.59863730000006,29.64705874000026],[103.58669866000008,29.64773595000014],[103.57852773000013,29.65896041000019],[103.52642444999992,29.68992672000013],[103.51327414000008,29.708725250000157],[103.49014704000001,29.72319689000028],[103.45037537000002,29.72501231000001],[103.42962401000005,29.716028800000117],[103.38831023,29.6699044100003],[103.37155210000003,29.680328900000006],[103.35997618000005,29.678182440000057],[103.34843319999993,29.70207707000003],[103.34222258999995,29.70037138999993],[103.34592051000004,29.682639340000037],[103.33263991000007,29.675023479999993],[103.3199690400001,29.684690600000124],[103.3246685800001,29.690948330000083],[103.30216556999994,29.67984006000006],[103.30303692000012,29.689796489999992],[103.29395236000005,29.697066830000267],[103.30223523000006,29.70905614999998],[103.29823748000001,29.7323288300002],[103.31543915000009,29.747734110000295],[103.30789947000011,29.7551559100001],[103.31354631999994,29.774413140000092],[103.32858474000011,29.785522279999952],[103.33134062000005,29.796762890000082],[103.35690718000012,29.802033170000072],[103.37838053999997,29.795157280000126],[103.39382095999997,29.808058019999976],[103.4071593000001,29.80003806000002],[103.39984927000012,29.79360558000019],[103.40619036000004,29.77953794000007],[103.41360696999993,29.782569860000308],[103.42525670000003,29.77519183000004],[103.43167116999996,29.763255430000072],[103.43708831999999,29.774839210000152],[103.42823357999993,29.790383680000048],[103.43062956000011,29.82313282000007],[103.46692144999997,29.823830950000286],[103.48257617000013,29.81701296999995],[103.50152768999999,29.827117470000246],[103.51098705000004,29.845098350000114],[103.53044884000002,29.843381539999996],[103.53041879000006,29.86801408000008],[103.51254407000005,29.883264970000027],[103.52120253000004,29.887132530000088],[103.53987925000013,29.873493989999986],[103.5699742000001,29.873622950000026],[103.58269167000003,29.885187500000086],[103.56975303000007,29.898352760000137],[103.59129651000006,29.908072109999978],[103.58520088,29.921049780000146],[103.60885744999996,29.91204171999999],[103.61972887000013,29.92101618000021],[103.64695692000004,29.92424651999994],[103.64607963000009,29.93100190000007],[103.66174251000001,29.928067609999914],[103.67577296000002,29.922373930000106],[103.67422541000008,29.907033240000203],[103.69057544000003,29.901607179999928],[103.69485753000009,29.885374389999924],[103.70849823000003,29.881238710000048],[103.71295285000002,29.87178032999998]]],[[[103.51482640000006,29.865017400000113],[103.51912497000012,29.85629613000026],[103.51374679000008,29.852498949999926],[103.50414721000004,29.859848220000174],[103.51482640000006,29.865017400000113]]]]},"properties":{"nameZh":"夹江县","nameEn":"夹江县","code":"511126000000","severity":"general","severityZh":"一般灾区","severityEn":"Generally affected","disasterTypeZh":"一般灾区","landformBasinShare":0.7368421052631579,"landformMountainShare":0.2631578947368421,"landformPlateauShare":0.0,"settlementBasinShare":0.8530405405405406,"settlementMountainShare":0.14695945945945946,"settlementPlateauShare":0.0,"landformTypeZh":"盆地县","donorBasin":1,"donorMountain":0,"donorPlateau":0,"labelEn":"","landformTypeEn":"Basin county"}},{"type":"Feature","geometry":{"type":"Polygon","coordinates":[[[104.12834830999998,29.02389776000001],[104.11921612000003,29.001192760000265],[104.12154254999996,28.969167550000293],[104.10784637000006,28.95424476000011],[104.07007612000007,28.97045257000002],[104.05940615000009,28.968391970000027],[104.07372193000009,28.923929300000054],[104.08228166000009,28.917421539999964],[104.02883986,28.888869460000137],[104.03156547000015,28.860000129999946],[104.02163425000015,28.848532490000252],[103.99837049000001,28.856529650000027],[103.99832730000014,28.840520610000112],[103.98382248000013,28.84126979000007],[103.97702643000002,28.834662469999955],[103.98694781000006,28.830221530000244],[103.98818826000002,28.80810066999993],[103.99599241000004,28.79934017000022],[103.98326699,28.802815100000146],[103.97782426999999,28.79543917000001],[103.95439800000003,28.790939670000057],[103.94972808,28.77662386000003],[103.93162216000007,28.767280550000237],[103.82676999000012,28.848954760000197],[103.80044072999999,28.906940359999965],[103.72515479000009,28.875145210000028],[103.71100812000003,28.86086417000024],[103.63890979999996,28.861745090000284],[103.63931422000002,28.88118782000015],[103.64772862000012,28.889923350000117],[103.64597380000004,28.909590240000227],[103.66300157000006,28.93714786000004],[103.6637723400001,28.971895960000097],[103.64244049000007,28.98884972000002],[103.64135906000013,29.008182190000014],[103.60291561000003,29.02232307999992],[103.59809451000012,29.046149020000087],[103.56673482999997,29.040661690000093],[103.55707493000006,29.045021760000054],[103.55657964000011,29.058764939999946],[103.58377367000003,29.083968840000068],[103.58511802000004,29.135095410000076],[103.57492824000002,29.144039310000096],[103.54982688000001,29.14359178000001],[103.54303954999995,29.16628920000022],[103.56644183000003,29.216820170000005],[103.59888858000011,29.192597980000073],[103.65004374,29.18960144999994],[103.66436214000004,29.19558054000015],[103.66422402999996,29.207212210000307],[103.65175476999997,29.21529347000012],[103.65703781000013,29.226053040000068],[103.67285040000002,29.216693790000193],[103.67576450000007,29.235289810000154],[103.73565073000009,29.263964690000023],[103.75368891000011,29.264487980000013],[103.76810212999999,29.252147450000166],[103.73977626000004,29.20629721000006],[103.76260216000003,29.18166014999997],[103.75216377000004,29.170034269999917],[103.75815343,29.166018910000048],[103.74976776,29.15152512000003],[103.79027557,29.14361890999993],[103.79278454000013,29.135113110000134],[103.80783981000002,29.127742379999916],[103.8256941300001,29.096367879999946],[103.86521295,29.098908650000226],[103.87016377999998,29.104796080000085],[103.88190463000012,29.10028178000016],[103.88283065000002,29.089460990000305],[103.89494535,29.07902282999993],[103.88072232000002,29.06122985999997],[103.88991551999999,29.050137260000213],[103.91936232,29.04769570999997],[103.93041598000013,29.05661513000007],[103.93793095000001,29.049628229999996],[103.98753311000002,29.041392850000022],[104.00567608999995,29.046805500000232],[104.02963310000013,29.03655204000006],[104.05241293000006,29.05056775999992],[104.08931283999993,29.050023320000207],[104.10656899000008,29.022742740000012],[104.12834830999998,29.02389776000001]],[[103.87531605999999,29.080923429999984],[103.86286358000012,29.078904350000073],[103.8483651200001,29.06793772000026],[103.87412738,29.06910863000013],[103.87531605999999,29.080923429999984]]]},"properties":{"nameZh":"沐川县","nameEn":"沐川县","code":"511129000000","severity":"general","severityZh":"一般灾区","severityEn":"Generally affected","disasterTypeZh":"一般灾区","landformBasinShare":0.4232394366197183,"landformMountainShare":0.5767605633802817,"landformPlateauShare":0.0,"settlementBasinShare":0.6049046321525886,"settlementMountainShare":0.39509536784741145,"settlementPlateauShare":0.0,"landformTypeZh":"混合县","donorBasin":1,"donorMountain":1,"donorPlateau":0,"labelEn":"","landformTypeEn":"Mixed landform county"}},{"type":"Feature","geometry":{"type":"Polygon","coordinates":[[[103.43546918999999,29.2909113500001],[103.45105327999994,29.296375809999972],[103.46857720000003,29.319603170000164],[103.50291339000012,29.259583810000095],[103.52387760000005,29.256304750000027],[103.53350897000007,29.266342040000097],[103.55050697000001,29.252619589999938],[103.56644183000003,29.216820170000005],[103.54408961999997,29.169726890000106],[103.54408115000001,29.155284870000287],[103.54982688000001,29.14359178000001],[103.57492824000002,29.144039310000096],[103.58511802000004,29.135095410000076],[103.58220230000006,29.081676750000156],[103.55344678000006,29.05234450000023],[103.52262449000011,29.068170599999974],[103.49453336000005,29.06182135000006],[103.47770957,29.068766380000056],[103.44268862000013,29.0688859400002],[103.43183045,29.05675186000002],[103.40163816999996,29.04812123000022],[103.39159114,29.029748410000252],[103.37121699,29.038523990000158],[103.35217377999999,29.010176549999983],[103.33579024999995,28.998695780000048],[103.31586988000004,28.990890939999986],[103.2719668200001,28.989588970000284],[103.25211396000009,28.96418277999993],[103.24313111000004,28.9327325000001],[103.24586518999996,28.91855888999993],[103.26611643000012,28.89624280000021],[103.22863324000008,28.861529590000032],[103.23668261000012,28.81676686000003],[103.22307297000009,28.807261609999955],[103.18788790999997,28.831109640000022],[103.15044302000007,28.83325713000005],[103.12851428000005,28.82646882000006],[103.10923679000001,28.81366148999996],[103.10190048999999,28.76849585000025],[103.06852343000008,28.739938100000074],[103.06779441999998,28.70230452000004],[103.04927879000007,28.672932480000213],[103.03050736,28.669065629999977],[102.9948055700001,28.683312639999997],[102.98687073000013,28.67482453000008],[102.9609165600001,28.684530110000026],[102.93663349999997,28.743454110000016],[102.94259378999999,28.769888320000177],[102.92266455000004,28.813626660000295],[102.94023212000002,28.863931509999986],[102.92722965000013,28.90550327000028],[102.94585611000008,28.92892824000029],[102.90947960999995,29.0105300700003],[102.9106424900001,29.033437250000077],[102.98684179000003,29.075333209999997],[103.01666745000011,29.121987620000027],[103.03620741999998,29.137423679999984],[103.04341291000003,29.163356830000055],[103.10913837000004,29.21425122000005],[103.1185895000001,29.236926780000033],[103.12715847999999,29.239816760000053],[103.12671548000009,29.284149600000205],[103.14043496999994,29.287671120000255],[103.21131935,29.238124860000084],[103.23289889000006,29.27403278000014],[103.22613653000008,29.294341570000256],[103.20248291999997,29.308047050000027],[103.19886073999999,29.31825292999997],[103.2044161500001,29.325649610000028],[103.26791823999997,29.33108991000023],[103.28081914,29.31561523000005],[103.30338527999999,29.327457450000054],[103.31494364000014,29.316915290000168],[103.33575686000006,29.312269669999978],[103.32860748000002,29.292331289999993],[103.33600758,29.277026530000228],[103.35124807999995,29.283667770000307],[103.37388907000013,29.31060866000024],[103.40469059999992,29.301820640000187],[103.41746543,29.28986984000028],[103.43546918999999,29.2909113500001]]]},"properties":{"nameZh":"峨边彝族自治县","nameEn":"峨边彝族自治县","code":"511132000000","severity":"general","severityZh":"一般灾区","severityEn":"Generally affected","disasterTypeZh":"一般灾区","landformBasinShare":0.0,"landformMountainShare":0.7562105263157894,"landformPlateauShare":0.24378947368421053,"settlementBasinShare":0.0,"settlementMountainShare":0.9947916666666666,"settlementPlateauShare":0.005208333333333333,"landformTypeZh":"中山县","donorBasin":0,"donorMountain":1,"donorPlateau":0,"labelEn":"","landformTypeEn":"Mountain county"}},{"type":"Feature","geometry":{"type":"Polygon","coordinates":[[[103.55344678000006,29.05234450000023],[103.56673482999997,29.040661690000093],[103.59809451000012,29.046149020000087],[103.60291561000003,29.02232307999992],[103.63874146000006,29.010338570000272],[103.64309712000005,28.98781846999998],[103.66338325000004,28.97291989000024],[103.66300157000006,28.93714786000004],[103.64597380000004,28.909590240000227],[103.64772862000012,28.889923350000117],[103.63931422000002,28.88118782000015],[103.63890979999996,28.861745090000284],[103.71100812000003,28.86086417000024],[103.72515479000009,28.875145210000028],[103.79782843000004,28.907633609999948],[103.80668277000007,28.90073871000004],[103.82676999000012,28.848954760000197],[103.78629995000006,28.82567024000025],[103.76233143000002,28.82514610000004],[103.75870157000003,28.818366280000077],[103.76728876000004,28.802611240000147],[103.74746058000005,28.770661399999995],[103.71058184000015,28.760578809999913],[103.6997138700001,28.750044500000172],[103.71380618000012,28.74177408999992],[103.72299081000011,28.716323400000192],[103.71615882000009,28.70751487000001],[103.7221136,28.70017607999995],[103.7034065100001,28.69876904000006],[103.70235879000012,28.693142970000167],[103.71796468000008,28.69282770000001],[103.72536917000008,28.683749900000123],[103.69073301000009,28.65316783999998],[103.68357112000007,28.638247740000054],[103.67130572000008,28.64034783000011],[103.61415612999997,28.61815272000007],[103.61195231000005,28.600889760000086],[103.58986171999999,28.617947210000125],[103.55871973000006,28.610452120000105],[103.52860055000002,28.615623220000032],[103.52718572000003,28.59397895000029],[103.50208298000013,28.563737440000068],[103.42740114999998,28.535055279999938],[103.41960476000008,28.51479269999993],[103.44062343000013,28.495649360000186],[103.43075247999997,28.456188949999955],[103.3861734400001,28.42392631000024],[103.37091208999999,28.425266350000072],[103.35479985,28.444181930000013],[103.33592045000006,28.448475000000144],[103.29754693000007,28.52501884999998],[103.28582448000009,28.536397730000203],[103.25205567000006,28.544615490000126],[103.24467046000007,28.553218150000134],[103.24091357000009,28.596781110000165],[103.27415002000009,28.62058238000003],[103.30863457999999,28.70534655000006],[103.3314549800001,28.725090320000106],[103.33440632000003,28.737965520000103],[103.27169016999994,28.80723922000027],[103.23662968000002,28.815349850000075],[103.22863324000008,28.861529590000032],[103.26611643000012,28.89624280000021],[103.24412898000003,28.92290832000009],[103.24851203999992,28.956850929999916],[103.2719668200001,28.989588970000284],[103.31586988000004,28.990890939999986],[103.33579024999995,28.998695780000048],[103.35217377999999,29.010176549999983],[103.37121699,29.038523990000158],[103.39159114,29.029748410000252],[103.40163816999996,29.04812123000022],[103.43183045,29.05675186000002],[103.44268862000013,29.0688859400002],[103.47770957,29.068766380000056],[103.49453336000005,29.06182135000006],[103.52262449000011,29.068170599999974],[103.55344678000006,29.05234450000023]]]},"properties":{"nameZh":"马边彝族自治县","nameEn":"马边彝族自治县","code":"511133000000","severity":"general","severityZh":"一般灾区","severityEn":"Generally affected","disasterTypeZh":"一般灾区","landformBasinShare":0.0,"landformMountainShare":0.9398692810457516,"landformPlateauShare":0.06013071895424837,"settlementBasinShare":0.0,"settlementMountainShare":1.0,"settlementPlateauShare":0.0,"landformTypeZh":"中山县","donorBasin":0,"donorMountain":1,"donorPlateau":0,"labelEn":"","landformTypeEn":"Mountain county"}},{"type":"Feature","geometry":{"type":"Polygon","coordinates":[[[103.61186613000007,29.6334778800001],[103.62031801,29.613486399999942],[103.60812779000003,29.61248500000005],[103.59728160999998,29.57740125000015],[103.57115296000012,29.571216890000017],[103.58182517000012,29.55439101999997],[103.56838369000013,29.53601849000023],[103.5549416500001,29.53900314000009],[103.54781710000003,29.533595600000126],[103.55155475999999,29.515478219999977],[103.53389778000013,29.50202780999996],[103.55760939000004,29.499553760000083],[103.55852772999998,29.474464480000222],[103.52395624000002,29.450595450000037],[103.50660779000003,29.426105010000185],[103.49806430999996,29.426982949999967],[103.4939695600001,29.443963120000205],[103.49492588999999,29.431754170000033],[103.48433668000013,29.409771270000192],[103.46879459000007,29.397840090000102],[103.46445345000006,29.380282650000083],[103.45049761999996,29.384062620000236],[103.43159111000011,29.37646034000022],[103.43514678999998,29.36391091000013],[103.42309069000004,29.352816940000253],[103.43546918999999,29.2909113500001],[103.41746543,29.28986984000028],[103.40469059999992,29.301820640000187],[103.37388907000013,29.31060866000024],[103.35124807999995,29.283667770000307],[103.33600758,29.277026530000228],[103.32860748000002,29.292331289999993],[103.33575686000006,29.312269669999978],[103.31494364000014,29.316915290000168],[103.30338527999999,29.327457450000054],[103.28081914,29.31561523000005],[103.26791823999997,29.33108991000023],[103.26004510000013,29.326270740000098],[103.23576739000009,29.331895390000057],[103.2044161500001,29.325649610000028],[103.19886073999999,29.31825292999997],[103.18808145999998,29.325251470000126],[103.17455583000014,29.375382349999995],[103.18470306000006,29.40131548000005],[103.17776701000008,29.43797940999997],[103.18446784000014,29.476971930000218],[103.19650768999998,29.485942570000077],[103.25687075000002,29.481260590000147],[103.27572815999991,29.488384389999965],[103.29210809000006,29.509609570000066],[103.25768561000012,29.514153070000305],[103.26934219000003,29.534949860000097],[103.25443521000011,29.559577650000165],[103.26970594000011,29.578263989999925],[103.26583201,29.598806290000198],[103.27487816999997,29.605145809999954],[103.29681213000003,29.602568810000093],[103.3000846000001,29.611314880000066],[103.32364520999994,29.622645680000005],[103.33659448000009,29.636831190000066],[103.33510589000002,29.654402559999994],[103.36787052000005,29.67302185000011],[103.39100831000013,29.670829000000026],[103.42962401000005,29.716028800000117],[103.45037537000002,29.72501231000001],[103.49014704000001,29.72319689000028],[103.51327414000008,29.708725250000157],[103.52642444999992,29.68992672000013],[103.61186613000007,29.6334778800001]]]},"properties":{"nameZh":"峨眉山市","nameEn":"峨眉山市","code":"511181000000","severity":"general","severityZh":"一般灾区","severityEn":"Generally affected","disasterTypeZh":"一般灾区","landformBasinShare":0.23737373737373738,"landformMountainShare":0.7626262626262627,"landformPlateauShare":0.0,"settlementBasinShare":0.5402750491159135,"settlementMountainShare":0.45972495088408644,"settlementPlateauShare":0.0,"landformTypeZh":"中山县","donorBasin":0,"donorMountain":1,"donorPlateau":0,"labelEn":"","landformTypeEn":"Mountain county"}},{"type":"Feature","geometry":{"type":"Polygon","coordinates":[[[105.02755626000004,29.475236929999994],[105.03923723999998,29.46638872000011],[105.0190619600001,29.46173179000027],[105.02386481000013,29.44226285000002],[105.00149296000006,29.436003780000135],[104.98683120999999,29.440679939999995],[104.95906472000013,29.41954103000029],[104.93370327000014,29.44872543000008],[104.92297549999995,29.438513550000152],[104.90462592999995,29.439459130000216],[104.89904474000002,29.450303380000037],[104.86935314000004,29.46194557000001],[104.87130179999997,29.474673779999932],[104.84535285000004,29.47023015999997],[104.83363434999995,29.483819720000156],[104.82910284000002,29.505060959999923],[104.86037817999994,29.50707164000022],[104.87317652000002,29.525912680000204],[104.85922425000007,29.536469100000033],[104.86253835999997,29.54488955000005],[104.85769029999994,29.53953267000003],[104.84991492,29.546522789999983],[104.84076319000008,29.569715599999995],[104.89110365000005,29.59642514999996],[104.89453130999999,29.604741530000297],[104.88187092999999,29.615557470000113],[104.89603754000007,29.63239488000022],[104.91162253999994,29.629706350000163],[104.90584762000015,29.620862290000048],[104.91088253999999,29.615641709999977],[104.92326242000007,29.616214570000125],[104.94952411999998,29.652306910000163],[104.98299229999998,29.67464393000023],[104.99190706000002,29.67139291000001],[105.00477411000008,29.66354149999995],[104.99547493,29.620446040000274],[105.00942896999993,29.63397787000008],[105.02279364000015,29.6337142000001],[105.02959303999995,29.603360500000235],[105.04302368999993,29.585179670000173],[105.05877384999997,29.59478137000002],[105.06742661000004,29.59194894000018],[105.06667735000002,29.55853318000004],[105.07869458999994,29.553509930000075],[105.08853496000006,29.558776999999964],[105.09911592999993,29.53931865000027],[105.08341678000005,29.513294650000148],[105.07798256000001,29.524938390000045],[105.06392940000006,29.528149300000166],[105.06378586000005,29.545909660000063],[105.04763259000009,29.554118570000014],[105.04157771000001,29.535434640000062],[105.02578206999993,29.5290676300001],[105.04183696000001,29.511910510000007],[105.03400051999995,29.494285680000303],[104.99827715000004,29.53366467999996],[104.99023587999994,29.531296020000298],[105.00642787999999,29.496386200000018],[105.01971942,29.493258440000034],[105.02755626000004,29.475236929999994]]]},"properties":{"nameZh":"市中区","nameEn":"Neijiang","code":"511002000000","severity":"general","severityZh":"????","severityEn":"Generally affected","disasterTypeZh":"????","landformTypeZh":"混合县","displayNameZh":"?????","donorBasin":1,"donorMountain":0,"donorPlateau":0,"labelEn":"Neijiang","landformTypeEn":"Mixed landform county"}},{"type":"Feature","geometry":{"type":"MultiPolygon","coordinates":[[[[105.42027916000006,29.690128150000078],[105.39689824999999,29.674089249999952],[105.38575085000008,29.679031720000182],[105.37978016000005,29.671870290000243],[105.38964173903878,29.653760705289812],[105.37323139,29.644843700000138],[105.37478033000008,29.625289370000075],[105.35085182,29.629266330000178],[105.33368428000011,29.610599340000192],[105.33822246750498,29.606218147733784],[105.33206725000008,29.59422640000014],[105.32108371200007,29.59920880300018],[105.3266038380001,29.60606611100019],[105.3175222100001,29.61233672000003],[105.30789013999998,29.59600462000003],[105.31421834000008,29.58080282000003],[105.29367614000006,29.574161860000174],[105.28648052000011,29.555790890000026],[105.29097661741753,29.536673578504917],[105.27744401000012,29.53106453000015],[105.27980050000002,29.512380379999968],[105.27263668000006,29.51218117000002],[105.26851460000006,29.522433630000137],[105.25908156000008,29.520529560000114],[105.25301575000003,29.5341943600003],[105.23932373000014,29.542478090000202],[105.24607572000014,29.502892990000134],[105.2673061000001,29.48235678000026],[105.26779070000003,29.472288030000072],[105.25543524000005,29.461730090000117],[105.24372461000007,29.473883800000124],[105.23236994000013,29.46868667000018],[105.21129616000013,29.47332381000001],[105.18163519000001,29.46632160000007],[105.17802565999995,29.44739514999992],[105.13865149000014,29.451667470000302],[105.12313602,29.447019090000083],[105.10973077,29.457300440000267],[105.09500938999997,29.444337190000056],[105.09299485999992,29.46309712000027],[105.0811522300001,29.469986060000224],[105.05686063999997,29.46353239000001],[105.04486301000009,29.468431140000177],[105.03963678000002,29.484187570000017],[105.02755626000004,29.475236929999994],[105.02129355,29.491385809999997],[105.00670660000014,29.496010530000206],[104.98985305000008,29.523602229999995],[104.99023587999994,29.531296020000298],[104.99827715000004,29.53366467999996],[105.03400051999995,29.494285680000303],[105.04183696000001,29.511910510000007],[105.02578206999993,29.5290676300001],[105.04157771000001,29.535434640000062],[105.04763259000009,29.554118570000014],[105.06378586000005,29.545909660000063],[105.06392940000006,29.528149300000166],[105.07798256000001,29.524938390000045],[105.08341678000005,29.513294650000148],[105.09903108000003,29.538128089999987],[105.08853496000006,29.558776999999964],[105.07869458999994,29.553509930000075],[105.06667735000002,29.55853318000004],[105.06742661000004,29.59194894000018],[105.05877384999997,29.59478137000002],[105.04302368999993,29.585179670000173],[105.02959303999995,29.603360500000235],[105.02279364000015,29.6337142000001],[105.00942896999993,29.63397787000008],[104.99547493,29.620446040000274],[105.00477411000008,29.66354149999995],[104.98033713000001,29.68104036000028],[104.99909214999997,29.69545196000024],[104.98523621999999,29.709289250000097],[104.99892953000005,29.722755430000007],[105.04798524000012,29.727432560000068],[105.04759833000008,29.73260051000011],[105.07342899000002,29.740482860000043],[105.10083260000005,29.77668028000005],[105.09622512000004,29.815327630000127],[105.11104777000008,29.819085750000056],[105.11987213999993,29.833277000000066],[105.1722453800001,29.849290760000258],[105.21399696000015,29.84748891000021],[105.23398715999997,29.824669800000038],[105.23030185000005,29.806720390000123],[105.26810754000013,29.79850109000023],[105.28529527000012,29.800899170000037],[105.29560111,29.823409930000082],[105.31788532999991,29.824164160000123],[105.32873545000007,29.81370721000019],[105.34638239000003,29.81208585000013],[105.35687353999998,29.83673879000014],[105.36992908999997,29.82715510000014],[105.37952135,29.799328260000095],[105.40087192999994,29.79438305000002],[105.38986096999997,29.749703140000122],[105.41283264999998,29.724488810000025],[105.41080587999994,29.70938826999992],[105.41682846000003,29.70901642000007],[105.41325000000006,29.70008749000027],[105.42027916000006,29.690128150000078]]],[[[105.25214432000007,29.507614339999975],[105.25200568000014,29.504244800000095],[105.24856198999993,29.502769950000072],[105.24873654999999,29.50725303000013],[105.25214432000007,29.507614339999975]]],[[[105.03499172000011,29.471309620000113],[105.03467082999998,29.47475380999998],[105.03815993000006,29.475906810000197],[105.03713609000005,29.47318152000014],[105.03499172000011,29.471309620000113]]]]},"properties":{"nameZh":"东兴区","nameEn":"Neijiang","code":"511011000000","severity":"general","severityZh":"一般灾区","severityEn":"Generally affected","disasterTypeZh":"一般灾区","landformBasinShare":1.0,"landformMountainShare":0.0,"landformPlateauShare":0.0,"settlementBasinShare":1.0,"settlementMountainShare":0.0,"settlementPlateauShare":0.0,"landformTypeZh":"盆地县","donorBasin":1,"donorMountain":0,"donorPlateau":0,"labelEn":"Neijiang","landformTypeEn":"Basin county"}},{"type":"Feature","geometry":{"type":"MultiPolygon","coordinates":[[[[104.84116953000012,29.570440080000253],[104.84991492,29.546522789999983],[104.85769029999994,29.53953267000003],[104.86253835999997,29.54488955000005],[104.85922425000007,29.536469100000033],[104.87317652000002,29.525912680000204],[104.86037817999994,29.50707164000022],[104.84061386999997,29.509160490000227],[104.82718501,29.50226154000012],[104.84535285000004,29.47023015999997],[104.83228030000004,29.434226070000307],[104.82210678000007,29.438081990000114],[104.82139460000013,29.44785175000004],[104.81123549999995,29.44777697000029],[104.80517040000012,29.460297110000226],[104.78364989999994,29.46035446999997],[104.7625541000001,29.449797190000083],[104.76273669000011,29.456715920000022],[104.75338631000005,29.46062335000022],[104.73597106000011,29.436335290000216],[104.74541620000002,29.438204859999985],[104.74077227999999,29.4325835300001],[104.74932374000002,29.422718819999943],[104.74743006,29.41484094000009],[104.74052844000005,29.41477293000031],[104.75423688000012,29.41258698000007],[104.74854140000014,29.404033800000093],[104.76337864999994,29.409241640000232],[104.75475757000004,29.38929094000008],[104.75699756000006,29.37678679000004],[104.73689100000001,29.38593605000017],[104.74123185000002,29.364204250000057],[104.70875490000014,29.364179930000205],[104.69965702000002,29.369623010000055],[104.70591650000011,29.380575290000138],[104.69667088,29.382765189999986],[104.69392807000008,29.37728289000006],[104.68536017999998,29.39046843],[104.67969125000002,29.37935924000027],[104.67450049000007,29.38111907000001],[104.67535140000012,29.390114340000196],[104.66573274000007,29.391501000000176],[104.67096772999997,29.40181422000012],[104.66441397000006,29.412085209999987],[104.66247830999993,29.40462889000031],[104.64535267999997,29.412808520000112],[104.61765498000011,29.447793560000036],[104.60846311,29.44311964000002],[104.60884598000007,29.432524800000238],[104.59086156000006,29.4343803000001],[104.58575847000009,29.425867100000232],[104.56993478999999,29.444560130000013],[104.55564038,29.434576549999974],[104.5447033800001,29.44524990000008],[104.5377945400001,29.433059480000054],[104.54697789,29.425564720000068],[104.5277450100001,29.422125950000293],[104.50733576000005,29.458813710000243],[104.54221295000013,29.44964528000014],[104.53231735000008,29.459497940000006],[104.53745579999998,29.481357320000143],[104.52953128000013,29.48437923000006],[104.52670128000011,29.522627469999975],[104.48001879000009,29.56621797000014],[104.49108839000007,29.585340080000094],[104.48633977999992,29.604088090000232],[104.46805797000002,29.612045090000265],[104.4327509200001,29.603630960000032],[104.42006673000009,29.618831380000074],[104.40974402000006,29.615355350000243],[104.39135641000013,29.623371340000006],[104.37915027000003,29.609789649999982],[104.38098263000012,29.58674130000003],[104.34509337999998,29.564440920000038],[104.32441626000013,29.59394077000013],[104.31199470000001,29.59687134000012],[104.30840126000004,29.609276130000126],[104.26934198999999,29.6139325500003],[104.27814367999991,29.61666630999997],[104.26718084000004,29.63517232000015],[104.28197071000005,29.670136160000084],[104.28859407000004,29.66828688000021],[104.31770676999992,29.71220950999998],[104.33374770000006,29.700870039999984],[104.34774147000007,29.704314880000084],[104.33430814000008,29.72487767000007],[104.35617470000005,29.74004295000003],[104.36962664000004,29.737131920000024],[104.39511221999999,29.750910780000027],[104.41309755000009,29.734801720000178],[104.4407577,29.73664784999994],[104.45396531,29.749486760000195],[104.45417903000009,29.764787169999977],[104.46704363999993,29.78753807999999],[104.48414160999994,29.78958270000021],[104.49470667000014,29.799263110000027],[104.51834512000005,29.77842206000031],[104.5653133300001,29.785760849999974],[104.5661464100001,29.77412329000026],[104.58402810000013,29.771165869999948],[104.59010840999997,29.74929903000009],[104.59771415000006,29.754206820000093],[104.59358731000003,29.76548837000024],[104.60491676000004,29.775380229999996],[104.61399805000002,29.762580440000136],[104.62732084999993,29.777470100000073],[104.6371702300001,29.7764596400001],[104.63676551999998,29.74924182000018],[104.66300933000002,29.723477039999977],[104.68066541999997,29.726759860000016],[104.69518820000008,29.686964450000175],[104.68472291,29.680913050000072],[104.68968636999995,29.667792050000116],[104.69877883999999,29.666483089999986],[104.70427819000008,29.63369286000011],[104.71790748999996,29.610183130000223],[104.76670645000013,29.602624900000308],[104.77782744000012,29.58899315000002],[104.79022456000001,29.59254163999998],[104.80209737000007,29.576605380000046],[104.84116953000012,29.570440080000253]]],[[[104.78342438999994,29.597092100000282],[104.78308828000002,29.597235640000065],[104.78317630000004,29.5974646800002],[104.78364746000011,29.597302320000267],[104.78342438999994,29.597092100000282]]],[[[104.7830462500001,29.59751350000016],[104.78287919000013,29.597763220000218],[104.78333830999992,29.598257630000262],[104.78339633000013,29.598159740000142],[104.7830462500001,29.59751350000016]]],[[[104.69064708000008,29.676672380000184],[104.68939087000001,29.676496620000023],[104.68960517,29.67754701000007],[104.69134596999999,29.67716906000004],[104.69064708000008,29.676672380000184]]],[[[104.69133605000002,29.676025320000292],[104.69017055000006,29.675741420000065],[104.68979566999997,29.676047009999934],[104.69123632999998,29.67653938000001],[104.69133605000002,29.676025320000292]]]]},"properties":{"nameZh":"威远县","nameEn":"Neijiang","code":"511024000000","severity":"general","severityZh":"一般灾区","severityEn":"Generally affected","disasterTypeZh":"一般灾区","landformBasinShare":1.0,"landformMountainShare":0.0,"landformPlateauShare":0.0,"settlementBasinShare":1.0,"settlementMountainShare":0.0,"settlementPlateauShare":0.0,"landformTypeZh":"盆地县","donorBasin":1,"donorMountain":0,"donorPlateau":0,"labelEn":"Neijiang","landformTypeEn":"Basin county"}},{"type":"Feature","geometry":{"type":"MultiPolygon","coordinates":[[[[104.95225421000009,29.996480560000066],[104.97349725000004,29.995958290000033],[104.99065735000005,29.9797178500001],[105.01781883000012,29.979412170000046],[105.05039126000008,29.9465190800002],[105.07132289000003,29.94652238000009],[105.06075636000008,29.925038420000305],[105.08720994000004,29.913724739999964],[105.09671708000008,29.898478890000092],[105.0953775800001,29.879995520000023],[105.07730768999994,29.885313300000234],[105.07965069,29.87097818000001],[105.09138115999997,29.851464259999943],[105.12225620000004,29.833224470000175],[105.11104777000008,29.819085750000056],[105.09622512000004,29.815327630000127],[105.10083260000005,29.77668028000005],[105.07318456000002,29.740253130000042],[105.04759833000008,29.73260051000011],[105.04798524000012,29.727432560000068],[104.99892953000005,29.722755430000007],[104.98523621999999,29.709289250000097],[104.99909214999997,29.69545196000024],[104.98253878000008,29.686628700000085],[104.98299229999998,29.67464393000023],[104.94952411999998,29.652306910000163],[104.92407239999994,29.61686849],[104.91088253999999,29.615641709999977],[104.90584762000015,29.620862290000048],[104.91162253999994,29.629706350000163],[104.89603754000007,29.63239488000022],[104.88187092999999,29.615557470000113],[104.89453130999999,29.604741530000297],[104.89110365000005,29.59642514999996],[104.84116953000012,29.570440080000253],[104.80209737000007,29.576605380000046],[104.79022456000001,29.59254163999998],[104.77782744000012,29.58899315000002],[104.76670645000013,29.602624900000308],[104.71790748999996,29.610183130000223],[104.70427819000008,29.63369286000011],[104.69877883999999,29.666483089999986],[104.68968636999995,29.667792050000116],[104.68472291,29.680913050000072],[104.69518820000008,29.686964450000175],[104.68066541999997,29.726759860000016],[104.66300933000002,29.723477039999977],[104.63676551999998,29.74924182000018],[104.6371702300001,29.7764596400001],[104.62732084999993,29.777470100000073],[104.61399805000002,29.762580440000136],[104.60491676000004,29.775380229999996],[104.59358731000003,29.76548837000024],[104.59771415000006,29.754206820000093],[104.59010840999997,29.74929903000009],[104.58402810000013,29.771165869999948],[104.5661464100001,29.77412329000026],[104.5653133300001,29.785760849999974],[104.51834512000005,29.77842206000031],[104.49470667000014,29.799263110000027],[104.49983499000007,29.810833330000264],[104.47494065000001,29.813920960000132],[104.48116570000013,29.857273620000115],[104.50020116000002,29.874324230000298],[104.49216796000007,29.88409981000018],[104.50081066000001,29.900163090000206],[104.48664295000015,29.90813759000008],[104.48646778000005,29.923607710000226],[104.47071958999999,29.937422620000007],[104.47886793000004,29.940942310000082],[104.47778484000014,29.94725215000028],[104.45768736000014,29.954847160000213],[104.47668801999998,29.991495870000108],[104.44994232000005,30.00010162000001],[104.45878162000008,30.020476740000106],[104.45519200000007,30.026736330000062],[104.46470583999997,30.03729061000024],[104.4660082100001,30.029182920000153],[104.49695565000007,30.025373580000064],[104.49565349999995,30.038615760000084],[104.50628712000014,30.041549550000184],[104.52369107000004,30.02785940000024],[104.5215293500001,30.017590400000017],[104.53073923000005,30.00202598000027],[104.54507835000004,30.011315720000084],[104.56609660000004,29.998384070000043],[104.57396681,29.962884010000096],[104.55966118000015,29.95471491000029],[104.5606547800001,29.939809610000168],[104.56899890000005,29.939294940000025],[104.5667863600001,29.94544314999996],[104.57731974000001,29.95473303],[104.59140373000002,29.952447959999915],[104.60443737999998,29.935795710000036],[104.61131166999996,29.944767940000077],[104.62881494999993,29.943830640000158],[104.64153412000002,29.96023897000009],[104.64963179,29.959254269999974],[104.65922407,29.946776870000008],[104.65797452999999,29.93409938000002],[104.67008350000003,29.931963410000037],[104.65959793000002,29.924124510000183],[104.67520549999995,29.904183240000293],[104.68477145000008,29.90498231000015],[104.68680640000008,29.922144190000097],[104.70644733999995,29.93596607000029],[104.70240194999991,29.941811880000273],[104.67302568000008,29.942110620000108],[104.67745752999997,29.96600597000014],[104.68917655000007,29.95734648000024],[104.72791272,29.95120661000027],[104.73438183000007,29.941530730000295],[104.71426267000004,29.936587940000038],[104.7133960600001,29.930069079999953],[104.72235205999999,29.92465960000004],[104.74165741000002,29.93548018000024],[104.74560965,29.91196205999995],[104.76112996000006,29.911063470000045],[104.75961913000009,29.903220960000056],[104.77657389999996,29.892743070000165],[104.76907354000008,29.885115470000017],[104.79582521999998,29.882879750000313],[104.77790242999993,29.864085709999927],[104.78220557999998,29.85981687000003],[104.78646285000002,29.865291000000013],[104.79133893000005,29.85121756999996],[104.80637784000004,29.85576057999998],[104.78973611999993,29.87105221000013],[104.79888456999998,29.879420760000073],[104.80218148000012,29.87234452000007],[104.81810206,29.877606760000106],[104.83725381999994,29.86967297000001],[104.82538303000007,29.888262020000127],[104.84317403000006,29.89658555000011],[104.86186276000007,29.89386740000009],[104.86525332999992,29.88674917000003],[104.86071391000002,29.90103056000021],[104.87816780999998,29.91662914000011],[104.88033462000004,29.909847070000126],[104.89163954999998,29.90901733000004],[104.88167772999998,29.898716400000012],[104.89593487000013,29.90399547000021],[104.89733973,29.91776026000008],[104.91788407000007,29.925192310000057],[104.92435049000005,29.936445719999995],[104.91085718000005,29.94123685000011],[104.90907388000011,29.928758910000113],[104.90091502000007,29.928149050000286],[104.89911986000004,29.935708990000137],[104.9051426900001,29.938315149999937],[104.90047484000007,29.943556840000042],[104.92211628000013,29.94997397000003],[104.91482765000012,29.962443200000052],[104.92951470000014,29.962062020000133],[104.92999649000001,29.980166290000284],[104.95002697000001,29.98766846999996],[104.95225421000009,29.996480560000066]],[[104.90499061000014,29.902668970000036],[104.90652611999997,29.90584843000022],[104.90310506000009,29.907938230000298],[104.90250311,29.90321347000014],[104.90499061000014,29.902668970000036]],[[104.78342438999994,29.597092100000282],[104.78364746000011,29.597302320000267],[104.78317630000004,29.5974646800002],[104.78308828000002,29.597235640000065],[104.78342438999994,29.597092100000282]],[[104.7830462500001,29.59751350000016],[104.78339633000013,29.598159740000142],[104.78333830999992,29.598257630000262],[104.78287919000013,29.597763220000218],[104.7830462500001,29.59751350000016]],[[104.69064708000008,29.676672380000184],[104.69134596999999,29.67716906000004],[104.68960517,29.67754701000007],[104.68939087000001,29.676496620000023],[104.69064708000008,29.676672380000184]],[[104.69133605000002,29.676025320000292],[104.69123632999998,29.67653938000001],[104.68979566999997,29.676047009999934],[104.69017055000006,29.675741420000065],[104.69133605000002,29.676025320000292]]],[[[104.48009199000006,29.85507664000005],[104.47953655000015,29.85508505000024],[104.47959861999993,29.857099110000263],[104.48055111000008,29.856867869999974],[104.48009199000006,29.85507664000005]]]]},"properties":{"nameZh":"资中县","nameEn":"Neijiang","code":"511025000000","severity":"general","severityZh":"一般灾区","severityEn":"Generally affected","disasterTypeZh":"一般灾区","landformBasinShare":1.0,"landformMountainShare":0.0,"landformPlateauShare":0.0,"settlementBasinShare":1.0,"settlementMountainShare":0.0,"settlementPlateauShare":0.0,"landformTypeZh":"盆地县","donorBasin":1,"donorMountain":0,"donorPlateau":0,"labelEn":"Neijiang","landformTypeEn":"Basin county"}},{"type":"Feature","geometry":{"type":"Polygon","coordinates":[[[105.29097661741753,29.536673578504917],[105.30141803700013,29.53460449400012],[105.31545407653186,29.515080932671253],[105.3166870600001,29.481016409999995],[105.3340740693701,29.46672173152831],[105.32314546600014,29.44891422400002],[105.33341438500008,29.44407898300028],[105.345142243,29.452228462000164],[105.35332022900002,29.445987802999923],[105.36177514100007,29.460604016000218],[105.38665202700014,29.45909146000031],[105.39547892000013,29.441303400000038],[105.38440935000011,29.442674890000035],[105.38516463000008,29.434493590000045],[105.36938420900009,29.42351397099992],[105.42278428700013,29.421964969000214],[105.43946305400016,29.401741755000103],[105.44006249,29.38904501999997],[105.42857566999993,29.382300839999914],[105.43338642000009,29.367434360000004],[105.41497953999999,29.354980870000247],[105.41648173388569,29.317054630133384],[105.39160765000008,29.311195479999924],[105.39742478,29.303655320000075],[105.38439334000003,29.301422160000072],[105.39172959000007,29.291848149999964],[105.37905345000001,29.283138140000176],[105.36195091000013,29.2956397600002],[105.33476101000002,29.283870209999975],[105.31332938000008,29.264880020000078],[105.28421728000006,29.221138800000062],[105.28261971000006,29.193831940000052],[105.26370821000012,29.19158199000003],[105.23236612,29.218401210000252],[105.22189806,29.215076190000104],[105.22840802000007,29.211615800000118],[105.22441621999997,29.20669447000006],[105.20015617000001,29.221080250000227],[105.19121503000002,29.214359790000003],[105.20191833000013,29.238260520000097],[105.19410557000009,29.247668680000118],[105.16620675000013,29.256154270000025],[105.15725740000005,29.265564100000006],[105.13649201999999,29.26753070000001],[105.1298934400001,29.260655209999925],[105.12310502000008,29.27760337000018],[105.12937299999999,29.284537200000102],[105.1098476900001,29.288573460000293],[105.11509985999999,29.308323220000148],[105.10100934000013,29.31098579000019],[105.10560146000012,29.318249740000056],[105.07990300000012,29.33075051000003],[105.08249065999996,29.339476460000128],[105.06554288999996,29.34009508000031],[105.06914577999999,29.354117040000176],[105.06041191999998,29.367295000000013],[105.04469768000007,29.37108793999994],[105.04708552000011,29.381863660000022],[105.0321964900001,29.385686020000094],[105.0436564100001,29.411363560000098],[105.06200970000003,29.4164440200002],[105.07144631000011,29.40799459000027],[105.07715930000012,29.41138343000017],[105.08101388,29.424946470000066],[105.06002911000013,29.44240258000002],[105.06453548000013,29.456946829999936],[105.05997611999999,29.464276980000193],[105.0811522300001,29.469986060000224],[105.09166751000004,29.464689520000036],[105.09500938999997,29.444337190000056],[105.10973077,29.457300440000267],[105.12313602,29.447019090000083],[105.13865149000014,29.451667470000302],[105.17802565999995,29.44739514999992],[105.18163519000001,29.46632160000007],[105.21129616000013,29.47332381000001],[105.23236994000013,29.46868667000018],[105.24372461000007,29.473883800000124],[105.25543524000005,29.461730090000117],[105.26779070000003,29.472288030000072],[105.2673061000001,29.48235678000026],[105.24607572000014,29.502892990000134],[105.23833156000012,29.540795450000246],[105.25301575000003,29.5341943600003],[105.25908156000008,29.520529560000114],[105.26992681000002,29.521605770000008],[105.27423926,29.51142889999994],[105.28158582000015,29.519358330000216],[105.27744401000012,29.53106453000015],[105.29097661741753,29.536673578504917]],[[105.38353824999996,29.291681150000215],[105.38300409000004,29.292203150000034],[105.38230029000005,29.291637000000094],[105.38445387000007,29.29035046000024],[105.38353824999996,29.291681150000215]],[[105.38309017000006,29.288379640000244],[105.38434107999996,29.289659990000132],[105.38434106999995,29.289876849999928],[105.38203094999994,29.28804558000013],[105.38309017000006,29.288379640000244]],[[105.36138628000015,29.29639105000018],[105.36074387999992,29.296779700000002],[105.36041376999998,29.295739850000302],[105.36084763999997,29.296362820000127],[105.36138628000015,29.29639105000018]],[[105.25214432000007,29.507614339999975],[105.24873654999999,29.50725303000013],[105.24856198999993,29.502769950000072],[105.25200568000014,29.504244800000095],[105.25214432000007,29.507614339999975]]]},"properties":{"nameZh":"隆昌市","nameEn":"Neijiang","code":"511083000000","severity":"general","severityZh":"一般灾区","severityEn":"Generally affected","disasterTypeZh":"一般灾区","landformBasinShare":1.0,"landformMountainShare":0.0,"landformPlateauShare":0.0,"settlementBasinShare":1.0,"settlementMountainShare":0.0,"settlementPlateauShare":0.0,"landformTypeZh":"盆地县","donorBasin":1,"donorMountain":0,"donorPlateau":0,"labelEn":"Neijiang","landformTypeEn":"Basin county"}},{"type":"Feature","geometry":{"type":"Polygon","coordinates":[[[102.38573112000012,27.885190830000056],[102.38220620999999,27.87357420000012],[102.36920171000008,27.865604750000273],[102.39733035000006,27.847803740000188],[102.40269481000001,27.82799322000028],[102.38547814999998,27.829408250000085],[102.38614620999999,27.81363822000003],[102.37792535,27.807934610000075],[102.38953955000011,27.77212494000014],[102.4139949200001,27.768637770000282],[102.41557272000011,27.71627787],[102.40832413000004,27.705810000000213],[102.3795714900001,27.69399173000005],[102.34745065000004,27.61416424000015],[102.34846499000008,27.575698269999975],[102.31088710000006,27.58142544000009],[102.29530554000013,27.559502620000217],[102.28133023000004,27.55274274000027],[102.21051876000001,27.5491401700001],[102.18943494000007,27.560825600000044],[102.18503442999997,27.58208206000006],[102.1525167800001,27.572413740000172],[102.13518140999997,27.582049069999982],[102.11906041999998,27.55390786000021],[102.10052564000011,27.544717640000272],[102.06501079000009,27.549973390000275],[102.03010482000013,27.568528680000043],[101.99633726000002,27.56373001000003],[102.00421041000004,27.580796380000265],[101.99004439999999,27.60102289000031],[102.00454921000005,27.61770464999995],[102.01066501000014,27.698673650000217],[102.05149269999998,27.709632300000294],[102.05187453000013,27.72365821000011],[102.04083802999997,27.734750160000203],[102.01735876999993,27.740653969999983],[101.99901777000014,27.72811630000001],[101.95977857000008,27.74265656999995],[101.93540487999991,27.739741390000177],[101.90320351000014,27.821857889999933],[101.87926354000012,27.825368290000142],[101.89165923000007,27.853740850000065],[101.88690295000004,27.862435129999994],[101.84567249000008,27.87399897000006],[101.84227019000014,27.89171813000013],[101.86522041000012,27.908634560000223],[101.87373686000007,27.926561920000097],[101.86807751000009,27.937455420000106],[101.83536921000007,27.95050315000003],[101.82768641000013,27.965372450000018],[101.83382355000009,27.98196684000027],[101.85779259999998,27.998961090000023],[101.85888441000009,28.010775650000028],[101.84876305,28.016166400000202],[101.81670479000013,28.010853660000066],[101.77803903000012,28.020645280000053],[101.77854219,28.038494650000246],[101.7679774,28.058322210000313],[101.79120826000013,28.099225990000036],[101.79298746000006,28.13535853000002],[101.80921220999994,28.14661604000014],[101.83568002999999,28.110093390000202],[101.86572378,28.091608210000174],[101.88143420999995,28.092069769999966],[101.90685020000006,28.110555650000265],[101.92664882000003,28.159271859999933],[101.93964240000008,28.17214889000013],[101.99320930000005,28.153859389999923],[102.00327865000008,28.13526020000006],[102.01528435000006,28.12921267000013],[102.07680790000006,28.13679430000019],[102.10346124,28.11921494000012],[102.11807206000009,28.130604810000193],[102.14337625000002,28.17419960000018],[102.17451509,28.170403480000118],[102.20028606999995,28.180982320000226],[102.21255338000014,28.14576792000014],[102.20998867000003,28.128561020000006],[102.1930996000001,28.106497049999973],[102.19210141000008,28.07659458000012],[102.20565422000004,28.02687751000002],[102.19787558000002,28.013017480000258],[102.20834467000009,28.007017000000076],[102.21674926000003,27.975317019999977],[102.23281642,27.964131740000198],[102.25660835000002,28.00004008999997],[102.29431414999999,28.034022170000014],[102.30249142000014,28.031687620000127],[102.29520980000001,28.000039300000253],[102.29936895000003,27.96663891999998],[102.29408959000006,27.904986170000143],[102.31403608,27.89148265],[102.35888912000001,27.89622030999999],[102.38573112000012,27.885190830000056]]]},"properties":{"nameZh":"西昌市","nameEn":"西昌市","code":"513401000000","severity":"unaffected","severityZh":"???","severityEn":"Unaffected","disasterTypeZh":"未受灾","landformBasinShare":0.17422930377554555,"landformMountainShare":0.7603048146865258,"landformPlateauShare":0.06546588153792865,"settlementBasinShare":0.46569178852643417,"settlementMountainShare":0.530933633295838,"settlementPlateauShare":0.003374578177727784,"landformTypeZh":"中山县","donorBasin":0,"donorMountain":1,"donorPlateau":0,"labelEn":"","landformTypeEn":"Mountain county"}},{"type":"Feature","geometry":{"type":"Polygon","coordinates":[[[101.10372545000007,29.13606107000004],[101.11664343000007,29.114772000000016],[101.11463012000007,29.07352388000004],[101.13707135000004,29.05643379999998],[101.13962401000003,29.035903970000277],[101.15342620000001,29.02455996000009],[101.1436521600001,29.002730589999942],[101.15867070000002,28.950010430000077],[101.18354109000006,28.942000120000046],[101.17918437999998,28.904086539999923],[101.19155372000012,28.89668141000027],[101.17104305999999,28.8446149800003],[101.17016662000015,28.814018430000203],[101.17499347,28.784470169999963],[101.18832716999992,28.765303560000063],[101.20435118000006,28.756831169999998],[101.19838177999998,28.723643410000136],[101.20827640999994,28.69931790000021],[101.19720037000013,28.656075190000024],[101.23536676000003,28.671088800000064],[101.27542462000008,28.66906710000012],[101.29995442,28.676787640000157],[101.32058711000008,28.669321670000045],[101.34465769000008,28.67297129000002],[101.36739251,28.650995060000184],[101.36579493999994,28.63249792000005],[101.4253840500001,28.649568520000116],[101.44397900999996,28.62876650000004],[101.47115932000003,28.634839709999994],[101.48808703999998,28.63015239999993],[101.51528124000009,28.592742560000147],[101.54924685000003,28.60298006000022],[101.55955830000005,28.588412609999978],[101.57391464000005,28.58585059000029],[101.59721581999992,28.551413620000233],[101.6187083100001,28.54129912000019],[101.61623445000004,28.51305289000004],[101.62839466000003,28.493172080000022],[101.59304067,28.478835480000043],[101.56842699000003,28.477817740000035],[101.51374336000003,28.497613240000135],[101.47192096000015,28.502424070000075],[101.46750199999991,28.50886302999993],[101.42567620000011,28.50827894999992],[101.41318425000003,28.524845340000013],[101.36607977000006,28.47572427],[101.36662602999996,28.46920752000011],[101.37120157000004,28.465017160000173],[101.42249056000014,28.49301176000006],[101.43118866000003,28.48581632000014],[101.45260369000005,28.414394899999934],[101.46649352999998,28.40772170000008],[101.48038160999994,28.321943860000033],[101.50808072000012,28.31821940000026],[101.53879992000003,28.327645039999936],[101.61872531000006,28.378547020000042],[101.6302093700001,28.358529410000244],[101.66599928,28.355424740000217],[101.64687511000005,28.336753010000052],[101.64246580000008,28.27598100000006],[101.64708427000011,28.254947950000258],[101.64015777000009,28.209190910000075],[101.61692966999999,28.15976175999998],[101.58512093000002,28.139810310000144],[101.58160594000014,28.127732100000173],[101.55593873000004,28.12494254000029],[101.54091347000013,28.09886899999998],[101.51814642,28.084939080000083],[101.51414251,28.060500190000027],[101.48610549,28.05209260999999],[101.48367525000015,28.03678415000013],[101.49189533000015,28.016988260000176],[101.48652233000001,28.005579419999947],[101.50220675000008,27.99488443000007],[101.50346518000015,27.985572600000182],[101.47159084000003,27.959780060000014],[101.43065897999992,27.951388560000055],[101.43350586999992,27.923078429999975],[101.37772786,27.909198390000142],[101.38502820000008,27.887641739999992],[101.3937532600001,27.89133329000009],[101.41120218999998,27.884873710000306],[101.42453756000003,27.870154459999924],[101.42741122999996,27.82353866000011],[101.44374933,27.8003671000003],[101.43938178999991,27.786315090000073],[101.41220969000005,27.760855730000117],[101.39476001000008,27.762531610000053],[101.3855500900001,27.755646690000276],[101.36170283000013,27.78681342000027],[101.35448829000006,27.78689741000011],[101.3372921300001,27.770732199999998],[101.32730968999999,27.739293740000107],[101.29107812000012,27.713682360000007],[101.25425808000006,27.717864220000138],[101.2354663700001,27.691107920000206],[101.20409677999999,27.677017090000163],[101.16769125999997,27.72684372000026],[101.17339396,27.74445878000023],[101.14923632000011,27.747310830000117],[101.13246439000011,27.767107730000134],[101.11728073,27.766226850000294],[101.09915522000011,27.779814970000132],[101.07936164,27.77578577999998],[101.02600837000011,27.823343379999926],[101.00402918000003,27.83592567000005],[100.98106950999994,27.837378009999952],[100.95510762999999,27.859807550000028],[100.91558745000003,27.876919730000168],[100.89381824000003,27.899850870000137],[100.86556127000011,27.897732870000254],[100.85521499000004,27.911551370000154],[100.86451768000006,27.921285769999997],[100.85704754,27.934060320000015],[100.83818318000004,27.93013936999995],[100.82518893999992,27.93987486000009],[100.80344306000012,27.89323800000011],[100.7670485700001,27.889350569999976],[100.76060752000006,27.90500985000017],[100.74308336999997,27.91071500000004],[100.74056639000008,27.876365460000102],[100.71823822000005,27.861750990000075],[100.69867180000011,27.87263389000009],[100.70320314000003,27.89026596000025],[100.68880935999994,27.913422140000023],[100.67923461999999,27.91734152000015],[100.67867878000004,27.92774047000006],[100.65334034999995,27.914081760000272],[100.63260345000015,27.918619760000013],[100.60803135600008,27.87987276000024],[100.60606171153177,27.859645148802826],[100.54533466000004,27.812165129999983],[100.5355177400001,27.828203020000046],[100.51815676000001,27.824956970000244],[100.51053591000004,27.83050778000012],[100.50381765000003,27.85519105999998],[100.49443380000002,27.84809974999996],[100.4724284300001,27.86303679000025],[100.43117647999998,27.868442800000253],[100.42948365925827,27.85346181859586],[100.41090553800012,27.837994118000154],[100.40458636176078,27.807536162543727],[100.37561724400018,27.778851601999975],[100.37460119853375,27.75799169625344],[100.34949631000006,27.759274440000013],[100.33624052900808,27.72871431927041],[100.31217891000006,27.726092520000066],[100.29828155000001,27.739497280000023],[100.30591129999999,27.752041169999984],[100.30003534999997,27.773217190000082],[100.30331641000004,27.793676840000046],[100.28485332000008,27.809301080000182],[100.28880284409115,27.820793642956914],[100.30736115000002,27.833824440000114],[100.30131079646844,27.851727942152195],[100.3075699100001,27.864282400000093],[100.29371629000013,27.87299377000022],[100.28244924000012,27.86816617000028],[100.23514256999994,27.87259563999993],[100.20651479000003,27.882188199999973],[100.18229694000001,27.900925530000052],[100.16748842000004,27.90028767000024],[100.16865160916302,27.9110237598357],[100.19500123000006,27.938661730000263],[100.19071770000005,27.949876500000016],[100.12056289000003,28.021212610000077],[100.0850931700001,28.033903060000114],[100.06016779999999,28.086108660000036],[100.07071165999997,28.088794260000043],[100.09895002000002,28.05123377000001],[100.16423950000001,28.012277540000127],[100.17964687000011,27.995118580000053],[100.20058408999995,27.98760545000016],[100.22468951000013,27.990631720000067],[100.23332585000009,27.974483130000294],[100.2550696300001,27.964722950000066],[100.27552025,27.97583521000007],[100.30176958999994,28.01327595000015],[100.33574483000001,28.013528080000015],[100.34279315999999,28.021160260000215],[100.36578005000001,28.01520640000018],[100.3775172,28.01940165000019],[100.39530468000004,28.008832119999965],[100.42237268000002,28.012585340000214],[100.4242219300001,28.02969499000028],[100.38606003000001,28.136783690000016],[100.38003651000008,28.187670000000026],[100.36645049000003,28.209563760000037],[100.37148656,28.253769949999935],[100.40284199000001,28.281628380000143],[100.41582056000004,28.30473486000028],[100.40771312999999,28.319938660000048],[100.39008154000004,28.326222570000027],[100.38633107000004,28.337613359999978],[100.41935546000013,28.38983658000012],[100.42257615999995,28.423469500000124],[100.41616980000015,28.442892470000288],[100.43820239000007,28.45152194000019],[100.44853294,28.47807929000021],[100.49404683,28.507691560000012],[100.51376930000009,28.563073870000267],[100.52935945000002,28.57764898000005],[100.51896018000002,28.620051420000152],[100.52258919999991,28.674559429999988],[100.4871652000001,28.69965845000013],[100.47114870000007,28.69974294000002],[100.46762471,28.707878680000135],[100.49471720000003,28.717399139999998],[100.51048932999993,28.71261817000004],[100.52441289000001,28.729562420000093],[100.56173654999998,28.753047639999977],[100.59365276,28.74748826000007],[100.59437675000004,28.779992720000052],[100.58500783000005,28.785015380000004],[100.57893210000009,28.801431019999995],[100.59084136000013,28.81875904000003],[100.56276980000001,28.83687911000004],[100.55747624000008,28.864772050000283],[100.54061124000003,28.893167440000127],[100.54166088,28.922423340000307],[100.52923183000013,28.92774555000011],[100.52022194,28.9529112700003],[100.5437014800001,28.958530699999983],[100.57594745000006,28.948792069999968],[100.61319421000002,28.960373700000275],[100.63319424999997,28.993420540000045],[100.65699009000014,29.008746420000136],[100.64960802000007,29.023825660000284],[100.67604999000014,29.018877150000094],[100.69618843999996,29.000553050000065],[100.72142752999997,29.01199167000027],[100.74184525000004,29.007658960000242],[100.7610199500001,29.014952910000147],[100.77798238000008,29.01353581000012],[100.7962379700001,28.99250617000007],[100.81477144000007,28.993177189999983],[100.84452825000011,29.02390405],[100.84363371,29.032692450000297],[100.83121221000005,29.058563040000138],[100.77157549000003,29.066949290000025],[100.77157474999996,29.092533060000108],[100.80120277000003,29.11096024000011],[100.83624633,29.116093040000067],[100.88221690000006,29.149571560000254],[100.90240586000004,29.149613559999977],[100.91904556999998,29.137682160000054],[100.92119012000012,29.10272549000001],[100.93515637000002,29.091158320000034],[100.92729301000008,29.068756809999968],[100.93138068000007,29.06417918000011],[100.95829743000013,29.077326250000056],[101.01063812000007,29.131493389999946],[101.04862514000007,29.14856108999993],[101.0602661900001,29.172040830000242],[101.06542370999995,29.162653209999917],[101.09092855000011,29.153412290000063],[101.10372545000007,29.13606107000004]]]},"properties":{"nameZh":"木里藏族自治县","nameEn":"木里藏族自治县","code":"513422000000","severity":"unaffected","severityZh":"???","severityEn":"Unaffected","disasterTypeZh":"未受灾","landformBasinShare":0.0,"landformMountainShare":0.28774193548387095,"landformPlateauShare":0.712258064516129,"settlementBasinShare":0.0,"settlementMountainShare":0.8819444444444444,"settlementPlateauShare":0.11805555555555555,"landformTypeZh":"高原县","donorBasin":0,"donorMountain":0,"donorPlateau":1,"labelEn":"","landformTypeEn":"Plateau county"}},{"type":"Feature","geometry":{"type":"Polygon","coordinates":[[[101.79431596000006,28.137392690000127],[101.78882113999998,28.09197776000019],[101.7679774,28.058322210000313],[101.77955027000013,28.01944971000006],[101.81670479000013,28.010853660000066],[101.84876305,28.016166400000202],[101.85888441000009,28.010775650000028],[101.85779259999998,27.998961090000023],[101.83382355000009,27.98196684000027],[101.82768641000013,27.965372450000018],[101.83536921000007,27.95050315000003],[101.86807751000009,27.937455420000106],[101.87373686000007,27.926561920000097],[101.86522041000012,27.908634560000223],[101.84227019000014,27.89171813000013],[101.84567249000008,27.87399897000006],[101.88690295000004,27.862435129999994],[101.89165923000007,27.853740850000065],[101.87926354000012,27.825368290000142],[101.90320351000014,27.821857889999933],[101.93540487999991,27.739741390000177],[101.95977857000008,27.74265656999995],[101.99901777000014,27.72811630000001],[102.01735876999993,27.740653969999983],[102.04083802999997,27.734750160000203],[102.05207222000013,27.72202563000002],[102.05149269999998,27.709632300000294],[102.01066501000014,27.698673650000217],[102.00454921000005,27.61770464999995],[101.99004439999999,27.60102289000031],[102.00421041000004,27.580796380000265],[101.98982674000013,27.546933750000107],[101.96819398000008,27.454817110000022],[101.96966808000002,27.387385720000054],[101.93572808000005,27.31410405999992],[101.90106876000004,27.28851596999999],[101.88483775000003,27.259193119999964],[101.88488031999998,27.240970300000185],[101.87640841999996,27.22874434000005],[101.88148637,27.21362441000008],[101.87682501999996,27.19347239000001],[101.86156524,27.18638395000005],[101.86672186999999,27.175732630000198],[101.87804023999996,27.17346561000022],[101.87058351000013,27.134089260000223],[101.83162636999998,27.126188730000024],[101.81592377999999,27.105318890000035],[101.79616626,27.12195257000019],[101.76012363000001,27.136949420000064],[101.7428831100001,27.128290880000065],[101.69489420999997,27.138456630000064],[101.64359411999999,27.21577965000006],[101.64983458000012,27.227976150000075],[101.64168440000009,27.24869695999996],[101.65235191000005,27.259818350000046],[101.66322069999995,27.292431270000122],[101.65778670999993,27.317110610000213],[101.64413316000002,27.316709720000063],[101.64463597000002,27.327058970000166],[101.63249234,27.33078569000014],[101.63359535000012,27.343786900000282],[101.62218994000006,27.346504330000243],[101.58069189999998,27.33704646000018],[101.55693458000002,27.298931660000108],[101.52288307000009,27.27487539000009],[101.51308282000008,27.2332868700002],[101.49415954000006,27.231459940000207],[101.4665807400001,27.2420279400003],[101.4179235200001,27.219846899999993],[101.42519154000001,27.194065120000005],[101.41334933000002,27.1795788200003],[101.41116605000002,27.16348582000012],[101.39246460000004,27.148499600000036],[101.35440298000009,27.187431170000025],[101.33128663000002,27.183312629999932],[101.31395974999992,27.20091914000011],[101.29218110000005,27.19300098000008],[101.27815439,27.200844040000106],[101.23232443,27.180448090000084],[101.19587637000001,27.186638930000015],[101.16647366413366,27.168579161553453],[101.16668991000006,27.203096819999985],[101.14719859000007,27.201230130000113],[101.11732825000007,27.211999310000294],[101.07706423000013,27.197319319999963],[101.05661694000014,27.20285599999994],[101.05458579000009,27.215718489999972],[101.04081765000012,27.22499905000012],[101.04190251,27.248367080000037],[101.02537434000004,27.272470680000254],[101.02847334999996,27.297945970000058],[101.00810029000007,27.31646589000013],[101.02017481000007,27.336122769999974],[101.0185516200001,27.34818236000001],[100.99935910999994,27.35358090000011],[100.99041797000001,27.37749427],[100.96232050000015,27.406574480000018],[100.9502115300001,27.432810659999916],[100.95468242999999,27.447842380000225],[100.93554248999999,27.47279228000008],[100.91690448000008,27.473799560000145],[100.90013345999995,27.45698672000009],[100.90009365000003,27.488203569999996],[100.90790547999995,27.497977900000308],[100.91086569999993,27.52529975000016],[100.86694458,27.595407540000224],[100.85292656000007,27.600202230000264],[100.85408927999998,27.627192390000005],[100.82668503000008,27.61812181000022],[100.85050726000009,27.645831740000006],[100.8302124600001,27.65695900999998],[100.84704483000013,27.675559300000145],[100.82843889000009,27.687132400000053],[100.78793479000001,27.687626420000072],[100.78022611000011,27.697067980000043],[100.76993914000002,27.7540753400001],[100.75511197999992,27.774141750000013],[100.73713534000007,27.778555369999992],[100.70581683000012,27.804843270000106],[100.70579881000003,27.84352578000005],[100.71823822000005,27.861750990000075],[100.74056639000008,27.876365460000102],[100.74308336999997,27.91071500000004],[100.76060752000006,27.90500985000017],[100.7670485700001,27.889350569999976],[100.80344306000012,27.89323800000011],[100.82139610000002,27.937952370000005],[100.82996639999999,27.939431780000007],[100.83818318000004,27.93013936999995],[100.85594823999998,27.934757750000188],[100.86451768000006,27.921285769999997],[100.85521499000004,27.911551370000154],[100.86556127000011,27.897732870000254],[100.89381824000003,27.899850870000137],[100.91558745000003,27.876919730000168],[100.95510762999999,27.859807550000028],[100.98106950999994,27.837378009999952],[101.00402918000003,27.83592567000005],[101.02600837000011,27.823343379999926],[101.07936164,27.77578577999998],[101.09915522000011,27.779814970000132],[101.11728073,27.766226850000294],[101.13246439000011,27.767107730000134],[101.14923632000011,27.747310830000117],[101.17339396,27.74445878000023],[101.16769125999997,27.72684372000026],[101.20409677999999,27.677017090000163],[101.2354663700001,27.691107920000206],[101.25425808000006,27.717864220000138],[101.29107812000012,27.713682360000007],[101.32730968999999,27.739293740000107],[101.3372921300001,27.770732199999998],[101.35448829000006,27.78689741000011],[101.36170283000013,27.78681342000027],[101.3855500900001,27.755646690000276],[101.39476001000008,27.762531610000053],[101.41220969000005,27.760855730000117],[101.43938178999991,27.786315090000073],[101.44374933,27.8003671000003],[101.42741122999996,27.82353866000011],[101.42453756000003,27.870154459999924],[101.41120218999998,27.884873710000306],[101.3937532600001,27.89133329000009],[101.38502820000008,27.887641739999992],[101.37772786,27.909198390000142],[101.43350586999992,27.923078429999975],[101.43065897999992,27.951388560000055],[101.47159084000003,27.959780060000014],[101.50346518000015,27.985572600000182],[101.50220675000008,27.99488443000007],[101.48652233000001,28.005579419999947],[101.49189533000015,28.016988260000176],[101.48367525000015,28.03678415000013],[101.48610549,28.05209260999999],[101.51414251,28.060500190000027],[101.51814642,28.084939080000083],[101.54091347000013,28.09886899999998],[101.55593873000004,28.12494254000029],[101.58160594000014,28.127732100000173],[101.58512093000002,28.139810310000144],[101.61692966999999,28.15976175999998],[101.63823021000007,28.20002554000024],[101.64708427000011,28.254947950000258],[101.64276122000001,28.27830942999998],[101.68480189000002,28.251149810000243],[101.71251088000008,28.24568681000011],[101.71772053000001,28.224571540000284],[101.71220766000005,28.2021364900001],[101.72792109000005,28.148873990000084],[101.79431596000006,28.137392690000127]]]},"properties":{"nameZh":"盐源县","nameEn":"盐源县","code":"513423000000","severity":"unaffected","severityZh":"???","severityEn":"Unaffected","disasterTypeZh":"未受灾","landformBasinShare":0.09767718880285885,"landformMountainShare":0.5765336509827278,"landformPlateauShare":0.32578916021441334,"settlementBasinShare":0.5387755102040817,"settlementMountainShare":0.42448979591836733,"settlementPlateauShare":0.036734693877551024,"landformTypeZh":"混合县","donorBasin":1,"donorMountain":1,"donorPlateau":1,"labelEn":"","landformTypeEn":"Mixed landform county"}},{"type":"Feature","geometry":{"type":"Polygon","coordinates":[[[102.34846499000008,27.575698269999975],[102.36952436000013,27.527404040000192],[102.36669289999998,27.476006919999975],[102.41024471000014,27.406940310000095],[102.43688227000001,27.401170260000185],[102.44969525000005,27.388406609999947],[102.45673568000012,27.36772315000013],[102.45348056000006,27.34121911000028],[102.42958096000007,27.336829550000175],[102.42793991999997,27.331288480000183],[102.45443498000003,27.306025750000174],[102.44371379000006,27.285376859999985],[102.44284579999999,27.262210250000066],[102.4534281,27.22625400000004],[102.46575428000006,27.218066570000303],[102.46903557000013,27.18491542000004],[102.41710604000014,27.19030898000028],[102.41657508000009,27.145594200000005],[102.39304906000007,27.12741661000001],[102.36973717000001,27.092083400000092],[102.34198498000006,27.090123120000044],[102.31462689000006,27.068992509999987],[102.30532949000013,27.07175655000026],[102.29377649000008,27.123842350000245],[102.24521758000003,27.125563590000183],[102.23774350000002,27.109068110000294],[102.21181223000008,27.117753780000044],[102.20181387000008,27.134833270000115],[102.17658883000001,27.138592580000136],[102.16376923999997,27.18184218000016],[102.156859,27.1863382800002],[102.1209553000001,27.175163380000185],[102.11309805000013,27.162682050000058],[102.08458076999995,27.14976174000003],[102.0645088500001,27.1068449400002],[102.03619113000008,27.078357640000206],[102.02432644000004,27.096848800000203],[102.01230188000005,27.103523600000017],[101.99868239000006,27.100367600000197],[101.99237221000004,27.11867174000014],[101.97462138000003,27.125869990000126],[101.93805177000007,27.106964160000302],[101.92587487999992,27.14075419000011],[101.9395631800001,27.148754429999997],[101.9207798000001,27.184290060000194],[101.90705729000013,27.196285300000227],[101.91295975999998,27.216786720000073],[101.9009476,27.224235399999998],[101.91256108000005,27.24413345000005],[101.89954121999995,27.255609080000113],[101.89536686000008,27.27072719000006],[101.90106876000004,27.28851596999999],[101.93572808000005,27.31410405999992],[101.9625772,27.363703770000086],[101.97249923999993,27.424229390000107],[101.96819398000008,27.454817110000022],[101.99633726000002,27.56373001000003],[102.03010482000013,27.568528680000043],[102.06501079000009,27.549973390000275],[102.10052564000011,27.544717640000272],[102.11906041999998,27.55390786000021],[102.13518140999997,27.582049069999982],[102.1525167800001,27.572413740000172],[102.18503442999997,27.58208206000006],[102.18943494000007,27.560825600000044],[102.21051876000001,27.5491401700001],[102.28133023000004,27.55274274000027],[102.29530554000013,27.559502620000217],[102.31088710000006,27.58142544000009],[102.34846499000008,27.575698269999975]]]},"properties":{"nameZh":"德昌县","nameEn":"德昌县","code":"513424000000","severity":"unaffected","severityZh":"???","severityEn":"Unaffected","disasterTypeZh":"未受灾","landformBasinShare":0.045514223194748356,"landformMountainShare":0.899781181619256,"landformPlateauShare":0.05470459518599562,"settlementBasinShare":0.2222222222222222,"settlementMountainShare":0.7777777777777778,"settlementPlateauShare":0.0,"landformTypeZh":"中山县","donorBasin":0,"donorMountain":1,"donorPlateau":0,"labelEn":"","landformTypeEn":"Mountain county"}},{"type":"Feature","geometry":{"type":"MultiPolygon","coordinates":[[[[102.46903557000013,27.18491542000004],[102.48872394000006,27.17093782000012],[102.49576408000013,27.14969241000017],[102.52157886999998,27.136870690000308],[102.52138865,27.125636159999942],[102.50297651,27.102339670000106],[102.50289064000003,27.08908700000012],[102.53863014000001,27.06187021000028],[102.54816878999998,27.02307872000017],[102.54221483999993,26.98677017999995],[102.56469630000004,26.97583856],[102.56447083000006,26.947412100000065],[102.58702054000014,26.893607770000187],[102.60323508000005,26.88251495000003],[102.60650720000007,26.866316820000236],[102.63349312999998,26.858446930000127],[102.62490073999993,26.839206970000134],[102.62894452000006,26.820899950000126],[102.59748245000014,26.79566774],[102.60092636000013,26.781189950000055],[102.59334323000013,26.769731309999997],[102.60284566999997,26.76685290000023],[102.60346251000004,26.758967390000237],[102.59412844000008,26.758011420000003],[102.57678299000003,26.719905130000086],[102.56498311999997,26.71886269999999],[102.5598985100001,26.731734490000292],[102.53864689,26.731409830000246],[102.53308730000003,26.716758810000215],[102.54753160000001,26.710191440000017],[102.54524711000005,26.69679983000009],[102.52979746,26.685932799999932],[102.51715959000006,26.70615687999998],[102.50294193999997,26.687604160000035],[102.48864551999998,26.68727243000012],[102.48116244000005,26.677143440000123],[102.48310961000004,26.672219990000087],[102.49924947,26.677186970000207],[102.49161370000007,26.66190380000006],[102.46554464000013,26.676313640000046],[102.41958970999991,26.67390664000021],[102.41614291000002,26.640921660000004],[102.3488406400001,26.621975400000224],[102.34432238,26.615517750000038],[102.35298766000005,26.605325800000003],[102.34325709999996,26.59421232000028],[102.35278677999992,26.580798040000047],[102.35318512000003,26.547425850000195],[102.39308998000007,26.53605463000008],[102.39527196000012,26.51519244000002],[102.42601000000002,26.50105676999999],[102.42194184000004,26.488747300000057],[102.43873757000006,26.48905052000009],[102.44160964000002,26.497174630000302],[102.47583387000009,26.493985160000193],[102.48654836999998,26.47410248],[102.45242604000003,26.453388430000302],[102.4637903200001,26.43446592000015],[102.46164728000008,26.412343620000115],[102.42379275000008,26.395575000000008],[102.44726720000006,26.398366049999993],[102.47412894000001,26.391292169999986],[102.47708929000004,26.37377319000018],[102.48863939,26.36023080000001],[102.48548008000006,26.340039330000025],[102.52853097999997,26.344567770000253],[102.53605389,26.33932851999998],[102.4364644200001,26.30330574000004],[102.39250863000012,26.300505160000114],[102.34747182000001,26.247983279999914],[102.31205763000008,26.230668489999914],[102.24652215999998,26.218580960000054],[102.24021044290754,26.192030738424137],[102.17350804,26.150284120000094],[102.15072872532102,26.112806576743935],[102.13536644000004,26.111476260000074],[102.12934648999999,26.09029299000008],[102.1139070800001,26.08842038000006],[102.10611842017971,26.07137136349428],[102.06491723900007,26.07218221100004],[102.01922463999995,26.099559829999976],[101.95334515999997,26.087949560000197],[101.93345119000008,26.106041779999998],[101.91625526000001,26.111513170000308],[101.89839180200005,26.102729693000356],[101.86198669600009,26.055922677000126],[101.83396752500016,26.04927188900035],[101.83985368000003,26.103349580000213],[101.83048941000004,26.118322230000217],[101.84322623999998,26.14288078000004],[101.83691822999998,26.16076484000007],[101.8709545000001,26.185023370000124],[101.90820190999995,26.198774309999976],[101.90920946,26.211356550000062],[101.89892464000013,26.224865200000067],[101.90034056000002,26.24568229000016],[101.9204183,26.273917080000047],[101.92327429000005,26.305215739999937],[101.93407305000005,26.327873340000053],[101.92624293,26.36592914000005],[101.93770942000003,26.414465679999978],[101.92763990999998,26.42320530000012],[101.93848132000011,26.446910780000053],[101.95565934999996,26.459326350000083],[101.97645709000005,26.461639010000113],[101.99350554,26.434965900000122],[102.02155405999997,26.42637732000003],[102.03175319000007,26.474190130000125],[102.05141562,26.503179950000003],[102.03275959000001,26.53985166000001],[102.03255839000008,26.59474405000003],[102.00955861000006,26.602023680000002],[101.99946617000012,26.63780046000005],[101.9822201400001,26.641167460000304],[101.99403433000009,26.653850780000255],[101.98719676000013,26.662061730000175],[101.99128250000012,26.69326090000004],[102.00269431000004,26.702967210000224],[102.00429992,26.719157910000092],[102.03423137999994,26.716490109999995],[102.04040398999996,26.738317090000123],[102.04963153,26.739037900000255],[102.06137740999998,26.721977690000188],[102.05299273000008,26.693691810000132],[102.07177978000004,26.674284320000197],[102.06684837000006,26.659437899999944],[102.08282219000012,26.657894340000155],[102.11299080000015,26.6374628600002],[102.13218509000006,26.642329840000002],[102.13017056999996,26.674640479999994],[102.15245491999997,26.681553039999926],[102.15594434000002,26.69581327999998],[102.17432901000006,26.704739420000294],[102.17352134000004,26.729602070000055],[102.19412022999995,26.748089140000047],[102.18828650000012,26.753054750000047],[102.19227977000008,26.76632459000001],[102.17308676999994,26.77959444000021],[102.18855482000009,26.794475220000095],[102.17261685,26.805833500000176],[102.17228776000007,26.815792540000132],[102.18798198000013,26.813330800000017],[102.19116661000004,26.82396986000009],[102.21496031999999,26.818682690000173],[102.20012442000007,26.846850980000056],[102.20901341999996,26.86008860000004],[102.21260544,26.890853420000212],[102.20384751000012,26.913904730000013],[102.20875103999992,26.923198609999986],[102.22327352000002,26.925563570000293],[102.22823762000007,26.94198694000005],[102.21220562999997,26.962035100000094],[102.22887835000012,27.00543385000003],[102.21598784000008,27.049422220000054],[102.23672415000004,27.065393490000076],[102.24521758000003,27.125563590000183],[102.29377649000008,27.123842350000245],[102.30532949000013,27.07175655000026],[102.31462689000006,27.068992509999987],[102.34198498000006,27.090123120000044],[102.36973717000001,27.092083400000092],[102.39304906000007,27.12741661000001],[102.41657508000009,27.145594200000005],[102.41710604000014,27.19030898000028],[102.46903557000013,27.18491542000004]]],[[[102.15460945000007,26.85112526000023],[102.14801363999999,26.85711972000007],[102.15101303,26.86251492000025],[102.1587727800001,26.857471710000254],[102.15460945000007,26.85112526000023]]],[[[101.94515242,26.711383750000266],[101.93742824000003,26.643109470000013],[101.92588351000012,26.636804100000234],[101.91433876000008,26.648613970000213],[101.91531869999994,26.706879230000254],[101.94515242,26.711383750000266]]]]},"properties":{"nameZh":"会理县","nameEn":"会理县","code":"513425000000","severity":"unaffected","severityZh":"???","severityEn":"Unaffected","disasterTypeZh":"未受灾","landformBasinShare":0.05717439293598234,"landformMountainShare":0.9302428256070641,"landformPlateauShare":0.012582781456953643,"settlementBasinShare":0.12343470483005367,"settlementMountainShare":0.8765652951699463,"settlementPlateauShare":0.0,"landformTypeZh":"中山县","donorBasin":0,"donorMountain":1,"donorPlateau":0,"labelEn":"","landformTypeEn":"Mountain county"}},{"type":"Feature","geometry":{"type":"Polygon","coordinates":[[[102.91817739524919,26.886874919473996],[102.94589158600019,26.847997033000297],[102.96855493300018,26.836048650000123],[102.9658032540001,26.826829353000164],[102.97914449900009,26.807970136000222],[102.97836209300016,26.791546434000225],[102.99008070600013,26.77822721800004],[102.98198256100005,26.76921524100021],[103.00092174000008,26.737089576000358],[102.99543359300009,26.72570087400004],[103.00783043600006,26.710805762000234],[103.00393326600005,26.681691809000142],[103.02639026000003,26.663033075000158],[103.0278388430001,26.60512809400018],[103.01708429500002,26.595084036999992],[103.03487012400001,26.558780325000043],[103.05165855200016,26.55766966400006],[103.05471405500009,26.52710095900011],[103.03002583241204,26.490304816050582],[102.98826857400013,26.48618818100016],[102.99644040200019,26.453824856000153],[102.98697928600001,26.408401620000234],[102.99673470500011,26.377117622000128],[102.98348921000007,26.349221409999984],[102.92536983000008,26.338276860000008],[102.91658546999992,26.345261210000047],[102.89325507000012,26.342194529999972],[102.88589381999998,26.34969159000019],[102.88867238,26.361670470000092],[102.87885489000007,26.369770220000248],[102.86607821752023,26.342646144976868],[102.83197422999996,26.310199990000058],[102.78364080999995,26.30237474000006],[102.7603591400001,26.27877778000004],[102.73941195000009,26.273362960000213],[102.72131212800014,26.247474879000038],[102.71437088999994,26.216940910000062],[102.66951520000009,26.209691889999988],[102.65369077000014,26.228160450000075],[102.59959910000009,26.253985080000007],[102.61000579704393,26.285978743426483],[102.63724374999998,26.311258870000074],[102.62648956999999,26.342256130000123],[102.56424623999993,26.367210590000013],[102.54734621999995,26.36388328000004],[102.53605389,26.33932851999998],[102.51774803000006,26.344381960000135],[102.49091826000006,26.337974450000047],[102.48240239999996,26.343765080000082],[102.48863939,26.36023080000001],[102.47708929000004,26.37377319000018],[102.47412894000001,26.391292169999986],[102.44726720000006,26.398366049999993],[102.42379275000008,26.395575000000008],[102.46164728000008,26.412343620000115],[102.4637903200001,26.43446592000015],[102.45242604000003,26.453388430000302],[102.48654836999998,26.47410248],[102.47583387000009,26.493985160000193],[102.44160964000002,26.497174630000302],[102.43873757000006,26.48905052000009],[102.42194184000004,26.488747300000057],[102.42601000000002,26.50105676999999],[102.39527196000012,26.51519244000002],[102.39308998000007,26.53605463000008],[102.35318512000003,26.547425850000195],[102.35278677999992,26.580798040000047],[102.34325709999996,26.59421232000028],[102.35294667,26.60709306000024],[102.34432238,26.615517750000038],[102.3981354500001,26.64005137000015],[102.41614291000002,26.640921660000004],[102.41958970999991,26.67390664000021],[102.46554464000013,26.676313640000046],[102.48209677000011,26.662561790000154],[102.49646207000012,26.664468399999976],[102.49924947,26.677186970000207],[102.48187779000011,26.672473420000074],[102.48864551999998,26.68727243000012],[102.50294193999997,26.687604160000035],[102.51953966999997,26.707278630000246],[102.52979746,26.685932799999932],[102.54524711000005,26.69679983000009],[102.54753160000001,26.710191440000017],[102.53308730000003,26.716758810000215],[102.53864689,26.731409830000246],[102.5598985100001,26.731734490000292],[102.56498311999997,26.71886269999999],[102.57678299000003,26.719905130000086],[102.59412844000008,26.758011420000003],[102.60346251000004,26.758967390000237],[102.60284566999997,26.76685290000023],[102.59334323000013,26.769731309999997],[102.60092636000013,26.781189950000055],[102.59748245000014,26.79566774],[102.62894452000006,26.820899950000126],[102.62490073999993,26.839206970000134],[102.63349312999998,26.858446930000127],[102.64867459000004,26.83814652000001],[102.65949065000007,26.83789403000003],[102.66981123000011,26.853496879999966],[102.69509726000007,26.863672540000096],[102.70561824000015,26.890430870000046],[102.71959486000003,26.89807671000011],[102.7369130300001,26.924650930000098],[102.75486480000006,26.924316080000096],[102.76799940000006,26.876340260000006],[102.82273994000013,26.84718971000001],[102.91817739524919,26.886874919473996]]]},"properties":{"nameZh":"会东县","nameEn":"会东县","code":"513426000000","severity":"unaffected","severityZh":"???","severityEn":"Unaffected","disasterTypeZh":"未受灾","landformBasinShare":0.009681449094316053,"landformMountainShare":0.990318550905684,"landformPlateauShare":0.0,"settlementBasinShare":0.021739130434782608,"settlementMountainShare":0.9782608695652174,"settlementPlateauShare":0.0,"landformTypeZh":"中山县","donorBasin":0,"donorMountain":1,"donorPlateau":0,"labelEn":"","landformTypeEn":"Mountain county"}},{"type":"Feature","geometry":{"type":"Polygon","coordinates":[[[102.72669679,27.28768500000001],[102.74866903000009,27.27606537000014],[102.77458217000009,27.279704010000103],[102.84487940999998,27.266498620000107],[102.88131013806964,27.268507041376154],[102.88611833300018,27.249993415000233],[102.90017136300014,27.239378204000047],[102.90381779100005,27.171029893000025],[102.91228097400011,27.13829762000023],[102.89702113178168,27.078376727329783],[102.86976208599998,27.029754903000196],[102.89343181400017,27.00523735300021],[102.88815458900007,26.94756147700008],[102.89521093900004,26.915110442000127],[102.91005087200017,26.90440723200004],[102.91817739524919,26.886874919473996],[102.82273994000013,26.84718971000001],[102.76799940000006,26.876340260000006],[102.75486480000006,26.924316080000096],[102.74530804,26.92716894000006],[102.72919599,26.920959279999977],[102.71959486000003,26.89807671000011],[102.70285821000004,26.88589488000008],[102.69509726000007,26.863672540000096],[102.66981123000011,26.853496879999966],[102.65949065000007,26.83789403000003],[102.64867459000004,26.83814652000001],[102.64053307,26.855679030000033],[102.60650720000007,26.866316820000236],[102.60323508000005,26.88251495000003],[102.5910049900001,26.888885040000048],[102.57721277000007,26.911171810000212],[102.56447083000006,26.947412100000065],[102.56469630000004,26.97583856],[102.54131265000007,26.98993932000019],[102.54816878999998,27.02307872000017],[102.53863014000001,27.06187021000028],[102.50289064000003,27.08908700000012],[102.50297651,27.102339670000106],[102.52138865,27.125636159999942],[102.52157886999998,27.136870690000308],[102.49576408000013,27.14969241000017],[102.48872394000006,27.17093782000012],[102.46903557000013,27.18491542000004],[102.46568574000008,27.229064750000077],[102.47454886000014,27.242565300000138],[102.50094635000005,27.254870820000292],[102.52595416999998,27.279971730000057],[102.5786085800001,27.29240673000004],[102.60274738999999,27.29410062000005],[102.6208459,27.281675629999995],[102.63089692000011,27.29977432000021],[102.65353503000006,27.309217530000296],[102.70322356000008,27.299314410000136],[102.72669679,27.28768500000001]]]},"properties":{"nameZh":"宁南县","nameEn":"宁南县","code":"513427000000","severity":"unaffected","severityZh":"???","severityEn":"Unaffected","disasterTypeZh":"未受灾","landformBasinShare":0.006528189910979229,"landformMountainShare":0.9157270029673591,"landformPlateauShare":0.07774480712166172,"settlementBasinShare":0.017699115044247787,"settlementMountainShare":0.9805309734513274,"settlementPlateauShare":0.0017699115044247787,"landformTypeZh":"中山县","donorBasin":0,"donorMountain":1,"donorPlateau":0,"labelEn":"","landformTypeEn":"Mountain county"}},{"type":"Feature","geometry":{"type":"Polygon","coordinates":[[[102.72653972999996,27.827937729999917],[102.71753788000001,27.796799400000168],[102.73654046000001,27.676943999999935],[102.7126936200001,27.64110105000009],[102.72793768999998,27.613527900000065],[102.71975098999997,27.58284431000004],[102.73520350000007,27.563424950000012],[102.73579443000011,27.51508034999995],[102.74991806000003,27.505904570000155],[102.76583997000006,27.440909599999998],[102.76101325000002,27.419039250000026],[102.72751247999997,27.419227809999995],[102.71366662000014,27.39481091000016],[102.71450885000002,27.338747570000237],[102.73202688999993,27.31919391000008],[102.7327906000001,27.299962190000088],[102.72669679,27.28768500000001],[102.70322356000008,27.299314410000136],[102.65353503000006,27.309217530000296],[102.63089692000011,27.29977432000021],[102.6208459,27.281675629999995],[102.60274738999999,27.29410062000005],[102.52595416999998,27.279971730000057],[102.50094635000005,27.254870820000292],[102.47454886000014,27.242565300000138],[102.46575428000006,27.218066570000303],[102.4534281,27.22625400000004],[102.44284579999999,27.262210250000066],[102.44371379000006,27.285376859999985],[102.45443498000003,27.306025750000174],[102.42793991999997,27.331288480000183],[102.45561564000002,27.344552340000007],[102.44969525000005,27.388406609999947],[102.43124010000002,27.40587532000029],[102.41024471000014,27.406940310000095],[102.36419233000004,27.481905870000105],[102.36952436000013,27.527404040000192],[102.34504576,27.598228840000047],[102.37167174000001,27.676555930000006],[102.38250573000005,27.698663850000287],[102.41210977000009,27.7084409200001],[102.4139949200001,27.768637770000282],[102.43681511,27.771488370000043],[102.4576671100001,27.80123735000018],[102.49735514999992,27.79666569000028],[102.51688643,27.809488500000043],[102.53209329000003,27.801820690000113],[102.54832493999993,27.803336500000114],[102.57254252000001,27.778919870000152],[102.60725373999998,27.779160100000126],[102.61899693999999,27.770854710000208],[102.64609613000005,27.780794910000054],[102.64005536000008,27.814851040000008],[102.65691223000005,27.81958989000009],[102.66705917000013,27.836952720000113],[102.67973352000001,27.840811169999995],[102.72653972999996,27.827937729999917]]]},"properties":{"nameZh":"普格县","nameEn":"普格县","code":"513428000000","severity":"unaffected","severityZh":"???","severityEn":"Unaffected","disasterTypeZh":"未受灾","landformBasinShare":0.0,"landformMountainShare":0.8512092534174553,"landformPlateauShare":0.14879074658254468,"settlementBasinShare":0.0,"settlementMountainShare":0.9947368421052631,"settlementPlateauShare":0.005263157894736842,"landformTypeZh":"中山县","donorBasin":0,"donorMountain":1,"donorPlateau":0,"labelEn":"","landformTypeEn":"Mountain county"}},{"type":"Feature","geometry":{"type":"Polygon","coordinates":[[[103.04565835,27.75877116000015],[103.05401002000002,27.772654410000257],[103.06355044000003,27.772068560000093],[103.07104278999998,27.72719181000008],[103.05048589000012,27.69636349000001],[103.04648438999999,27.657537150000053],[103.0536113600001,27.6278449200002],[103.02999855000002,27.601022380000074],[103.05155431000009,27.569702860000234],[103.03897532000002,27.55868204999996],[103.03675364000009,27.538456550000205],[103.00890529000003,27.50637069999999],[103.00190076000007,27.48588295000019],[102.98621542000006,27.47353221000003],[102.98159759000009,27.455308300000127],[102.94901231000011,27.449879530000203],[102.95379536000007,27.419027290000088],[102.93989943999998,27.409106350000116],[102.89859178079627,27.321218782380583],[102.88174421000019,27.301660320999986],[102.88131013806964,27.268507041376154],[102.84487940999998,27.266498620000107],[102.77458217000009,27.279704010000103],[102.74866903000009,27.27606537000014],[102.73138476999992,27.28424830000023],[102.72669679,27.28768500000001],[102.73450925999998,27.31283368999999],[102.71450885000002,27.338747570000237],[102.71366662000014,27.39481091000016],[102.72751247999997,27.419227809999995],[102.76101325000002,27.419039250000026],[102.76583997000006,27.440909599999998],[102.74991806000003,27.505904570000155],[102.73579443000011,27.51508034999995],[102.73520350000007,27.563424950000012],[102.71975098999997,27.58284431000004],[102.72793768999998,27.613527900000065],[102.7126936200001,27.64110105000009],[102.73654046000001,27.676943999999935],[102.71753788000001,27.796799400000168],[102.72653972999996,27.827937729999917],[102.7691465800001,27.81921987999999],[102.79592701000007,27.82276687000001],[102.83198672000015,27.808181780000098],[102.85766293000006,27.81490249000001],[102.88956198000011,27.83460769000027],[102.88000490999997,27.843981100000065],[102.8853260300001,27.869963509999934],[102.87824337000006,27.874702950000028],[102.87899863000001,27.90647431000002],[102.91757379,27.928368139999975],[102.96918186000005,27.901046749999978],[102.97398257000009,27.872798500000044],[102.99726299000002,27.830417240000088],[102.99310513000012,27.802175280000142],[103.04565835,27.75877116000015]]]},"properties":{"nameZh":"布拖县","nameEn":"布拖县","code":"513429000000","severity":"unaffected","severityZh":"???","severityEn":"Unaffected","disasterTypeZh":"未受灾","landformBasinShare":0.023076923076923078,"landformMountainShare":0.7313609467455622,"landformPlateauShare":0.2455621301775148,"settlementBasinShare":0.07967032967032966,"settlementMountainShare":0.8406593406593407,"settlementPlateauShare":0.07967032967032966,"landformTypeZh":"中山县","donorBasin":0,"donorMountain":1,"donorPlateau":0,"labelEn":"","landformTypeEn":"Mountain county"}},{"type":"Feature","geometry":{"type":"Polygon","coordinates":[[[103.24192793999998,27.919404470000302],[103.23723329000006,27.89558472999994],[103.25426155000014,27.893652700000132],[103.26549394000011,27.87998015000005],[103.30365897000007,27.90157720999997],[103.38478082,27.89977471000026],[103.43561984000002,27.85167236000018],[103.44815525999996,27.823657349999962],[103.46455387000003,27.829298290000054],[103.47277514000007,27.84047701000003],[103.49127370999997,27.842909870000085],[103.50222824000008,27.85615992000004],[103.50717617999999,27.843764560000295],[103.48744521021325,27.80079152882945],[103.45908598000005,27.782911309999974],[103.44791328000002,27.760096069999975],[103.41868265,27.746172510000065],[103.39333381999995,27.714128770000173],[103.36787972000013,27.711903650000068],[103.34761002000005,27.68171313000022],[103.29054547000004,27.63643886],[103.2776989300001,27.636125110000137],[103.27843704500015,27.621374348000188],[103.29654359900013,27.604518036000115],[103.29291551000006,27.56908290000007],[103.21999886999993,27.569692880000105],[103.2069273009447,27.536472251361715],[103.1864329,27.52479963999997],[103.17701493399773,27.500097278409953],[103.14877759000012,27.46752830000031],[103.14091321171378,27.42517731760711],[103.09834028000012,27.40054779000019],[103.07757373999999,27.400520460000052],[103.06823298,27.412005800000202],[103.05370878999997,27.412738390000072],[103.02403743000008,27.385878920000266],[102.98179758000009,27.37135673000023],[102.96094824000005,27.393455540000105],[102.94821380999997,27.44690045000027],[102.9556352400001,27.45424154000017],[102.98159759000009,27.455308300000127],[102.98621542000006,27.47353221000003],[103.00190076000007,27.48588295000019],[103.00890529000003,27.50637069999999],[103.03675364000009,27.538456550000205],[103.03897532000002,27.55868204999996],[103.05155431000009,27.569702860000234],[103.02991291000001,27.599753560000067],[103.0536113600001,27.6278449200002],[103.04648438999999,27.657537150000053],[103.05048589000012,27.69636349000001],[103.0709560200001,27.725535700000023],[103.06440948000005,27.77078914000009],[103.05401002000002,27.772654410000257],[103.04565835,27.75877116000015],[103.04390403000002,27.78352560000002],[103.04544943999997,27.8022541200001],[103.06268993000003,27.814857459999985],[103.05677851000013,27.826349900000196],[103.07711829999994,27.84555861000024],[103.0870580400001,27.873541210000212],[103.06864588000008,27.913922600000035],[103.07242235000007,27.93875372000025],[103.10572374999998,27.954399819999992],[103.17276537999999,27.957620890000044],[103.20190552999998,27.928385530000014],[103.24192793999998,27.919404470000302]]]},"properties":{"nameZh":"金阳县","nameEn":"金阳县","code":"513430000000","severity":"unaffected","severityZh":"???","severityEn":"Unaffected","disasterTypeZh":"未受灾","landformBasinShare":0.0,"landformMountainShare":0.9333756345177665,"landformPlateauShare":0.06662436548223351,"settlementBasinShare":0.0,"settlementMountainShare":0.9976958525345622,"settlementPlateauShare":0.002304147465437788,"landformTypeZh":"中山县","donorBasin":0,"donorMountain":1,"donorPlateau":0,"labelEn":"","landformTypeEn":"Mountain county"}},{"type":"Feature","geometry":{"type":"Polygon","coordinates":[[[102.89326612000013,28.339198230000022],[102.90281427000002,28.295497169999976],[102.88641845000006,28.23610699000028],[102.89983835000004,28.20316546000015],[102.93335979,28.184983200000147],[102.98736513,28.20008801000006],[103.00124577000008,28.17419866000006],[103.00816497000005,28.121998250000217],[103.02783464999999,28.106586030000074],[103.02007424000004,28.085424940000166],[103.02691436000009,28.071649070000035],[103.05950267999992,28.06510796000026],[103.06932171000005,28.04331985000016],[103.07816827999994,28.043131910000056],[103.08790022999995,28.031303340000306],[103.11142539000008,28.052296960000035],[103.13022046000003,28.056744960000003],[103.15962219,28.084846390000052],[103.18160004999999,28.087045770000145],[103.16763412999995,28.09195523000028],[103.17266882000001,28.105605390000107],[103.16315499000007,28.115116590000127],[103.18555831999993,28.116542470000184],[103.21741431999999,28.132534540000165],[103.22280435000005,28.115066100000035],[103.25312439999999,28.091421369999978],[103.25507713000013,28.07632193000012],[103.28095127000006,28.05891528000018],[103.31294571000001,28.055477649999943],[103.32647860000009,28.02654959000006],[103.2992149700001,28.014717440000027],[103.2726027,27.97134689000012],[103.26687446000011,27.948973580000086],[103.24192793999998,27.919404470000302],[103.20190552999998,27.928385530000014],[103.17276537999999,27.957620890000044],[103.14061232000006,27.96045203],[103.08224056000012,27.947981060000075],[103.07242235000007,27.93875372000025],[103.06864588000008,27.913922600000035],[103.0870580400001,27.873541210000212],[103.07711829999994,27.84555861000024],[103.05677851000013,27.826349900000196],[103.06046752000003,27.810747210000102],[103.04473777000004,27.80028134999992],[103.04565835,27.75877116000015],[102.99310513000012,27.802175280000142],[102.99726299000002,27.830417240000088],[102.97398257000009,27.872798500000044],[102.96918186000005,27.901046749999978],[102.91757379,27.928368139999975],[102.87899863000001,27.90647431000002],[102.87824337000006,27.874702950000028],[102.8853260300001,27.869963509999934],[102.88000490999997,27.843981100000065],[102.88855518000008,27.83179773000029],[102.84284560000009,27.808179760000144],[102.79592701000007,27.82276687000001],[102.7691465800001,27.81921987999999],[102.70229379000006,27.83015916000005],[102.67712917,27.84097813000011],[102.66705917000013,27.836952720000113],[102.65691223000005,27.81958989000009],[102.64005536000008,27.814851040000008],[102.64609613000005,27.780794910000054],[102.63904872000012,27.77358117],[102.57958988000007,27.77655793999992],[102.54832493999993,27.803336500000114],[102.53209329000003,27.801820690000113],[102.51688643,27.809488500000043],[102.49735514999992,27.79666569000028],[102.45001875999998,27.797849810000002],[102.43421078,27.77065024000001],[102.38953955000011,27.77212494000014],[102.37826390000009,27.81128984000003],[102.38614620999999,27.81363822000003],[102.38547814999998,27.829408250000085],[102.40266276000006,27.829365450000125],[102.39733035000006,27.847803740000188],[102.37197032,27.860486600000286],[102.36987871999997,27.868623460000094],[102.38220620999999,27.87357420000012],[102.39319696000001,27.89240559000018],[102.4105596500001,27.899956950000046],[102.42087728000007,27.89701740000021],[102.43119923,27.919990260000077],[102.47705094000003,27.9519681700001],[102.48967191999998,27.971557290000135],[102.50589515000007,27.968033150000053],[102.52309058999998,27.982899459999942],[102.55916453999993,27.98069658999998],[102.56741867000005,27.993423870000015],[102.57991762000006,27.99250041000016],[102.60195449000014,28.04760665000009],[102.60478468999997,28.079127290000088],[102.61778585000013,28.093638070000054],[102.63472962999998,28.097158840000247],[102.65547468000011,28.113751560000196],[102.69326904000013,28.155126100000132],[102.70273814000006,28.194507189999968],[102.68956089000011,28.221012890000168],[102.70651363000002,28.271089050000114],[102.6974334300001,28.30610102999998],[102.71262385,28.320867540000165],[102.71710308000007,28.338864250000086],[102.76375410000014,28.349247779999985],[102.77149814,28.34706549000009],[102.77946743999996,28.318126410000218],[102.79462441999999,28.31722235000001],[102.82806108000005,28.329151110000055],[102.85709711999993,28.323978730000192],[102.89326612000013,28.339198230000022]]]},"properties":{"nameZh":"昭觉县","nameEn":"昭觉县","code":"513431000000","severity":"unaffected","severityZh":"???","severityEn":"Unaffected","disasterTypeZh":"未受灾","landformBasinShare":0.008613938919342208,"landformMountainShare":0.898590446358653,"landformPlateauShare":0.0927956147220047,"settlementBasinShare":0.03740157480314961,"settlementMountainShare":0.9389763779527559,"settlementPlateauShare":0.023622047244094488,"landformTypeZh":"中山县","donorBasin":0,"donorMountain":1,"donorPlateau":0,"labelEn":"","landformTypeEn":"Mountain county"}},{"type":"Feature","geometry":{"type":"Polygon","coordinates":[[[102.71710308000007,28.338864250000086],[102.71262385,28.320867540000165],[102.6974334300001,28.30610102999998],[102.70651363000002,28.271089050000114],[102.68956089000011,28.221012890000168],[102.70273814000006,28.194507189999968],[102.69326904000013,28.155126100000132],[102.65547468000011,28.113751560000196],[102.63472962999998,28.097158840000247],[102.61778585000013,28.093638070000054],[102.60478468999997,28.079127290000088],[102.60195449000014,28.04760665000009],[102.57933631000009,27.99204088999994],[102.56741867000005,27.993423870000015],[102.55916453999993,27.98069658999998],[102.52309058999998,27.982899459999942],[102.50589515000007,27.968033150000053],[102.48967191999998,27.971557290000135],[102.47705094000003,27.9519681700001],[102.43119923,27.919990260000077],[102.42087728000007,27.89701740000021],[102.4105596500001,27.899956950000046],[102.38573112000012,27.885190830000056],[102.35888912000001,27.89622030999999],[102.31403608,27.89148265],[102.29408959000006,27.904986170000143],[102.29936895000003,27.96663891999998],[102.29520980000001,28.000039300000253],[102.30249142000014,28.031687620000127],[102.29431414999999,28.034022170000014],[102.25660835000002,28.00004008999997],[102.23281642,27.964131740000198],[102.2216362800001,27.96762874999996],[102.20834467000009,28.007017000000076],[102.19751779000006,28.014769200000046],[102.20565422000004,28.02687751000002],[102.19265277000005,28.071421800000053],[102.1930996000001,28.106497049999973],[102.20998867000003,28.128561020000006],[102.21255338000014,28.14576792000014],[102.19910587000004,28.207307670000034],[102.20900880999994,28.22834659],[102.25767912999993,28.222715440000172],[102.29664516000008,28.197719019999965],[102.31877127000013,28.211678489999997],[102.32652912000003,28.279140179999956],[102.29937604999992,28.3382568400001],[102.25218881000006,28.377920630000062],[102.26623245000013,28.417025140000135],[102.28221228000001,28.436750370000084],[102.29107355000008,28.489928320000217],[102.30956991999994,28.507522970000082],[102.34068919000015,28.51906623000002],[102.35997899000012,28.509143350000045],[102.3882965200001,28.51145818000009],[102.40290790000006,28.482930610000153],[102.42211047000012,28.467601500000114],[102.45607194000007,28.416895190000048],[102.50925744000011,28.395313980000196],[102.53723326000005,28.401028290000113],[102.57334165000003,28.39785568000002],[102.59046713999999,28.37070160999997],[102.64124446000005,28.380222680000145],[102.66586204999999,28.354023880000113],[102.71710308000007,28.338864250000086]],[[102.29735958000009,28.365869350000025],[102.29384617,28.369189290000122],[102.28074047000007,28.360396220000155],[102.29313561999999,28.35878793000012],[102.29735958000009,28.365869350000025]]]},"properties":{"nameZh":"喜德县","nameEn":"喜德县","code":"513432000000","severity":"unaffected","severityZh":"???","severityEn":"Unaffected","disasterTypeZh":"未受灾","landformBasinShare":0.0038022813688212928,"landformMountainShare":0.6958174904942965,"landformPlateauShare":0.30038022813688214,"settlementBasinShare":0.01643835616438356,"settlementMountainShare":0.7041095890410959,"settlementPlateauShare":0.27945205479452057,"landformTypeZh":"中山县","donorBasin":1,"donorMountain":1,"donorPlateau":1,"labelEn":"","landformTypeEn":"Mountain county"}},{"type":"Feature","geometry":{"type":"MultiPolygon","coordinates":[[[[102.42815279000001,28.84853778000013],[102.42040162000012,28.76618667000031],[102.37545924000005,28.725414560000104],[102.37669298000014,28.693611770000075],[102.34217176000004,28.593098640000107],[102.34708654000008,28.551565110000126],[102.34068919000015,28.51906623000002],[102.30956991999994,28.507522970000082],[102.29107355000008,28.489928320000217],[102.28221228000001,28.436750370000084],[102.26623245000013,28.417025140000135],[102.25218881000006,28.377920630000062],[102.29937604999992,28.3382568400001],[102.32652912000003,28.279140179999956],[102.31391923000012,28.204988369999967],[102.29404933000006,28.198155050000196],[102.25767912999993,28.222715440000172],[102.20499064,28.226735990000122],[102.20028606999995,28.180982320000226],[102.17451509,28.170403480000118],[102.14337625000002,28.17419960000018],[102.11807206000009,28.130604810000193],[102.10346124,28.11921494000012],[102.07680790000006,28.13679430000019],[102.01528435000006,28.12921267000013],[102.00327865000008,28.13526020000006],[101.99320930000005,28.153859389999923],[101.93964240000008,28.17214889000013],[101.92664882000003,28.159271859999933],[101.90685020000006,28.110555650000265],[101.88143420999995,28.092069769999966],[101.86572378,28.091608210000174],[101.83568002999999,28.110093390000202],[101.80921220999994,28.14661604000014],[101.79431596000006,28.137392690000127],[101.72792109000005,28.148873990000084],[101.71220766000005,28.2021364900001],[101.71772053000001,28.224571540000284],[101.71251088000008,28.24568681000011],[101.68480189000002,28.251149810000243],[101.64276122000001,28.27830942999998],[101.64850694000006,28.342541530000062],[101.71385575,28.384421740000107],[101.75515235000006,28.49538314],[101.75463058000008,28.541783110000267],[101.83090143000004,28.59753472],[101.86846051999999,28.61477977000004],[101.89996089000005,28.60994774000011],[101.91729408000015,28.616211270000008],[101.94522518999997,28.67486768000009],[101.9835471500001,28.706298150000066],[102.02125537000012,28.72386458000011],[101.99621666999997,28.75350113999997],[101.98777008000013,28.80702519999994],[101.96009007999993,28.830095480000296],[101.98392503000014,28.860849570000084],[101.98681427000008,28.891249040000048],[101.99780380000004,28.904125910000005],[102.0493062600001,28.923502760000076],[102.05667569999997,28.957081500000186],[102.10504669000011,28.98947514000008],[102.14830302999997,29.034164190000013],[102.16668866000009,29.03958312000003],[102.18693994000006,29.029884470000127],[102.17925856000011,29.01646021000016],[102.22727547,28.95513613000014],[102.2523350300001,28.90192642000028],[102.30170571999997,28.899185119999913],[102.34464694000002,28.85937467000008],[102.42815279000001,28.84853778000013]]],[[[102.29735958000009,28.365869350000025],[102.29313561999999,28.35878793000012],[102.28074047000007,28.360396220000155],[102.29384617,28.369189290000122],[102.29735958000009,28.365869350000025]]]]},"properties":{"nameZh":"冕宁县","nameEn":"冕宁县","code":"513433000000","severity":"general","severityZh":"一般灾区","severityEn":"Generally affected","disasterTypeZh":"一般灾区","landformBasinShare":0.04176123467998184,"landformMountainShare":0.6493418066273263,"landformPlateauShare":0.3088969586926918,"settlementBasinShare":0.260707635009311,"settlementMountainShare":0.6983240223463687,"settlementPlateauShare":0.040968342644320296,"landformTypeZh":"混合县","donorBasin":1,"donorMountain":1,"donorPlateau":1,"labelEn":"","landformTypeEn":"Mixed landform county"}},{"type":"Feature","geometry":{"type":"Polygon","coordinates":[[[102.87203181000001,28.642747880000286],[102.88275976,28.621232910000003],[102.88025175999996,28.60395249000021],[102.89808011000002,28.585270600000058],[102.88743067999997,28.54051925999994],[102.88809128000008,28.489535980000085],[102.87106083999998,28.467981360000294],[102.88280517000004,28.45363643999997],[102.88625111000005,28.434380730000157],[102.89326612000013,28.339198230000022],[102.85709711999993,28.323978730000192],[102.82806108000005,28.329151110000055],[102.78072635000007,28.31737188000011],[102.77149814,28.34706549000009],[102.74649641000008,28.34995851000002],[102.70956818000013,28.339634510000053],[102.66586204999999,28.354023880000113],[102.64124446000005,28.380222680000145],[102.59046713999999,28.37070160999997],[102.57988555000003,28.392861439999933],[102.56683969000011,28.399871650000023],[102.50326823,28.3964139200001],[102.45239986000001,28.420533150000153],[102.42211047000012,28.467601500000114],[102.40290790000006,28.482930610000153],[102.39327128000014,28.508520130000193],[102.38307909000008,28.513245810000058],[102.35997899000012,28.509143350000045],[102.34068919000015,28.51906623000002],[102.34708654000008,28.551565110000126],[102.34217176000004,28.593098640000107],[102.37669298000014,28.693611770000075],[102.37545924000005,28.725414560000104],[102.42040162000012,28.76618667000031],[102.42815279000001,28.84853778000013],[102.45812862000008,28.883936079999955],[102.49346741,28.867252040000096],[102.55822149000005,28.882179660000133],[102.6055264800001,28.85493563999995],[102.62674864000007,28.862609800000087],[102.63849275000013,28.878734710000003],[102.66638167000002,28.88913564000012],[102.66134733000001,28.864306910000153],[102.69243225000002,28.79795084],[102.67871799,28.75567858000022],[102.68918142999996,28.69796663000011],[102.70894697000006,28.689658039999927],[102.75990443000012,28.6972682600001],[102.78163302999991,28.679283300000236],[102.84032255000005,28.662293080000268],[102.87203181000001,28.642747880000286]]]},"properties":{"nameZh":"越西县","nameEn":"越西县","code":"513434000000","severity":"general","severityZh":"一般灾区","severityEn":"Generally affected","disasterTypeZh":"一般灾区","landformBasinShare":0.007940008822232024,"landformMountainShare":0.8795765328628143,"landformPlateauShare":0.11248345831495368,"settlementBasinShare":0.03563941299790356,"settlementMountainShare":0.9643605870020965,"settlementPlateauShare":0.0,"landformTypeZh":"中山县","donorBasin":0,"donorMountain":1,"donorPlateau":0,"labelEn":"","landformTypeEn":"Mountain county"}},{"type":"Feature","geometry":{"type":"Polygon","coordinates":[[[103.00210253000006,29.29003043000023],[103.02949037000008,29.285101370000064],[103.02291367999999,29.255695400000263],[102.96199812000003,29.257209460000126],[102.97290052000011,29.225167200000158],[102.94325968000004,29.19320102000006],[102.92778379999993,29.137204709999992],[102.92973732000013,29.116126620000216],[102.96846693000009,29.06824843000021],[102.95022172,29.05148508999997],[102.91366253000001,29.0363023500002],[102.90754325,29.024896300000023],[102.94497949000004,28.93419284000015],[102.94465878999995,28.923404890000143],[102.92722965000013,28.90550327000028],[102.94023212000002,28.863931509999986],[102.92266455000004,28.813626660000295],[102.94259378999999,28.769888320000177],[102.93663349999997,28.743454110000016],[102.9609165600001,28.684530110000026],[102.96872925000008,28.681397700000048],[102.96767954000012,28.670396820000008],[102.92039474,28.655461350000053],[102.88604091000008,28.657529929999953],[102.87203181000001,28.642747880000286],[102.84032255000005,28.662293080000268],[102.78163302999991,28.679283300000236],[102.75990443000012,28.6972682600001],[102.71753278000011,28.689944190000176],[102.69491076000008,28.693094580000093],[102.68354724000011,28.706423779999966],[102.67877015000005,28.746740339999974],[102.69243225000002,28.79795084],[102.66134733000001,28.864306910000153],[102.66638167000002,28.88913564000012],[102.63849275000013,28.878734710000003],[102.62674864000007,28.862609800000087],[102.6055264800001,28.85493563999995],[102.55822149000005,28.882179660000133],[102.49346741,28.867252040000096],[102.45812862000008,28.883936079999955],[102.48198345999998,28.930391760000248],[102.46536836000013,28.967800710000006],[102.46715597000008,28.98136358000005],[102.4963221700001,29.006359299999986],[102.50856991000006,29.032530970000266],[102.52400318000002,29.039407750000066],[102.51535822000005,29.066964420000204],[102.52307415000007,29.08055345000014],[102.51334397,29.09674299000028],[102.52073108999997,29.11469105000009],[102.55226529000004,29.12442032000024],[102.55956466999999,29.139141770000037],[102.55972959999997,29.14987776999999],[102.55134458000003,29.153779880000286],[102.55570154999992,29.159230800000273],[102.59336359000002,29.16325621000027],[102.59915352000002,29.17315373999992],[102.58854586000001,29.191034160000015],[102.59897961000001,29.20474022000002],[102.63438454000004,29.213875770000072],[102.65232627000006,29.193491700000152],[102.64855981,29.177091589999975],[102.67196124999998,29.164634520000277],[102.69678763000013,29.17008809999993],[102.73445383,29.155911640000113],[102.75349191999999,29.1626660900003],[102.76541017000005,29.15931246000008],[102.77698212000007,29.176339090000056],[102.76372551000009,29.201546769999936],[102.78520292000007,29.244452730000148],[102.81257302,29.253570510000145],[102.83219924000014,29.244132729999933],[102.83601915999998,29.21011832000005],[102.87829137999995,29.209278229999995],[102.90395703000007,29.22538133000029],[102.91093038999992,29.267663330000175],[102.93475738000001,29.30430068000021],[102.96195065,29.30459461999999],[103.00210253000006,29.29003043000023]]]},"properties":{"nameZh":"甘洛县","nameEn":"甘洛县","code":"513435000000","severity":"general","severityZh":"一般灾区","severityEn":"Generally affected","disasterTypeZh":"一般灾区","landformBasinShare":0.0,"landformMountainShare":0.7858481724461106,"landformPlateauShare":0.21415182755388942,"settlementBasinShare":0.0,"settlementMountainShare":0.9931350114416476,"settlementPlateauShare":0.006864988558352402,"landformTypeZh":"中山县","donorBasin":0,"donorMountain":1,"donorPlateau":0,"labelEn":"","landformTypeEn":"Mountain county"}},{"type":"Feature","geometry":{"type":"Polygon","coordinates":[[[103.23668261000012,28.81676686000003],[103.27169016999994,28.80723922000027],[103.30489908999999,28.76628618000001],[103.33264983999999,28.746279480000226],[103.33372049000013,28.73084737000022],[103.30863457999999,28.70534655000006],[103.27415002000009,28.62058238000003],[103.24091357000009,28.596781110000165],[103.24467046000007,28.553218150000134],[103.25205368000007,28.544368590000147],[103.24399817000005,28.516538309999987],[103.2453340400001,28.473551780000037],[103.23652400000014,28.456263520000107],[103.25046179000014,28.44139576000009],[103.25687970000007,28.419937530000254],[103.23410227999995,28.403840070000058],[103.24022153000004,28.387754650000034],[103.22900811,28.352607750000004],[103.24768790999997,28.274764210000285],[103.22357552000011,28.254732900000022],[103.18406957000002,28.246299840000233],[103.16962870999998,28.235082970000292],[103.20310592000004,28.1978687000003],[103.29093260000013,28.151493809999977],[103.29510757000003,28.132706850000204],[103.27781744000015,28.10860927999994],[103.28701074999998,28.058608570000047],[103.25507713000013,28.07632193000012],[103.25312439999999,28.091421369999978],[103.22280435000005,28.115066100000035],[103.21619864000007,28.13240818999998],[103.18555831999993,28.116542470000184],[103.16315499000007,28.115116590000127],[103.17266882000001,28.105605390000107],[103.16763412999995,28.09195523000028],[103.18160004999999,28.087045770000145],[103.15962219,28.084846390000052],[103.13022046000003,28.056744960000003],[103.11142539000008,28.052296960000035],[103.08723199999991,28.03130260000006],[103.07816827999994,28.043131910000056],[103.06932171000005,28.04331985000016],[103.05950267999992,28.06510796000026],[103.04150773999999,28.064267349999966],[103.02259172999999,28.07636663000011],[103.02783464999999,28.106586030000074],[103.00816497000005,28.121998250000217],[103.00124577000008,28.17419866000006],[102.98736513,28.20008801000006],[102.93335979,28.184983200000147],[102.90870001000013,28.19357950999995],[102.88933562,28.225579429999982],[102.88762491000006,28.252387569999996],[102.90281427000002,28.295497169999976],[102.88790169000004,28.352597290000062],[102.88437665000004,28.445146810000097],[102.87106083999998,28.467981360000294],[102.88809128000008,28.489535980000085],[102.88743067999997,28.54051925999994],[102.89808011000002,28.585270600000058],[102.88025175999996,28.60395249000021],[102.88275976,28.621232910000003],[102.87203181000001,28.642747880000286],[102.88604091000008,28.657529929999953],[102.92039474,28.655461350000053],[102.96421733,28.6683000700001],[102.96497505999997,28.683607340000037],[102.98687073000013,28.67482453000008],[102.9948055700001,28.683312639999997],[103.03050736,28.669065629999977],[103.04927879000007,28.672932480000213],[103.06779441999998,28.70230452000004],[103.06852343000008,28.739938100000074],[103.10190048999999,28.76849585000025],[103.10923679000001,28.81366148999996],[103.12851428000005,28.82646882000006],[103.15044302000007,28.83325713000005],[103.18788790999997,28.831109640000022],[103.22307297000009,28.807261609999955],[103.23668261000012,28.81676686000003]]]},"properties":{"nameZh":"美姑县","nameEn":"美姑县","code":"513436000000","severity":"general","severityZh":"一般灾区","severityEn":"Generally affected","disasterTypeZh":"一般灾区","landformBasinShare":0.0,"landformMountainShare":0.7810885975367501,"landformPlateauShare":0.2189114024632499,"settlementBasinShare":0.0,"settlementMountainShare":0.9864864864864865,"settlementPlateauShare":0.013513513513513514,"landformTypeZh":"中山县","donorBasin":0,"donorMountain":1,"donorPlateau":0,"labelEn":"","landformTypeEn":"Mountain county"}},{"type":"Feature","geometry":{"type":"Polygon","coordinates":[[[103.61195231000005,28.600889760000086],[103.63675878999999,28.608385559999988],[103.65159267000007,28.604849790000003],[103.66847644000012,28.594439229999978],[103.68722640000004,28.5660477400001],[103.71037825999997,28.55632822000007],[103.71082095000003,28.54474839000011],[103.6878865600001,28.5227769600001],[103.68292994999996,28.50141162],[103.71078634000003,28.48549485000001],[103.71524044000012,28.474591760000294],[103.72619531000004,28.47883758000023],[103.73781120999996,28.515459260000057],[103.75534672999993,28.52460786000006],[103.77983608524795,28.52799702235336],[103.80832749900014,28.49888367699998],[103.82777492200012,28.463599712000303],[103.82771772800004,28.43984807400011],[103.85450727400007,28.39877194200011],[103.85780617600017,28.37907966300014],[103.8514678590002,28.357754100000193],[103.87034061500015,28.332509916000163],[103.87471491935389,28.313366601195128],[103.84325908,28.289992040000072],[103.82685793000013,28.288510880000103],[103.81211440000004,28.26930031000029],[103.78369314000003,28.257550120000076],[103.76997686000004,28.23757326000009],[103.73357640000006,28.236939350000227],[103.71914911831499,28.205471357940837],[103.70946077000008,28.20060777000009],[103.69149139000012,28.21331106000008],[103.68968557000011,28.235809529999983],[103.64199494999997,28.26382868999997],[103.63045969999996,28.26362565000005],[103.61617243,28.24726848000006],[103.56583102000013,28.23033318000023],[103.55066798151842,28.19488030949333],[103.50029861999991,28.146570030000078],[103.46809315999997,28.125546010000107],[103.44865648000007,28.124718750000056],[103.447302449,28.11293861700034],[103.45650399324944,28.101628403580662],[103.43072149000011,28.075508909999996],[103.43278702200013,28.041305802000124],[103.45566318800019,28.024766587000272],[103.46856280300017,28.034858267000175],[103.48742625200015,28.03485864700002],[103.49405789000014,28.02592801200035],[103.49684452600013,27.987537029000237],[103.5135458860002,27.969029466000222],[103.53536731600019,27.9685093880002],[103.55181481500011,27.981496594000248],[103.56233491400008,27.979724103000024],[103.55947070000002,27.962456799999984],[103.53667787000012,27.955543390000116],[103.50091616000003,27.915236480000033],[103.50222824000008,27.85615992000004],[103.49127370999997,27.842909870000085],[103.47277514000007,27.84047701000003],[103.46455387000003,27.829298290000054],[103.44572492999998,27.82487368000011],[103.43830151000003,27.84840215000014],[103.38478082,27.89977471000026],[103.30365897000007,27.90157720999997],[103.26549394000011,27.87998015000005],[103.25426155000014,27.893652700000132],[103.24016659000011,27.89231415000006],[103.2371458500001,27.908503020000012],[103.26687446000011,27.948973580000086],[103.28268829000012,27.991289509999945],[103.30500407,28.020500569999967],[103.32647860000009,28.02654959000006],[103.31190448000001,28.05646372000001],[103.28701074999998,28.058608570000047],[103.27781744000015,28.10860927999994],[103.29510757000003,28.132706850000204],[103.29093260000013,28.151493809999977],[103.20310592000004,28.1978687000003],[103.16962870999998,28.235082970000292],[103.18406957000002,28.246299840000233],[103.22357552000011,28.254732900000022],[103.24857221000013,28.27748909000013],[103.22900811,28.352607750000004],[103.24022153000004,28.387754650000034],[103.23410227999995,28.403840070000058],[103.25671894000004,28.41805001000023],[103.25046179000014,28.44139576000009],[103.23652400000014,28.456263520000107],[103.2453340400001,28.473551780000037],[103.24399817000005,28.516538309999987],[103.25205567000006,28.544615490000126],[103.28582448000009,28.536397730000203],[103.29984337000002,28.5214114500003],[103.33592045000006,28.448475000000144],[103.35479985,28.444181930000013],[103.3680555200001,28.426609439999993],[103.3861734400001,28.42392631000024],[103.42741045000002,28.45271659000008],[103.43780225000012,28.473691520000045],[103.44062343000013,28.495649360000186],[103.41960476000008,28.51479269999993],[103.42740114999998,28.535055279999938],[103.50208298000013,28.563737440000068],[103.52718572000003,28.59397895000029],[103.52860055000002,28.615623220000032],[103.55871973000006,28.610452120000105],[103.58986171999999,28.617947210000125],[103.61195231000005,28.600889760000086]]]},"properties":{"nameZh":"雷波县","nameEn":"雷波县","code":"513437000000","severity":"general","severityZh":"一般灾区","severityEn":"Generally affected","disasterTypeZh":"一般灾区","landformBasinShare":0.0,"landformMountainShare":0.9356330014224751,"landformPlateauShare":0.0643669985775249,"settlementBasinShare":0.0,"settlementMountainShare":1.0,"settlementPlateauShare":0.0,"landformTypeZh":"中山县","donorBasin":0,"donorMountain":1,"donorPlateau":0,"labelEn":"","landformTypeEn":"Mountain county"}},{"type":"Feature","geometry":{"type":"Polygon","coordinates":[[[106.17585374000004,31.07255772000002],[106.17355342000013,31.053469130000167],[106.18539329000009,31.05175471000024],[106.2029530000001,31.029324780000138],[106.22424360000008,31.024309640000126],[106.22143178999994,31.019375110000055],[106.20312666000007,31.022909700000127],[106.19889974000012,31.015946460000237],[106.20877632999998,31.006895540000073],[106.19264925000004,30.987930619999986],[106.2153815100001,30.98213857000019],[106.22538874999998,30.986145450000095],[106.23307891000013,30.979859820000115],[106.23875433000006,30.99152717000021],[106.2510524700001,30.982710670000074],[106.25924637000003,30.994744799999978],[106.27646572000015,30.980727909999985],[106.27867892000012,30.96995964000007],[106.24700033000005,30.945445769999992],[106.23318282000002,30.94979229000029],[106.22036405000006,30.96899318000021],[106.18701656000007,30.951637079999955],[106.1706805500001,30.881919380000227],[106.17351382000004,30.871324710000067],[106.14626929000002,30.86900911000015],[106.14572284000008,30.860644899999954],[106.12460005000014,30.84493696000004],[106.12192634000007,30.808686870000088],[106.11511927999993,30.802907400000095],[106.10313764999995,30.805554570000083],[106.0926763,30.794051110000055],[106.08933330000002,30.780664690000208],[106.09750336000008,30.76747826000002],[106.07663983000009,30.766081710000094],[106.05703547000002,30.790407980000055],[106.03617222000003,30.79386677000008],[106.03918520000013,30.798209350000036],[106.02701383000004,30.80798642000002],[106.03660666999991,30.829903170000136],[106.02415687000013,30.830013080000185],[106.01602281999999,30.84548136999996],[106.00706385000001,30.832098220000034],[105.99622209,30.86167461000008],[105.94750346000006,30.89510956999999],[105.96650208999995,30.91768561999993],[105.95985349,30.933357860000115],[105.96851621999997,30.93669217000013],[105.97304699000006,30.94916733000008],[105.98359272000005,30.943413930000133],[106.01460885000006,30.957272480000313],[106.01868883999992,30.96815343999998],[106.00702158000007,31.00010414000002],[106.01967861000014,30.996901000000037],[106.02812468000013,31.007878660000074],[106.03648482,31.039053770000066],[106.04788449000011,31.041622159999974],[106.04082604999996,31.04362408000003],[106.05444809,31.05642346000002],[106.05084482000012,31.06449350000014],[106.06550039000001,31.076099640000166],[106.05917096999997,31.091246290000186],[106.07190780000008,31.091066039999987],[106.07156066999994,31.10035632000006],[106.08670291999994,31.103581300000087],[106.10852976000007,31.086619629999973],[106.12535556000012,31.0859382700001],[106.13426305000013,31.110815520000017],[106.15121841000007,31.104180690000305],[106.15368398999993,31.089890890000106],[106.16765133000007,31.090756300000123],[106.1661053900001,31.07288326000031],[106.17585374000004,31.07255772000002]]]},"properties":{"nameZh":"顺庆区","nameEn":"顺庆区","code":"511302000000","severity":"general","severityZh":"一般灾区","severityEn":"Generally affected","disasterTypeZh":"一般灾区","landformBasinShare":1.0,"landformMountainShare":0.0,"landformPlateauShare":0.0,"settlementBasinShare":1.0,"settlementMountainShare":0.0,"settlementPlateauShare":0.0,"landformTypeZh":"盆地县","donorBasin":1,"donorMountain":0,"donorPlateau":0,"labelEn":"","landformTypeEn":"Basin county"}},{"type":"Feature","geometry":{"type":"Polygon","coordinates":[[[106.48359270999998,30.79045307000007],[106.46255709000013,30.763278979999995],[106.4440395200001,30.755704750000007],[106.4370061300001,30.729519010000217],[106.41706352000006,30.71294863000014],[106.41901689000002,30.695609590000288],[106.39837033000009,30.69745912000002],[106.38784779000002,30.682209530000193],[106.37693409999991,30.695365700000025],[106.36029062000006,30.699722900000097],[106.35580220999992,30.70748082],[106.36285167000005,30.715949630000125],[106.35053347999991,30.724539950000178],[106.33311073000004,30.711177550000173],[106.31013397999999,30.710455560000298],[106.32064558000002,30.701572940000233],[106.31033310999999,30.70075281000004],[106.31298908999997,30.693764139999985],[106.30090699000004,30.688009570000304],[106.28931115,30.693675450000114],[106.28296609000012,30.70768861000016],[106.25893322000007,30.712031460000105],[106.25413364000013,30.72806761000021],[106.24967278999998,30.713628680000113],[106.23879748000007,30.73150732000005],[106.23585562000005,30.722508799999957],[106.20391620000004,30.72723203999999],[106.21367977,30.707173189999935],[106.23402496000006,30.70967425000015],[106.23366006000009,30.6900213400001],[106.22234242999997,30.69849993000014],[106.22144821000006,30.690671800000302],[106.21041705000005,30.690276270000254],[106.21399278000013,30.680211100000008],[106.17318880999994,30.653110309999988],[106.16248556000005,30.655087409999965],[106.17554942000004,30.621329000000117],[106.18834389999995,30.615449409999997],[106.18696389000002,30.6077410500003],[106.17633638999996,30.598177550000003],[106.15758010000008,30.604462090000027],[106.14879575999998,30.584263960000044],[106.13341207000008,30.570497400000022],[106.12209113,30.577505580000036],[106.12479982000013,30.58352146000027],[106.11127360000006,30.580368799999974],[106.09797218,30.596694900000102],[106.11285322000003,30.61903713000021],[106.11536596000013,30.6376645200001],[106.10306002999994,30.673284430000137],[106.09558432000011,30.67535386999998],[106.06861632000005,30.654150969999932],[106.05644505999999,30.65806348000001],[106.04785794000003,30.67203610000007],[106.06652460999999,30.701086220000093],[106.09113066000003,30.716904620000093],[106.10260868000006,30.708518930000082],[106.10938958999998,30.689405270000123],[106.11360012,30.692389880000178],[106.1142684300001,30.711309480000068],[106.10567332,30.72930313000029],[106.07347948000006,30.735402010000257],[106.07090439000001,30.743042750000086],[106.08301293,30.76649236999998],[106.09750336000008,30.76747826000002],[106.08933330000002,30.780664690000208],[106.09614939999994,30.799216370000238],[106.12192634000007,30.808686870000088],[106.12622387000005,30.84719464000017],[106.14572284000008,30.860644899999954],[106.14626929000002,30.86900911000015],[106.17351382000004,30.871324710000067],[106.18551494000002,30.949623610000003],[106.2183502800001,30.968542520000028],[106.24179226000007,30.945113690000085],[106.26411517000003,30.956920799999978],[106.27886132999993,30.974616730000264],[106.29743530000002,30.96426921000011],[106.31081971000009,30.92567901000018],[106.33131359000004,30.909083590000023],[106.30318976000007,30.89493748000018],[106.28438107000011,30.907477649999976],[106.28591691000003,30.89699158999997],[106.3068181000001,30.881899480000186],[106.31293678000009,30.890418350000175],[106.33585411000001,30.8808741900001],[106.34656628999994,30.88327053000029],[106.37666499000005,30.85738554000011],[106.38815990000006,30.830922660000113],[106.40825095000014,30.825935400000105],[106.41052527,30.812651790000245],[106.43512273000005,30.815458150000268],[106.48359270999998,30.79045307000007]]]},"properties":{"nameZh":"高坪区","nameEn":"高坪区","code":"511303000000","severity":"general","severityZh":"一般灾区","severityEn":"Generally affected","disasterTypeZh":"一般灾区","landformBasinShare":1.0,"landformMountainShare":0.0,"landformPlateauShare":0.0,"settlementBasinShare":1.0,"settlementMountainShare":0.0,"settlementPlateauShare":0.0,"landformTypeZh":"盆地县","donorBasin":1,"donorMountain":0,"donorPlateau":0,"labelEn":"","landformTypeEn":"Basin county"}},{"type":"Feature","geometry":{"type":"MultiPolygon","coordinates":[[[[105.94750346000006,30.89510956999999],[105.99622209,30.86167461000008],[106.00706385000001,30.832098220000034],[106.01602281999999,30.84548136999996],[106.02415687000013,30.830013080000185],[106.03660666999991,30.829903170000136],[106.02691811999995,30.80833149],[106.03918520000013,30.798209350000036],[106.03589502,30.794129300000122],[106.05685283999998,30.79055120000021],[106.06163712000006,30.779438640000194],[106.08301293,30.76649236999998],[106.07083984000002,30.73730868000007],[106.0998566400001,30.733212090000052],[106.10923327,30.72460041000022],[106.11559704000007,30.70261174000001],[106.11139473999998,30.69012827000006],[106.09113066000003,30.716904620000093],[106.06652460999999,30.701086220000093],[106.04723333000004,30.67480912000019],[106.05644505999999,30.65806348000001],[106.06861632000005,30.654150969999932],[106.09558432000011,30.67535386999998],[106.10306002999994,30.673284430000137],[106.11536596000013,30.6376645200001],[106.11285322000003,30.61903713000021],[106.09797218,30.596694900000102],[106.11095138000007,30.580577500000004],[106.12479982000013,30.58352146000027],[106.12481746999998,30.573487120000095],[106.13737921,30.56879484000018],[106.11964247000009,30.547774360000176],[106.10714012000005,30.504606070000307],[106.08987142000012,30.50660639000006],[106.08355967000011,30.495304760000067],[106.07731695999996,30.49939248000004],[106.06416260999998,30.49358101000024],[106.06150584000005,30.501942359999987],[106.04856079000012,30.502799450000225],[106.05010648000012,30.51184678000004],[106.03592068,30.51016315000004],[106.04207584,30.515409340000303],[106.03546935999998,30.52072106000014],[106.02416585000014,30.50780814000001],[106.02906153000004,30.497894939999924],[106.02168461000002,30.484461560000113],[106.00005036000005,30.49443649999995],[105.99191678000011,30.488411870000107],[105.97716023000004,30.49105822000024],[105.96704855000007,30.479815640000083],[105.95147813,30.51638000000014],[105.94211258000007,30.515899680000018],[105.94520270999999,30.502500529999963],[105.92883426000009,30.520733060000055],[105.92567516000003,30.51240368999993],[105.91598921000008,30.519085529999984],[105.91287308,30.509400700000015],[105.92296727999997,30.497215270000027],[105.92896409000002,30.50256628000028],[105.94519404999994,30.497143080000114],[105.94596704000014,30.48059104000015],[105.93437960000011,30.486313760000257],[105.92440791999996,30.482584650000263],[105.92295858999995,30.492083719999982],[105.91927005000014,30.469930420000026],[105.90325686,30.461925820000147],[105.88949147000005,30.467641329999992],[105.88302663000002,30.460975750000046],[105.87156060000007,30.471652360000235],[105.88443218999993,30.479744790000098],[105.88367685999998,30.496924649999983],[105.8638794800001,30.49987370000025],[105.85670152,30.487717120000184],[105.84108629000013,30.500710840000238],[105.84544335000004,30.50997274000025],[105.85920948000006,30.515201880000006],[105.87315798000009,30.55982046000014],[105.85135474999993,30.567344980000087],[105.84839430999995,30.578538150000043],[105.83633796999999,30.58198276000013],[105.81933262000001,30.607679290000135],[105.81968027000005,30.62461520000005],[105.8041761500001,30.62897928000001],[105.8101660700001,30.65397134],[105.79525143000006,30.68790489000014],[105.79713903999993,30.708878040000172],[105.78898408000003,30.713954270000045],[105.79198782000009,30.73654858000026],[105.77878304000012,30.752484149999987],[105.7892615500001,30.762479490000146],[105.77863579000001,30.787562770000022],[105.79227593999991,30.808169760000112],[105.78079751000001,30.811938209999994],[105.78058041999998,30.826326090000293],[105.75273769,30.842847690000212],[105.75531599000004,30.85268092000007],[105.74315200000007,30.85493148000012],[105.75017599,30.861162980000017],[105.7398358100001,30.85839919],[105.72641378999998,30.877943980000282],[105.74118953000004,30.881550780000282],[105.73953996999995,30.89217111000005],[105.75770340000003,30.898208990000114],[105.78264655000004,30.894433330000197],[105.76814758,30.90540917000027],[105.78592763000012,30.923515860000066],[105.82278855999999,30.92090961000025],[105.83176414000013,30.926585139999986],[105.83435064000008,30.915204500000186],[105.85204057000004,30.912583700000027],[105.86155184000006,30.887702010000112],[105.86546901999998,30.899974080000163],[105.87944201000005,30.899541500000055],[105.88991769999996,30.91080692999992],[105.93148144999992,30.875737580000134],[105.94750346000006,30.89510956999999]],[[105.91779430000008,30.497865239999953],[105.91143217000001,30.496651280000265],[105.91138032000015,30.494979780000165],[105.91855763000001,30.492916949999994],[105.91779430000008,30.497865239999953]],[[105.90273685999995,30.483460370000046],[105.89672166999998,30.484088609999958],[105.90083514999998,30.47466000000003],[105.9142008500001,30.472826900000086],[105.90273685999995,30.483460370000046]]],[[[105.7619402300001,30.899414380000223],[105.75911028000007,30.90373444000005],[105.76785261000009,30.902146809999977],[105.76686321000011,30.900017279999986],[105.7619402300001,30.899414380000223]]]]},"properties":{"nameZh":"嘉陵区","nameEn":"嘉陵区","code":"511304000000","severity":"general","severityZh":"一般灾区","severityEn":"Generally affected","disasterTypeZh":"一般灾区","landformBasinShare":1.0,"landformMountainShare":0.0,"landformPlateauShare":0.0,"settlementBasinShare":1.0,"settlementMountainShare":0.0,"settlementPlateauShare":0.0,"landformTypeZh":"盆地县","donorBasin":1,"donorMountain":0,"donorPlateau":0,"labelEn":"","landformTypeEn":"Basin county"}},{"type":"Feature","geometry":{"type":"Polygon","coordinates":[[[105.68562760000003,31.599827210000058],[105.6898298800001,31.585196170000245],[105.70082903000014,31.584220200000118],[105.70943219000003,31.567343870000002],[105.71834822,31.56937038000001],[105.72542443999998,31.559700559999953],[105.75724383,31.5599122000001],[105.7741133500001,31.548915830000055],[105.78499101000006,31.55428098000027],[105.78460903000007,31.562751900000023],[105.79765748000005,31.556700420000254],[105.80794505,31.56710023000028],[105.81473285999994,31.55901005000004],[105.82324878000003,31.561193820000256],[105.82811889999994,31.531293490000223],[105.8230236600001,31.523480740000025],[105.81333540000014,31.524255589999996],[105.81511498999993,31.519378430000245],[105.80392486000011,31.5218500900001],[105.79596397000006,31.506395860000225],[105.81838762000001,31.47843736000027],[105.79915945999994,31.465556499999934],[105.7987596000001,31.45289328000007],[105.82406501000008,31.45166599000015],[105.82054079,31.460234679999985],[105.82767548000004,31.458511430000044],[105.83988034000004,31.439834700000006],[105.82305807000006,31.435644500000024],[105.8232469300001,31.42743572000029],[105.85592915000007,31.421758450000027],[105.8636022500001,31.395696859999987],[105.87142279,31.399165130000085],[105.86524273000009,31.404580580000186],[105.87485105999997,31.41331087000026],[105.88519653000014,31.396052050000094],[105.89900448000003,31.394983879999984],[105.87897738999999,31.376504450000084],[105.88573429000002,31.370094779999988],[105.90063587000003,31.37983002000027],[105.91253483000008,31.365387850000275],[105.93294727000006,31.364744540000174],[105.94804077999999,31.37937725000029],[105.94680869999996,31.401682650000225],[105.95560926000002,31.41292002000006],[105.97598920000013,31.412388980000003],[105.97961641000006,31.42520530000013],[105.98857531000004,31.428644720000136],[106.00891327000005,31.419803210000282],[106.03445350999993,31.42102644000005],[106.04089488,31.40257892000011],[106.04917725999996,31.40029907000013],[106.09197191999999,31.408117060000222],[106.12020724000013,31.419733940000015],[106.12686604000004,31.43235854000011],[106.15116587999995,31.43801772000029],[106.15443805999996,31.423295960000246],[106.18000874000006,31.435449670000253],[106.18802258000005,31.42259089999999],[106.19507948,31.428532270000062],[106.22200299999997,31.420165300000008],[106.24199145,31.434702120000225],[106.26124127000008,31.427950370000246],[106.2577955700001,31.43776694000013],[106.27295801999998,31.436430200000018],[106.29132429999993,31.464440220000142],[106.29885736000011,31.462175600000023],[106.30322354000003,31.444720620000112],[106.31777141000009,31.44074467000013],[106.3246460900001,31.424305210000057],[106.35650458999999,31.402136090000056],[106.3518515500001,31.38742838000013],[106.33796210999998,31.387571550000075],[106.33362934999997,31.37999580000013],[106.37005627000002,31.371358880000116],[106.38092676000008,31.357849020000003],[106.37379844000003,31.34089266000018],[106.35972519,31.339072390000013],[106.35775462000004,31.332181610000077],[106.33156406999996,31.325611260000017],[106.2946728500001,31.3318266],[106.29061983999992,31.337941760000092],[106.30619169999994,31.36529303000009],[106.30670322000003,31.384874300000206],[106.26561549999997,31.38585334999999],[106.26281207,31.37597113999999],[106.24319763,31.367024220000133],[106.25176318000013,31.363109860000066],[106.24222531999999,31.341722230000073],[106.24806596999991,31.32802406999997],[106.23577639000007,31.31820579999993],[106.2417734600001,31.308410970000068],[106.21910352000003,31.310067530000197],[106.20812378,31.320149420000007],[106.19790866,31.309572750000086],[106.19414090999999,31.302800320000017],[106.20801063000005,31.28859717000006],[106.20065986000009,31.27910772000007],[106.20628368999996,31.267377480000107],[106.22005796999997,31.26890660000015],[106.23098456000002,31.260000450000064],[106.23221791999998,31.246055099999978],[106.22054063000013,31.233284410000067],[106.22267144,31.215783260000308],[106.24383957999999,31.208015730000113],[106.26185006999998,31.217157629999974],[106.27432213000009,31.199512659999982],[106.26283077,31.19101640000008],[106.25988849000004,31.159334849999937],[106.23133873000006,31.148357350000083],[106.23599494000001,31.135455160000163],[106.21911382000002,31.13096618999998],[106.21281255000002,31.11270521000023],[106.1981007500001,31.10721816000006],[106.19473378000004,31.115032650000046],[106.18128760000002,31.114751640000065],[106.17055894999999,31.109271700000022],[106.17659222999998,31.103508090000048],[106.16925734000012,31.09376666999998],[106.17958663000013,31.094287620000102],[106.17702616000003,31.08647919000009],[106.18425636,31.08054360999995],[106.16991714,31.07038582000007],[106.16765133000007,31.090756300000123],[106.15368398999993,31.089890890000106],[106.15040183999997,31.104900860000043],[106.12950631000001,31.1102722400002],[106.12642383000002,31.086513250000053],[106.10976245000012,31.086395510000102],[106.06438896000003,31.11217838000016],[106.03787401,31.11370411000007],[106.03344672000014,31.121618590000026],[106.03886405000003,31.130882659999997],[106.00778466999992,31.129895590000046],[106.01200382999997,31.138233680000212],[106.00272414000011,31.148693049999963],[106.01322853000005,31.15248871000017],[106.01385353000006,31.164708670000152],[106.02608486999992,31.17317305000006],[106.01393131999993,31.179431100000045],[106.01203927000006,31.192806120000228],[105.9930370300001,31.198918500000048],[105.98974672999998,31.20785527999999],[105.98298594999994,31.20318185000002],[105.96888916000012,31.21237104000005],[105.96244086000002,31.20483078000001],[105.95557548000005,31.214497320000305],[105.93854702999994,31.203227250000225],[105.92861746000011,31.216158790000293],[105.9250939100001,31.209023650000006],[105.93233196999995,31.190965380000137],[105.92501633000006,31.187355110000226],[105.90977563000007,31.19296257000002],[105.89453543000013,31.19052650000026],[105.89190579999996,31.18370127000003],[105.85125192999999,31.18832896000015],[105.83995916000015,31.17937112000004],[105.82376985000002,31.180723510000234],[105.81629526000006,31.189074419999997],[105.82284127000008,31.19436012],[105.81958566000003,31.218285730000048],[105.80907300000007,31.223619940000162],[105.79738780000008,31.217742700000258],[105.78929721000003,31.232503700000166],[105.77353942000008,31.231477139999924],[105.76211456999994,31.24002345000008],[105.74922072999999,31.230968120000284],[105.73750916,31.259084309999935],[105.7113589600001,31.25018135000016],[105.69507304000012,31.25905828000009],[105.6993876900001,31.249436490000164],[105.68177401000003,31.246351119999986],[105.67139998000005,31.258111680000127],[105.6431026300001,31.260540900000024],[105.63681036000014,31.28232104],[105.62510975999993,31.292216240000016],[105.61129258,31.298411220000105],[105.5920601300001,31.293349339999963],[105.59212035999997,31.306046500000207],[105.60611140000009,31.329375050000067],[105.60108601000013,31.34049127999998],[105.62195061000006,31.345108780000146],[105.63385068000002,31.3567876700003],[105.6242077600001,31.355798730000004],[105.6398478100001,31.37392820000008],[105.63817240000003,31.397123270000066],[105.62929316000003,31.396918229999983],[105.61872155000003,31.40924333000015],[105.60874912000003,31.398717130000136],[105.58775555000011,31.3996385600002],[105.5702062900001,31.384004970000206],[105.56476387000009,31.405965519999995],[105.55043539000008,31.404242990000114],[105.54587850999997,31.393915770000262],[105.52954373000006,31.403898200000015],[105.52150601000011,31.393568630000118],[105.4964111700001,31.403684820000137],[105.47670587000005,31.428032820000112],[105.48030010000008,31.44545029000028],[105.48806924000002,31.439283439999997],[105.49741863999998,31.45920324000008],[105.46758194000006,31.487885050000045],[105.45450786000009,31.476772219999987],[105.43721295,31.483206360000167],[105.4590043,31.500742190000153],[105.45232783000006,31.509404380000092],[105.45849245000011,31.51380123000007],[105.45561876,31.529714560000116],[105.46728649999994,31.53324747000005],[105.47436272999994,31.547531510000113],[105.49168946000003,31.55048283000025],[105.48636825999995,31.561724180000056],[105.49893740000005,31.566696350000257],[105.49420671999997,31.57847166000022],[105.51530893,31.582229740000116],[105.53184331000006,31.56708097000012],[105.54824752000007,31.56411198000029],[105.57599529999999,31.568007850000072],[105.5789463700001,31.579928450000125],[105.59578301999994,31.58333639],[105.60605931000003,31.55357607000002],[105.61512876000012,31.55635263000005],[105.61899161999997,31.58656941999999],[105.63602891999994,31.58990763999998],[105.62847770000008,31.601870030000157],[105.6473737,31.616755630000057],[105.65621835000013,31.602700710000136],[105.68045437000012,31.611259560000065],[105.68562760000003,31.599827210000058]],[[105.49102139000001,31.55444653000029],[105.49036963000009,31.553918620000104],[105.49172442999992,31.552661770000043],[105.49187174000002,31.554268090000278],[105.49102139000001,31.55444653000029]]]},"properties":{"nameZh":"南部县","nameEn":"南部县","code":"511321000000","severity":"general","severityZh":"一般灾区","severityEn":"Generally affected","disasterTypeZh":"一般灾区","landformBasinShare":1.0,"landformMountainShare":0.0,"landformPlateauShare":0.0,"settlementBasinShare":1.0,"settlementMountainShare":0.0,"settlementPlateauShare":0.0,"landformTypeZh":"盆地县","donorBasin":1,"donorMountain":0,"donorPlateau":0,"labelEn":"","landformTypeEn":"Basin county"}},{"type":"Feature","geometry":{"type":"MultiPolygon","coordinates":[[[[106.86056536000012,31.403003820000094],[106.86926162000009,31.40116912999997],[106.87518094000006,31.38943631000018],[106.88441560999996,31.394645670000273],[106.88907613999993,31.38700196000002],[106.91384505000013,31.379811780000182],[106.90990525000012,31.375044700000103],[106.92934715000007,31.347255290000135],[106.94415176000001,31.341205860000173],[106.93025631999996,31.31141454000027],[106.93806684999998,31.29475124999999],[106.94421994999999,31.290131400000007],[106.96081478999992,31.294719490000205],[106.93930781,31.272203040000022],[106.94201521000002,31.266816190000213],[106.96058842000002,31.25316709000009],[106.95442797999993,31.218659640000055],[106.94783990000002,31.223552260000247],[106.9326438,31.198372270000164],[106.93351076999994,31.180056820000118],[106.94702433000003,31.166338549999978],[106.93512541999996,31.135926690000076],[106.92727894000001,31.135512599999913],[106.93130639999998,31.119032650000065],[106.90309188000003,31.108904740000014],[106.89080285,31.090046630000018],[106.86791537000005,31.085789910000074],[106.83710226,31.066033400000208],[106.82652096000004,31.055275840000263],[106.82942967000002,31.046762069999943],[106.8079698200001,31.003733859999954],[106.79545990000008,30.994689910000034],[106.78235946000007,30.99743869999992],[106.77958109000008,30.97351918000004],[106.72754122000015,30.976048110000022],[106.7389061500001,30.95837576999992],[106.71912891000011,30.94906488999993],[106.70323217999999,30.918365250000022],[106.67340401000007,30.925559810000095],[106.62658539,30.908807160000038],[106.61528480000004,30.91386439000013],[106.60686566999993,30.930090050000274],[106.59645121999995,30.9209208500003],[106.58831104000006,30.923049090000177],[106.58056052,30.939626240000052],[106.58486507000003,30.94866214000001],[106.57035453000009,30.952290490000223],[106.5667010200001,30.963059110000017],[106.59477665999998,30.980009730000063],[106.57166516999996,31.00398094999997],[106.55756233,31.005417800000032],[106.56072947000001,31.018743980000067],[106.52697605000003,31.01482466000016],[106.51782831000008,31.02072343000009],[106.49669175000002,31.01418817000024],[106.48038071999997,31.01904703000008],[106.47011988000008,31.046155620000036],[106.45800913000005,31.055077259999962],[106.45806941000006,31.068501869999977],[106.44315350999995,31.070588040000302],[106.45003882999998,31.09054516000026],[106.47617070000013,31.094582500000172],[106.47567579000003,31.102400830000306],[106.46758451000005,31.10067545999999],[106.44517745000007,31.114580939999996],[106.44700898000013,31.130803060000005],[106.42531204000011,31.144887810000114],[106.43569600000001,31.178044850000106],[106.44394385999999,31.17970491000017],[106.44600206000013,31.19109546000027],[106.46664723999999,31.18996585000002],[106.48503385000004,31.200155870000117],[106.48159573999993,31.21443106000015],[106.50506019,31.229806830000143],[106.50981407000006,31.247956790000103],[106.51818964000012,31.252949630000046],[106.51867127999998,31.263890330000038],[106.51551283000015,31.257984920000297],[106.5046189200001,31.260350170000038],[106.51917916000008,31.27211632999996],[106.52292037000001,31.286625750000212],[106.53319726000001,31.285749660000022],[106.54345624000007,31.27342218000001],[106.54799552999998,31.27664016],[106.54012284999999,31.267378389999976],[106.56557815999992,31.265806150000117],[106.56688907000006,31.25410271000004],[106.57844079999995,31.24976852000009],[106.58100909000001,31.268763089999993],[106.59114034000004,31.271819320000077],[106.58641811000012,31.281902170000194],[106.61431283000007,31.289235590000146],[106.62233233,31.298218179999935],[106.64438643000005,31.292272710000077],[106.65784028000002,31.30095607999999],[106.69002822999994,31.29065079999998],[106.73902775000005,31.31200221000006],[106.74033910999998,31.33238657999999],[106.76455338000011,31.323234389999982],[106.75917915000008,31.32865034999992],[106.76925949999992,31.349307040000042],[106.74701615999999,31.371083360000057],[106.77202913999997,31.383534980000036],[106.77762894,31.397205900000017],[106.79985396000001,31.375736309999922],[106.83971574000003,31.404049100000066],[106.86056536000012,31.403003820000094]]],[[[106.94432415000011,31.26716949000013],[106.94260535999996,31.267978560000074],[106.94565180999996,31.269977610000126],[106.94536579999993,31.268651750000004],[106.94432415000011,31.26716949000013]]]]},"properties":{"nameZh":"营山县","nameEn":"营山县","code":"511322000000","severity":"general","severityZh":"一般灾区","severityEn":"Generally affected","disasterTypeZh":"一般灾区","landformBasinShare":0.936313533374158,"landformMountainShare":0.06368646662584201,"landformPlateauShare":0.0,"settlementBasinShare":0.9532346063912704,"settlementMountainShare":0.04676539360872954,"settlementPlateauShare":0.0,"landformTypeZh":"盆地县","donorBasin":1,"donorMountain":0,"donorPlateau":0,"labelEn":"","landformTypeEn":"Basin county"}},{"type":"Feature","geometry":{"type":"Polygon","coordinates":[[[106.50623744000006,31.26502500000015],[106.50564113000013,31.257802280000078],[106.51551283000015,31.257984920000297],[106.51756520000015,31.264199100000212],[106.52085552000005,31.25983408999997],[106.50506019,31.229806830000143],[106.48159573999993,31.21443106000015],[106.48503385000004,31.200155870000117],[106.46664723999999,31.18996585000002],[106.44478676000011,31.19033138000009],[106.42525991000002,31.146120110000084],[106.44700898000013,31.130803060000005],[106.44517745000007,31.114580939999996],[106.46758451000005,31.10067545999999],[106.47567579000003,31.102400830000306],[106.47617070000013,31.094582500000172],[106.45003882999998,31.09054516000026],[106.44315350999995,31.070588040000302],[106.45806941000006,31.068501869999977],[106.45800913000005,31.055077259999962],[106.47011988000008,31.046155620000036],[106.48038071999997,31.01904703000008],[106.49669175000002,31.01418817000024],[106.51782831000008,31.02072343000009],[106.52697605000003,31.01482466000016],[106.56072947000001,31.018743980000067],[106.55756233,31.005417800000032],[106.57166516999996,31.00398094999997],[106.59477665999998,30.980009730000063],[106.5667010200001,30.963059110000017],[106.57035453000009,30.952290490000223],[106.58486507000003,30.94866214000001],[106.58056052,30.939626240000052],[106.58831104000006,30.923049090000177],[106.59645121999995,30.9209208500003],[106.60686566999993,30.930090050000274],[106.61528480000004,30.91386439000013],[106.62658539,30.908807160000038],[106.64683460000015,30.92065740999999],[106.66161601999994,30.918652350000002],[106.68535793000007,30.88765133000021],[106.67231056000003,30.871626840000204],[106.67442868000012,30.853601970000057],[106.66539253999997,30.836657749999972],[106.62582126000001,30.823668170000133],[106.61210789000012,30.82953973000008],[106.61179580000004,30.80609176000013],[106.62267041000007,30.792019039999957],[106.61549238999999,30.76995592000003],[106.57976252000009,30.75900301000007],[106.58387584000008,30.742454630000054],[106.53905811999999,30.745625810000092],[106.52633384,30.735066750000044],[106.50309782,30.763334429999986],[106.50382650000006,30.787024210000254],[106.45015160000008,30.8037941500001],[106.43512273000005,30.815458150000268],[106.4117586800001,30.811948890000167],[106.40825095000014,30.825935400000105],[106.38815990000006,30.830922660000113],[106.37666499000005,30.85738554000011],[106.34656628999994,30.88327053000029],[106.33585411000001,30.8808741900001],[106.31293678000009,30.890418350000175],[106.3068181000001,30.881899480000186],[106.28591691000003,30.89699158999997],[106.28438107000011,30.907477649999976],[106.30318976000007,30.89493748000018],[106.33116580000006,30.9116184100003],[106.31081971000009,30.92567901000018],[106.30172299000003,30.96025829000007],[106.26042638999996,30.994206480000003],[106.2510524700001,30.982710670000074],[106.23875433000006,30.99152717000021],[106.23307891000013,30.979859820000115],[106.22538874999998,30.986145450000095],[106.2153815100001,30.98213857000019],[106.19264925000004,30.987930619999986],[106.20877632999998,31.006895540000073],[106.19889974000012,31.015946460000237],[106.20312666000007,31.022909700000127],[106.22143178999994,31.019375110000055],[106.22424360000008,31.024309640000126],[106.2029530000001,31.029324780000138],[106.18539329000009,31.05175471000024],[106.17355342000013,31.053469130000167],[106.17576731999998,31.07650937000011],[106.18425636,31.08054360999995],[106.17702616000003,31.08647919000009],[106.17958663000013,31.094287620000102],[106.16885749000005,31.094678420000093],[106.17659222999998,31.103508090000048],[106.17055894999999,31.109271700000022],[106.19390837999993,31.115332149999972],[106.1981007500001,31.10721816000006],[106.21045189000006,31.11097532000008],[106.21911382000002,31.13096618999998],[106.23599494000001,31.135455160000163],[106.23133873000006,31.148357350000083],[106.25988849000004,31.159334849999937],[106.26283077,31.19101640000008],[106.27432213000009,31.199512659999982],[106.26196307999993,31.21527843000007],[106.26936647000002,31.22167700000017],[106.30407600000007,31.220291020000047],[106.29104711000014,31.194966390000104],[106.30574185000006,31.192821020000224],[106.325038,31.22551538999994],[106.34790349000008,31.233771560000264],[106.35328255000002,31.24821635000029],[106.37852887000008,31.24976858000008],[106.40342136000004,31.27619484000013],[106.41565481000004,31.278321140000003],[106.43626648999998,31.259976100000017],[106.45524558,31.271211750000077],[106.46750366999999,31.264720280000006],[106.50623744000006,31.26502500000015]]]},"properties":{"nameZh":"蓬安县","nameEn":"蓬安县","code":"511323000000","severity":"general","severityZh":"一般灾区","severityEn":"Generally affected","disasterTypeZh":"一般灾区","landformBasinShare":1.0,"landformMountainShare":0.0,"landformPlateauShare":0.0,"settlementBasinShare":1.0,"settlementMountainShare":0.0,"settlementPlateauShare":0.0,"landformTypeZh":"盆地县","donorBasin":1,"donorMountain":0,"donorPlateau":0,"labelEn":"","landformTypeEn":"Basin county"}},{"type":"Feature","geometry":{"type":"Polygon","coordinates":[[[106.71092491000002,31.574824340000077],[106.71987701,31.56458101999999],[106.75739253000006,31.567481180000186],[106.76604863,31.576972669999975],[106.7730374200001,31.565166250000118],[106.76234165000005,31.557803330000013],[106.76702088000002,31.545870449999995],[106.76208085999997,31.539764639999987],[106.77643171000005,31.540459600000304],[106.78120717000013,31.53345675000014],[106.81738811000008,31.550140629999987],[106.82020865000004,31.543602460000102],[106.80786824,31.527024390000122],[106.81143578999996,31.517380930000172],[106.82352805000005,31.520454080000036],[106.82257312000007,31.51327715000008],[106.83809385999996,31.505425990000276],[106.83835411000001,31.47682485000007],[106.84479404000012,31.469715440000186],[106.8344651700001,31.454654879999964],[106.84922946000012,31.454092850000052],[106.85623397000006,31.439664800000116],[106.86459308000013,31.44044111000005],[106.86721360000007,31.428849890000038],[106.87921756999992,31.42409070000008],[106.86056536000012,31.403003820000094],[106.83971574000003,31.404049100000066],[106.80126867000001,31.37603658000029],[106.77911383000014,31.397438520000037],[106.77202913999997,31.383534980000036],[106.74778854999994,31.37272590000009],[106.76925949999992,31.349307040000042],[106.75917915000008,31.32865034999992],[106.76455338000011,31.323234389999982],[106.74033910999998,31.33238657999999],[106.73902775000005,31.31200221000006],[106.69002822999994,31.29065079999998],[106.65784028000002,31.30095607999999],[106.64438643000005,31.292272710000077],[106.62233233,31.298218179999935],[106.61431283000007,31.289235590000146],[106.58641811000012,31.281902170000194],[106.59114034000004,31.271819320000077],[106.58100909000001,31.268763089999993],[106.57844079999995,31.24976852000009],[106.56688907000006,31.25410271000004],[106.56557815999992,31.265806150000117],[106.54012284999999,31.267378389999976],[106.54799552999998,31.27664016],[106.54345624000007,31.27342218000001],[106.53033232000007,31.286664159999987],[106.52193981000005,31.285618479999982],[106.5173562600001,31.269684229999996],[106.49154146000006,31.261991439999974],[106.48793915000005,31.26869688000022],[106.47036846000003,31.264493119999997],[106.45524558,31.271211750000077],[106.43626648999998,31.259976100000017],[106.41565481000004,31.278321140000003],[106.40342136000004,31.27619484000013],[106.37852887000008,31.24976858000008],[106.35328255000002,31.24821635000029],[106.34790349000008,31.233771560000264],[106.325038,31.22551538999994],[106.30574185000006,31.192821020000224],[106.29104711000014,31.194966390000104],[106.30307729000003,31.22069859000021],[106.27799295000005,31.224469000000056],[106.24739874999995,31.208161670000095],[106.22267144,31.215783260000308],[106.22054063000013,31.233284410000067],[106.23221791999998,31.246055099999978],[106.23098456000002,31.260000450000064],[106.22005796999997,31.26890660000015],[106.20628368999996,31.267377480000107],[106.20065986000009,31.27910772000007],[106.20793250999998,31.28887596000004],[106.1938112900001,31.303755420000016],[106.20812378,31.320149420000007],[106.21910352000003,31.310067530000197],[106.2417734600001,31.308410970000068],[106.23577639000007,31.31820579999993],[106.24806596999991,31.32802406999997],[106.24222531999999,31.341722230000073],[106.25176318000013,31.363109860000066],[106.24524549999995,31.363597400000288],[106.24329260000002,31.367161190000274],[106.26281207,31.37597113999999],[106.26561549999997,31.38585334999999],[106.30646976000003,31.38513665000005],[106.30619169999994,31.36529303000009],[106.29041946000007,31.334532220000256],[106.33156406999996,31.325611260000017],[106.37379844000003,31.34089266000018],[106.38092676000008,31.357849020000003],[106.37005627000002,31.371358880000116],[106.33362934999997,31.37999580000013],[106.33796210999998,31.387571550000075],[106.3518515500001,31.38742838000013],[106.35650458999999,31.402136090000056],[106.3246460900001,31.424305210000057],[106.31777141000009,31.44074467000013],[106.30022918000009,31.448154069999987],[106.28903256000007,31.500594700000022],[106.26869717000005,31.50665162000024],[106.2631953500001,31.52254479000021],[106.28337455999997,31.541752780000024],[106.26471368999995,31.55502272000018],[106.27765417000006,31.558313470000314],[106.27633546000004,31.57029320000015],[106.24873585000012,31.577783980000163],[106.23638575000001,31.597587850000025],[106.25514163000008,31.62331061000009],[106.26977449000003,31.620797460000176],[106.28247186000004,31.639555920000078],[106.30005654000001,31.633897310000123],[106.32010736000007,31.642313790000003],[106.35223510000003,31.638673980000135],[106.36725510000008,31.655943260000072],[106.39447249999995,31.6487686400003],[106.39206762000009,31.653989360000082],[106.40276160999997,31.66399746000002],[106.40908211999994,31.658992360000298],[106.41635752000008,31.66424334000027],[106.42593489000012,31.655023700000015],[106.43682201000013,31.657781760000148],[106.45273593000002,31.635108609999975],[106.45388138999994,31.606758080000304],[106.4482647800001,31.598486809999997],[106.45554838000004,31.58926234000006],[106.48004702000003,31.58664657999998],[106.48720842,31.570263339999997],[106.50021200000015,31.566464360000055],[106.51370120000001,31.57810344000012],[106.53445992000002,31.573694030000127],[106.56259137000006,31.54809002000013],[106.56102023000011,31.522382320000077],[106.60402660000005,31.509026670000083],[106.62267003000005,31.513101220000067],[106.62619402999997,31.52853220999998],[106.64043735000001,31.54410008000025],[106.62832096000005,31.56936316000008],[106.64038538999995,31.592118370000094],[106.65490616000005,31.584945160000075],[106.67184247,31.590571770000224],[106.67571376000006,31.584610590000295],[106.66258954000006,31.582555750000267],[106.68507081000013,31.563391299999978],[106.71092491000002,31.574824340000077]]]},"properties":{"nameZh":"仪陇县","nameEn":"仪陇县","code":"511324000000","severity":"general","severityZh":"一般灾区","severityEn":"Generally affected","disasterTypeZh":"一般灾区","landformBasinShare":1.0,"landformMountainShare":0.0,"landformPlateauShare":0.0,"settlementBasinShare":1.0,"settlementMountainShare":0.0,"settlementPlateauShare":0.0,"landformTypeZh":"盆地县","donorBasin":1,"donorMountain":0,"donorPlateau":0,"labelEn":"","landformTypeEn":"Basin county"}},{"type":"Feature","geometry":{"type":"Polygon","coordinates":[[[106.07933154000006,31.102903369999922],[106.07121316999996,31.099936909999997],[106.07190780000008,31.091066039999987],[106.05917096999997,31.091246290000186],[106.06550039000001,31.076099640000166],[106.05084482000012,31.06449350000014],[106.05444809,31.05642346000002],[106.04082604999996,31.04362408000003],[106.04788449000011,31.041622159999974],[106.03648482,31.039053770000066],[106.03602536999995,31.020338560000198],[106.02571176999999,31.00439708999994],[106.01967861000014,30.996901000000037],[106.00702158000007,31.00010414000002],[106.01868883999992,30.96815343999998],[106.01460885000006,30.957272480000313],[105.98359272000005,30.943413930000133],[105.97304699000006,30.94916733000008],[105.96851621999997,30.93669217000013],[105.95985349,30.933357860000115],[105.96699729000011,30.92035274],[105.95640847000004,30.90901340000005],[105.95751068999994,30.90001289999998],[105.93727067000003,30.889432489999933],[105.93352942000013,30.875344669999947],[105.89154092999996,30.910533610000073],[105.87944201000005,30.899541500000055],[105.86546901999998,30.899974080000163],[105.86077379,30.888013769999986],[105.85204057000004,30.912583700000027],[105.83435064000008,30.915204500000186],[105.83176414000013,30.926585139999986],[105.82278855999999,30.92090961000025],[105.78011120000008,30.921547680000288],[105.76814758,30.90540917000027],[105.78324511,30.89624605000006],[105.77718612999996,30.892150260000108],[105.75941364999994,30.898606519999987],[105.73953996999995,30.89217111000005],[105.72582259000006,30.910389870000074],[105.70088062000013,30.91361820000003],[105.68604446000006,30.938346720000254],[105.67594880999997,30.938391420000016],[105.67627833000006,30.93175064000019],[105.66541880000005,30.928046580000114],[105.66717254000002,30.91991889999997],[105.65773690000003,30.920147710000094],[105.65633120000007,30.944766110000273],[105.63996042999997,30.950606429999937],[105.61029479000001,30.99118904000011],[105.6302919800001,31.005852920000166],[105.66028917,31.003065970000137],[105.66544504000007,31.007558590000258],[105.66028011999992,31.021395460000065],[105.68648753000014,31.01894340000024],[105.71042135999994,31.041714060000118],[105.71375577000015,31.06605029000019],[105.70506107,31.073606340000083],[105.71780978000004,31.08432765000009],[105.70793846000004,31.103146159999937],[105.71199325999999,31.11058294999998],[105.7167415400001,31.1007637900002],[105.72251482000013,31.113381300000015],[105.71264378000001,31.131885820000036],[105.72052726999999,31.137811200000044],[105.71807028000012,31.151573520000113],[105.70480470000012,31.171281940000085],[105.67075774,31.17414672999996],[105.66955991000003,31.192169190000072],[105.68600107000003,31.197054980000075],[105.67223317000003,31.200572030000274],[105.67328338000004,31.216629480000165],[105.66313657,31.2384630600003],[105.67142627000004,31.252048220000063],[105.68844102000008,31.24498865000021],[105.6993876900001,31.249436490000164],[105.69507304000012,31.25905828000009],[105.7113589600001,31.25018135000016],[105.73750916,31.259084309999935],[105.74922072999999,31.230968120000284],[105.76211456999994,31.24002345000008],[105.77353942000008,31.231477139999924],[105.78929721000003,31.232503700000166],[105.79738780000008,31.217742700000258],[105.80907300000007,31.223619940000162],[105.81958566000003,31.218285730000048],[105.82284127000008,31.19436012],[105.81629526000006,31.189074419999997],[105.82886559000008,31.17980555000031],[105.85125192999999,31.18832896000015],[105.89190579999996,31.18370127000003],[105.89453543000013,31.19052650000026],[105.90977563000007,31.19296257000002],[105.92501633000006,31.187355110000226],[105.93233196999995,31.190965380000137],[105.9250939100001,31.209023650000006],[105.92861746000011,31.216158790000293],[105.93854702999994,31.203227250000225],[105.95557548000005,31.214497320000305],[105.96244086000002,31.20483078000001],[105.96888916000012,31.21237104000005],[105.98298594999994,31.20318185000002],[105.98974672999998,31.20785527999999],[105.9930370300001,31.198918500000048],[106.01203927000006,31.192806120000228],[106.01393131999993,31.179431100000045],[106.02608486999992,31.17317305000006],[106.01385353000006,31.164708670000152],[106.01322853000005,31.15248871000017],[106.00272414000011,31.148693049999963],[106.01200382999997,31.138233680000212],[106.00778466999992,31.129895590000046],[106.03728359999997,31.131479050000166],[106.03787401,31.11370411000007],[106.06438896000003,31.11217838000016],[106.07933154000006,31.102903369999922]],[[105.7619402300001,30.899414380000223],[105.76686321000011,30.900017279999986],[105.76785261000009,30.902146809999977],[105.75911028000007,30.90373444000005],[105.7619402300001,30.899414380000223]]]},"properties":{"nameZh":"西充县","nameEn":"西充县","code":"511325000000","severity":"general","severityZh":"一般灾区","severityEn":"Generally affected","disasterTypeZh":"一般灾区","landformBasinShare":1.0,"landformMountainShare":0.0,"landformPlateauShare":0.0,"settlementBasinShare":1.0,"settlementMountainShare":0.0,"settlementPlateauShare":0.0,"landformTypeZh":"盆地县","donorBasin":1,"donorMountain":0,"donorPlateau":0,"labelEn":"","landformTypeEn":"Basin county"}},{"type":"Feature","geometry":{"type":"Polygon","coordinates":[[[106.39162359,31.807654350000064],[106.40337991000013,31.777332849999993],[106.42038795999997,31.75743324000001],[106.40024511000013,31.753273779999972],[106.40606215000003,31.74280164999999],[106.39999196999997,31.726624380000146],[106.37462299000003,31.734937970000203],[106.37849548999998,31.722413080000024],[106.35938560999995,31.705073100000277],[106.39591043999991,31.683204330000024],[106.39561521000002,31.67382673000003],[106.40467114000006,31.66857317000023],[106.39206762000009,31.653989360000082],[106.39447249999995,31.6487686400003],[106.36907797000009,31.656182130000104],[106.35911163000003,31.652996940000207],[106.34995221999998,31.63817868999996],[106.32010736000007,31.642313790000003],[106.30005654000001,31.633897310000123],[106.28247186000004,31.639555920000078],[106.27065130000011,31.621500670000273],[106.25514163000008,31.62331061000009],[106.23676764999999,31.600274919999947],[106.24798908000014,31.578341030000047],[106.27633546000004,31.57029320000015],[106.27765417000006,31.558313470000314],[106.26471368999995,31.55502272000018],[106.2833306500001,31.541491860000065],[106.26318641000006,31.521678889999976],[106.27000760999994,31.505180680000024],[106.28903256000007,31.500594700000022],[106.29885736000011,31.462175600000023],[106.28589105999998,31.46228948999999],[106.28285263999993,31.44599480000022],[106.27500633,31.447694679999984],[106.27295801999998,31.436430200000018],[106.2577955700001,31.43776694000013],[106.26101549000003,31.427809529999934],[106.24199145,31.434702120000225],[106.22353112999991,31.42069945999998],[106.2082816300001,31.420301410000093],[106.19507948,31.428532270000062],[106.18802258000005,31.42259089999999],[106.18000874000006,31.435449670000253],[106.15443805999996,31.423295960000246],[106.15264972,31.437514480000004],[106.1465904800001,31.437468879999983],[106.12686604000004,31.43235854000011],[106.12020724000013,31.419733940000015],[106.09197191999999,31.408117060000222],[106.04917725999996,31.40029907000013],[106.04089488,31.40257892000011],[106.03445350999993,31.42102644000005],[106.00891327000005,31.419803210000282],[105.98910433999993,31.428764090000243],[105.97961641000006,31.42520530000013],[105.97598920000013,31.412388980000003],[105.95560926000002,31.41292002000006],[105.94680869999996,31.401682650000225],[105.94804077999999,31.37937725000029],[105.93294727000006,31.364744540000174],[105.91253483000008,31.365387850000275],[105.90063587000003,31.37983002000027],[105.88573429000002,31.370094779999988],[105.87897738999999,31.376504450000084],[105.89900448000003,31.394983879999984],[105.88519653000014,31.396052050000094],[105.87485105999997,31.41331087000026],[105.86524273000009,31.404580580000186],[105.87142279,31.399165130000085],[105.8636022500001,31.395696859999987],[105.85592915000007,31.421758450000027],[105.8232469300001,31.42743572000029],[105.82305807000006,31.435644500000024],[105.83988034000004,31.439834700000006],[105.82767548000004,31.458511430000044],[105.82054079,31.460234679999985],[105.82406501000008,31.45166599000015],[105.7987596000001,31.45289328000007],[105.79915945999994,31.465556499999934],[105.81838762000001,31.47843736000027],[105.79596397000006,31.506395860000225],[105.80392486000011,31.5218500900001],[105.81511498999993,31.519378430000245],[105.81333540000014,31.524255589999996],[105.8230236600001,31.523480740000025],[105.82811889999994,31.531293490000223],[105.82324878000003,31.561193820000256],[105.81473285999994,31.55901005000004],[105.80794505,31.56710023000028],[105.79765748000005,31.556700420000254],[105.78460903000007,31.562751900000023],[105.78499101000006,31.55428098000027],[105.7741133500001,31.548915830000055],[105.75724383,31.5599122000001],[105.72542443999998,31.559700559999953],[105.71834822,31.56937038000001],[105.70943219000003,31.567343870000002],[105.7099097300001,31.57605579000017],[105.6898298800001,31.585196170000245],[105.6892826400001,31.595037820000073],[105.6822684500001,31.5972773900001],[105.68991659,31.602683560000116],[105.69693142000006,31.591454060000217],[105.69624503000011,31.60759285000006],[105.68206885000012,31.615734550000127],[105.68454267999999,31.627800090000108],[105.69513391999999,31.651772329999915],[105.70896385000015,31.65248780999997],[105.71386023000008,31.659923080000226],[105.70924147000005,31.66598110000018],[105.72269839000006,31.669509540000263],[105.71774025000013,31.681746110000006],[105.71902520000003,31.69750605000013],[105.72634430000011,31.703889199999992],[105.72249001000006,31.72883900000005],[105.74775486000004,31.72116624000006],[105.76685584000006,31.73668568000022],[105.77439967999999,31.7083991100003],[105.78832575000013,31.706862760000035],[105.81472005000012,31.66944669000003],[105.84347179999997,31.669371700000227],[105.83474253999998,31.642846860000077],[105.86283091000001,31.617103120000024],[105.86545155999994,31.626987530000065],[105.88216793999999,31.631629700000076],[105.87284650000004,31.642039150000016],[105.87940812000011,31.65131127999996],[105.90149641,31.63091980000013],[105.91511424999999,31.62835654000014],[105.92663068000002,31.65016433000011],[105.91645883000007,31.659339420000038],[105.91980013000011,31.666703800000278],[105.95858704,31.675379430000078],[105.96843870999999,31.66485909000005],[105.98766470000004,31.667173430000048],[105.98646661999999,31.67554856000004],[106.00209152999997,31.68661392000007],[106.03830945999994,31.692779180000002],[106.04712083999999,31.70107464],[106.07747444000006,31.700749740000106],[106.06381696999995,31.711789240000314],[106.09454414000004,31.731008659999986],[106.09740908000009,31.743288410000105],[106.10601366000009,31.74507539000018],[106.10787147000013,31.760518520000232],[106.1245241100001,31.76918447999992],[106.11953202000001,31.793997060000038],[106.10645668999996,31.79276483000001],[106.12589630000008,31.836982079999984],[106.13369251,31.813709940000194],[106.14770391000002,31.814779390000012],[106.14933637000013,31.80794297000017],[106.16391108000005,31.817553290000035],[106.19393723000002,31.822665420000078],[106.1872707,31.80346467999999],[106.19055161,31.788040640000304],[106.20989815000007,31.772166759999948],[106.22370725999991,31.78040328000003],[106.2385485800001,31.776318670000308],[106.24615134999993,31.78529107999998],[106.26270151000011,31.776758250000057],[106.27137189000001,31.79905710999998],[106.26718921999998,31.81400340999994],[106.27977391000013,31.81835057000029],[106.28833192999997,31.80953260000024],[106.29612662000011,31.812550190000138],[106.30645499000008,31.827684300000215],[106.32325090000012,31.83166652],[106.33148974000005,31.850520560000177],[106.35710667000006,31.848318610000035],[106.35537124000001,31.834549480000135],[106.37332463000007,31.828629250000233],[106.37519930000013,31.807222440000032],[106.39162359,31.807654350000064]]]},"properties":{"nameZh":"阆中市","nameEn":"Langzhong City","code":"511381000000","severity":"severe","severityZh":"重灾区","severityEn":"Severely affected","disasterTypeZh":"重灾区","landformBasinShare":1.0,"landformMountainShare":0.0,"landformPlateauShare":0.0,"settlementBasinShare":1.0,"settlementMountainShare":0.0,"settlementPlateauShare":0.0,"landformTypeZh":"盆地县","donorBasin":1,"donorMountain":0,"donorPlateau":0,"labelEn":"Langzhong City","population10k":86,"intensity":7,"deathsMissing":8,"deathMissingRatePer10k":0,"collapsedHousing":83940,"collapsedHousingPer10k":976,"affectedResidentialSites":null,"affectedRoads":null,"threatenedRiverBlockages":null,"threatenedBridges":null,"threatenedReservoirs":null,"destroyedLandAreaKm2":null,"geologicalHazardRisk":0,"resettlementRatePer10k":5811,"compositeImpactIndex":0.1975,"damageIndexName":"Langzhong","damageIndexLevelEn":"Severely affected area","damageIndexSource":"damage index.xlsx","landformTypeEn":"Basin county"}},{"type":"Feature","geometry":{"type":"Polygon","coordinates":[[[104.68940529999998,29.204994020000072],[104.68085435,29.18551007000019],[104.69007275000013,29.172966770000073],[104.67780706999991,29.158737070000086],[104.69469104000001,29.13085919000025],[104.6900550100001,29.123884569999973],[104.71196083000001,29.125401930000066],[104.71868695999996,29.107526190000215],[104.72755964999993,29.10951865000004],[104.73462460000007,29.081874120000123],[104.70269518000003,29.050274179999974],[104.71832121000011,29.010334020000244],[104.71363341,29.001995830000283],[104.73656057000005,28.994979520000072],[104.73307969999996,28.98218541],[104.74044142000014,28.963850960000002],[104.75200457999995,28.962962050000215],[104.76013938,28.952108240000086],[104.79792960000003,28.965036200000043],[104.82584591,28.954889320000177],[104.81279966000005,28.93603078999996],[104.83296482999998,28.916133069999944],[104.80367568000008,28.886427029999993],[104.80227818000009,28.872341350000056],[104.80492542000013,28.849662820000162],[104.82144555000008,28.842304350000063],[104.81385841000008,28.832597309999983],[104.80101006999996,28.83089594000006],[104.80206940000005,28.820109510000236],[104.84831032999995,28.81424388000005],[104.89695143,28.790149410000026],[104.91260069000009,28.76822152000028],[104.88317678000004,28.75936698000004],[104.8900208,28.74078480999998],[104.88299906000003,28.73255634000003],[104.89905713000002,28.679152430000045],[104.88220206,28.67271298999998],[104.87510201999999,28.66154034000016],[104.89228754999993,28.641164489999994],[104.87819169,28.61606219999993],[104.88730572000003,28.60459407000019],[104.87672544000003,28.604432630000133],[104.88142094000005,28.59223330000009],[104.87432979000005,28.578419490000044],[104.86179633000006,28.57552979000002],[104.85040845999998,28.55798806000007],[104.84064331000008,28.559767400000055],[104.84236159,28.565582990000053],[104.82382969000003,28.56189021],[104.83341234000011,28.5836276],[104.84718767999999,28.58746862000004],[104.8437854,28.597449049999966],[104.82637274000007,28.596125600000278],[104.82791695999998,28.603855810000027],[104.80693623000002,28.606617660000097],[104.80448776999998,28.614189670000087],[104.8124567100001,28.62016883000007],[104.80489646000001,28.628610070000036],[104.77912122000009,28.626477650000197],[104.79222198000008,28.63467251000003],[104.79255164,28.646378780000134],[104.8059374,28.649814650000053],[104.81716996,28.672347450000302],[104.79736089000005,28.687377080000033],[104.80887072000007,28.700341860000208],[104.81114491000011,28.720684460000257],[104.78985093,28.739027890000273],[104.74178589000002,28.739366400000222],[104.73561013000011,28.751999260000048],[104.74520947999997,28.765833440000222],[104.74450178000001,28.777563569999984],[104.70338607999997,28.78932535000007],[104.66812901999992,28.762923979999982],[104.64592592999998,28.773446730000046],[104.63197345999998,28.76985975000008],[104.58698418000006,28.737705230000074],[104.5766880000001,28.707608839999978],[104.55256173999999,28.699601810000047],[104.54889900999996,28.714777490000188],[104.56310725999998,28.740340779999997],[104.52834917000001,28.749622370000054],[104.52820237999993,28.760520780000093],[104.53530218999992,28.765102739999975],[104.52275041000001,28.79487367000013],[104.47968696999999,28.77191398000008],[104.46344521999993,28.784749970000234],[104.4181540300001,28.79912754000003],[104.41192938000006,28.810205450000012],[104.41818071,28.828928299999973],[104.42719266000012,28.83181547000015],[104.42505666999995,28.84136797000002],[104.44700342000004,28.846194360000027],[104.45222948000009,28.871518520000166],[104.47963542000014,28.89621351000028],[104.47538199000013,28.910493419999966],[104.49954880000001,28.90958419000026],[104.50579918000011,28.918328150000036],[104.48993968000008,28.917301469999984],[104.48787290000013,28.9458190000002],[104.4575861300001,28.957143460000168],[104.46756554999996,28.967674209999984],[104.45896244000011,28.991661320000162],[104.47479011999997,28.987801870000226],[104.48787024000006,29.006742740000107],[104.50818058999994,29.008603960000073],[104.49755162999998,29.02256405999998],[104.50280267,29.022579730000018],[104.50013208999997,29.03149357000001],[104.51699788999997,29.040686960000244],[104.51441511999997,29.04667775000013],[104.52680435000008,29.06328102000009],[104.51303060999999,29.069031900000198],[104.51940636000012,29.075405090000288],[104.51269525999993,29.08048281000015],[104.52607563999999,29.087829559999932],[104.52710764999995,29.095626140000036],[104.50451906000006,29.096652830000096],[104.49307068000013,29.1106315400001],[104.50439012000004,29.133325720000244],[104.48683159000012,29.141064229999984],[104.4933727500001,29.15067233000002],[104.48562647000006,29.161883690000025],[104.49309094000006,29.17442438000006],[104.50458450000013,29.159591070000033],[104.51891547999998,29.160743019999984],[104.54527624000008,29.144163940000283],[104.55670730999998,29.16093795000012],[104.59339568999997,29.179881810000268],[104.59408157000007,29.19353564000005],[104.61959944000006,29.209687480000298],[104.65925744000009,29.199819500000217],[104.68940529999998,29.204994020000072]],[[104.87786193000011,28.63436555000021],[104.86859174000011,28.635346490000018],[104.87068448000008,28.62606771000003],[104.87756737000007,28.6256628000001],[104.87786193000011,28.63436555000021]]]},"properties":{"nameZh":"翠屏区","nameEn":"翠屏区","code":"511502000000","severity":"general","severityZh":"一般灾区","severityEn":"Generally affected","disasterTypeZh":"一般灾区","landformBasinShare":1.0,"landformMountainShare":0.0,"landformPlateauShare":0.0,"settlementBasinShare":1.0,"settlementMountainShare":0.0,"settlementPlateauShare":0.0,"landformTypeZh":"盆地县","donorBasin":1,"donorMountain":0,"donorPlateau":0,"labelEn":"","landformTypeEn":"Basin county"}},{"type":"Feature","geometry":{"type":"MultiPolygon","coordinates":[[[[105.0704671800001,28.93935946000005],[105.08354218000011,28.931484039999987],[105.09064479,28.91648523000015],[105.08007799,28.885111970000082],[105.09006301,28.87023278999999],[105.09183367000014,28.849272129999974],[105.08120710999998,28.82194415000015],[105.0634965100001,28.82023542999997],[105.05405859000012,28.806204620000074],[105.04087173000005,28.809163570000123],[105.04615009999998,28.794100589999914],[105.0371903200001,28.780989880000163],[105.00779669000008,28.772811620000084],[104.99497521000006,28.79369730999997],[104.97071545000006,28.78656654000025],[104.97558385000002,28.77172703000025],[104.96664389,28.764305730000103],[104.97260691000008,28.751352039999972],[104.96067317,28.729641820000097],[104.92206728999997,28.713746020000087],[104.91604190000004,28.704597009999986],[104.89619240000013,28.697844219999922],[104.88299906000003,28.73255634000003],[104.8900208,28.74078480999998],[104.88317678000004,28.75936698000004],[104.91260069000009,28.76822152000028],[104.89695143,28.790149410000026],[104.84831032999995,28.81424388000005],[104.80206940000005,28.820109510000236],[104.80101006999996,28.83089594000006],[104.81385841000008,28.832597309999983],[104.82144555000008,28.842304350000063],[104.80492542000013,28.849662820000162],[104.80227818000009,28.872341350000056],[104.80367568000008,28.886427029999993],[104.83296482999998,28.916133069999944],[104.81279966000005,28.93603078999996],[104.82508251000007,28.9465434600001],[104.82535136000013,28.955792670000108],[104.79792960000003,28.965036200000043],[104.76013938,28.952108240000086],[104.75200457999995,28.962962050000215],[104.74044142000014,28.963850960000002],[104.73307969999996,28.98218541],[104.73668140000007,28.994653729999925],[104.76836899,29.00369747000002],[104.78451732000013,29.00605124000009],[104.80862409000008,28.993719530000078],[104.81744405000012,29.005291550000095],[104.8548641800001,29.00669676000001],[104.85896976999999,29.02290496000012],[104.87823894000002,29.02971812000004],[104.88013123000007,29.057806190000235],[104.89186632999991,29.049810089999937],[104.93226354000001,29.06389248000022],[104.93910292999993,29.062055880000116],[104.94362490999998,29.022574130000294],[104.96685187999998,29.018916960000013],[104.96844849000007,29.010590340000135],[104.98685051000001,29.005585420000273],[104.98340387000007,28.994702240000038],[105.00214500999999,28.992923910000172],[105.01236267000002,28.976387300000056],[105.02907282000012,28.966553070000145],[105.04436957999991,28.9693669400001],[105.04240743000014,28.957374770000115],[105.0704671800001,28.93935946000005]],[[104.90956800999999,28.703882390000217],[104.90928939000003,28.70589829000022],[104.91069595000005,28.706264390000115],[104.90889005000002,28.706037379999998],[104.90956800999999,28.703882390000217]]],[[[104.95438104000004,28.72583641],[104.95392978000001,28.725369740000133],[104.95281895000011,28.725872960000004],[104.95357408000007,28.72639591000012],[104.95438104000004,28.72583641]]]]},"properties":{"nameZh":"南溪区","nameEn":"南溪区","code":"511503000000","severity":"general","severityZh":"一般灾区","severityEn":"Generally affected","disasterTypeZh":"一般灾区","landformBasinShare":1.0,"landformMountainShare":0.0,"landformPlateauShare":0.0,"settlementBasinShare":1.0,"settlementMountainShare":0.0,"settlementPlateauShare":0.0,"landformTypeZh":"盆地县","donorBasin":1,"donorMountain":0,"donorPlateau":0,"labelEn":"","landformTypeEn":"Basin county"}},{"type":"Feature","geometry":{"type":"Polygon","coordinates":[[[104.43913888000003,29.24377632000011],[104.43209750000005,29.223675560000004],[104.44519786000006,29.219024230000286],[104.45844600000004,29.224657120000018],[104.49309094000006,29.17442438000006],[104.48562647000006,29.161883690000025],[104.4933727500001,29.15067233000002],[104.48683159000012,29.141064229999984],[104.50439012000004,29.133325720000244],[104.49307068000013,29.1106315400001],[104.50451906000006,29.096652830000096],[104.52710764999995,29.095626140000036],[104.52607563999999,29.087829559999932],[104.51269525999993,29.08048281000015],[104.51940636000012,29.075405090000288],[104.51303060999999,29.069031900000198],[104.52680435000008,29.06328102000009],[104.51441511999997,29.04667775000013],[104.51699788999997,29.040686960000244],[104.50013208999997,29.03149357000001],[104.50280267,29.022579730000018],[104.49755162999998,29.02256405999998],[104.50818058999994,29.008603960000073],[104.48787024000006,29.006742740000107],[104.47479011999997,28.987801870000226],[104.46584343000012,28.9934791500001],[104.45827413,28.988958819999993],[104.46756554999996,28.967674209999984],[104.45896408000004,28.954745650000007],[104.48511847999998,28.94821298000022],[104.48993968000008,28.917301469999984],[104.50543001000011,28.922752600000194],[104.50579918000011,28.918328150000036],[104.49954880000001,28.90958419000026],[104.47538199000013,28.910493419999966],[104.47963542000014,28.89621351000028],[104.45222948000009,28.871518520000166],[104.44700342000004,28.846194360000027],[104.42505666999995,28.84136797000002],[104.42719266000012,28.83181547000015],[104.41183395000013,28.81973858000009],[104.41295360000004,28.806685530000095],[104.47968696999999,28.77191398000008],[104.52275041000001,28.79487367000013],[104.53530218999992,28.765102739999975],[104.52820237999993,28.760520780000093],[104.52834917000001,28.749622370000054],[104.56310725999998,28.740340779999997],[104.54889900999996,28.714777490000188],[104.55256173999999,28.699601810000047],[104.5766880000001,28.707608839999978],[104.58698418000006,28.737705230000074],[104.63197345999998,28.76985975000008],[104.64592592999998,28.773446730000046],[104.66812901999992,28.762923979999982],[104.70338607999997,28.78932535000007],[104.74450178000001,28.777563569999984],[104.73595279,28.74778787000014],[104.75164430000001,28.73570642000027],[104.72958408000011,28.73351665000007],[104.72380308999999,28.712348430000077],[104.73073969999996,28.696709690000034],[104.6860318300001,28.705320030000166],[104.6824033800001,28.69513582000002],[104.68809756999997,28.683147530000213],[104.65636189999992,28.684100700000215],[104.64333341000003,28.677063710000255],[104.62992289999994,28.689036730000055],[104.60626193000013,28.65480778000017],[104.59783396,28.65571070000027],[104.56916598999999,28.627213550000135],[104.55902803999999,28.632806560000006],[104.54817072000014,28.62433520000002],[104.50967490999994,28.578626220000274],[104.49064771000002,28.589993170000014],[104.4641104100001,28.58531559000005],[104.45284180999994,28.571545770000284],[104.46765274000006,28.55646048],[104.46332969000014,28.51612307000005],[104.40831480999992,28.511886540000205],[104.42229199000002,28.502512580000143],[104.45209663999992,28.49806474000019],[104.4544751200001,28.475202430000195],[104.43071395999999,28.440865220000035],[104.3989564900001,28.417688400000145],[104.39808953,28.406405900000095],[104.36508232000011,28.37165861000011],[104.37482265000006,28.365805210000076],[104.35624549000005,28.342120570000247],[104.33851900000013,28.33602682999998],[104.32077630000003,28.314565730000083],[104.30038630999996,28.31017710000026],[104.28770533000005,28.317036929999915],[104.29952735999996,28.332666310000093],[104.27611753999997,28.35006723000015],[104.26714197000001,28.376502160000143],[104.27231541999998,28.393917750000128],[104.25879187999999,28.39537258000007],[104.25203023000006,28.407014259999983],[104.26533611200017,28.423941733000163],[104.25590976000007,28.454178810000087],[104.26807000000008,28.46928684000011],[104.25774076299797,28.4923015719271],[104.26548367999993,28.503715620000207],[104.24637936000005,28.513042450000057],[104.2444783256463,28.52656033088266],[104.2596940700002,28.540324186000362],[104.28476086100005,28.535949370000026],[104.29686052000011,28.543973565000044],[104.31590330400007,28.541602976000092],[104.3285173500002,28.56304604200011],[104.35567032600011,28.559930860000065],[104.37310239700014,28.59797257500003],[104.41470391500019,28.601237310000272],[104.42271659999994,28.62989594000004],[104.40595254000004,28.64225248000014],[104.38061128999993,28.647929320000003],[104.38629762000005,28.652057210000123],[104.38582034000001,28.671529630000123],[104.36545314000006,28.67957965000005],[104.38586256000013,28.68799507],[104.38590668000006,28.706700839999996],[104.37718103999998,28.70306562000013],[104.36374234000004,28.731097590000104],[104.3375179900001,28.744510280000213],[104.33854677000011,28.757445870000254],[104.34794779000009,28.762895379999918],[104.34797385000013,28.78300569999999],[104.36175921000012,28.78274811999995],[104.37089650999997,28.79825269000014],[104.38404904999999,28.795797530000016],[104.38156313000002,28.80188800999997],[104.39117525000006,28.811687660000075],[104.36815323999997,28.82973746000016],[104.37049255000011,28.859235970000157],[104.34892922000012,28.881004900000278],[104.35045726000004,28.887107670000205],[104.33395491999994,28.891350180000018],[104.33457085999993,28.901619130000256],[104.30849587000006,28.89918723000011],[104.28987711999997,28.88549023000013],[104.31192419000001,28.85378331999999],[104.29775773000011,28.84663331000013],[104.28920877000013,28.855095070000004],[104.2880105000001,28.84758232000013],[104.27283848000008,28.854499920000137],[104.25112148,28.847547879999922],[104.23852823000004,28.833270120000236],[104.24838799999998,28.81793268000024],[104.23103766000003,28.813016170000026],[104.21918040000003,28.819896560000018],[104.19041564000003,28.81838618000029],[104.15364491000014,28.779590680000013],[104.12193331999998,28.773998900000095],[104.11595991000007,28.762745910000035],[104.10534302000008,28.7598582400002],[104.0807013000001,28.77440455000027],[104.08129159000009,28.801157660000115],[104.05869438000002,28.810301240000115],[104.05486564000012,28.832894560000057],[104.02620927999999,28.84309685000028],[104.02119251000005,28.85408662000009],[104.03156547000015,28.860000129999946],[104.02883986,28.888869460000137],[104.08228166000009,28.917421539999964],[104.07372193000009,28.923929300000054],[104.05940615000009,28.968391970000027],[104.07007612000007,28.97045257000002],[104.10645393999994,28.953793440000084],[104.12154254999996,28.969167550000293],[104.11921612000003,29.001192760000265],[104.12861758000008,29.025026200000127],[104.13728182,29.02751109000002],[104.13791565000002,29.0526479400001],[104.14611008000003,29.059566460000212],[104.14210860000003,29.08446212000024],[104.16107525000012,29.109526529999982],[104.15965215999995,29.120630190000156],[104.17282019000004,29.129807730000095],[104.16581507000006,29.15409375000013],[104.19169103000002,29.16660465000001],[104.18111864000014,29.17105952000003],[104.18312394999992,29.17749432000005],[104.17244707000009,29.186650610000243],[104.17721278000005,29.212381520000065],[104.19352357000014,29.22350949999992],[104.18548541000013,29.24041747000001],[104.19062403000004,29.24309958000009],[104.23029980000013,29.20883458000003],[104.2625356900001,29.22430946000003],[104.26308267000007,29.23475464000012],[104.24784989000005,29.253867780000007],[104.25110478000005,29.268499380000094],[104.28405350000008,29.26177773000029],[104.29461630000009,29.25389220000028],[104.28973801000001,29.245991040000035],[104.32168094999997,29.243676310000012],[104.33188072000013,29.24936681999992],[104.33495342999998,29.230682259999924],[104.34611645000007,29.236864430000026],[104.34177598999997,29.24663425000017],[104.36147305000009,29.25062612000005],[104.37777710000012,29.241117760000066],[104.40908282000004,29.248195590000023],[104.41510847,29.23919229000012],[104.43913888000003,29.24377632000011]]]},"properties":{"nameZh":"叙州区","nameEn":"叙州区","code":"511504000000","severity":"general","severityZh":"一般灾区","severityEn":"Generally affected","disasterTypeZh":"一般灾区","landformBasinShare":0.8161277756135566,"landformMountainShare":0.18387222438644332,"landformPlateauShare":0.0,"settlementBasinShare":0.9114391143911439,"settlementMountainShare":0.08856088560885608,"settlementPlateauShare":0.0,"landformTypeZh":"盆地县","donorBasin":1,"donorMountain":0,"donorPlateau":0,"labelEn":"","landformTypeEn":"Basin county"}},{"type":"Feature","geometry":{"type":"MultiPolygon","coordinates":[[[[105.14184928000009,28.945248210000045],[105.17188606000002,28.921258130000183],[105.18248449999993,28.903052890000026],[105.20081729000015,28.89985103000015],[105.19899446999995,28.87419584999998],[105.21118981000006,28.866575550000277],[105.20452356000004,28.85723174000003],[105.2122229100001,28.85105339000029],[105.2087946100001,28.834998930000097],[105.21976503000008,28.83164282000024],[105.21206639000007,28.82161073000009],[105.22275100000007,28.810478790000047],[105.22718670000006,28.78166543000009],[105.23729818000004,28.778084250000063],[105.20108713000008,28.75096763000016],[105.21565962000005,28.73535774999999],[105.21474846999996,28.715684150000243],[105.2008528500001,28.714684450000107],[105.20811730000003,28.699637870000004],[105.20605213000005,28.685510500000134],[105.16424823000011,28.651808360000132],[105.16888301000006,28.611196200000222],[105.17806781000007,28.600657530000262],[105.1728508600001,28.595406300000263],[105.18362338000003,28.596052880000116],[105.19258990999992,28.58092647000018],[105.20500221000003,28.576485580000053],[105.19712910999999,28.564674029999935],[105.20621770000008,28.558536069999946],[105.20137378000004,28.546294240000122],[105.20629516000008,28.550285619999954],[105.2099410300001,28.542283660000294],[105.22302964,28.543931950000058],[105.23427791000006,28.526808070000243],[105.23071116,28.495951240000295],[105.19705158,28.456266519999986],[105.19048935000006,28.460670480000033],[105.18516004999998,28.453871110000023],[105.10964348000005,28.450692100000083],[105.10070994000006,28.402194830000212],[105.09287877000008,28.394168840000304],[105.10847957000004,28.382104850000076],[105.09310465999994,28.371073950000095],[105.05988690000004,28.38708078000002],[105.05735238999995,28.409283440000138],[105.06684142000012,28.430288670000152],[105.04548391000009,28.429097479999996],[105.0391816,28.40269047999999],[105.00376358,28.398561380000103],[104.97865144999997,28.40890482000009],[104.97513567000004,28.41713411000029],[105.00641953000002,28.43549299000017],[104.97546629000004,28.436570519999975],[104.95909564000004,28.448611090000213],[104.97076082000012,28.45783603000001],[104.99089844000008,28.45549091999993],[105.04396434999995,28.47008864000003],[105.05474196,28.48047610000009],[105.05474135999992,28.492241300000103],[105.07271543000013,28.50005957000002],[105.05782059999996,28.515309030000026],[105.03780626000008,28.495595600000172],[105.02051589999996,28.498430989999918],[105.02634970000003,28.539344790000143],[105.04798424000006,28.545123730000114],[105.02992662000003,28.561270260000242],[105.04938189000006,28.575343060000023],[105.03441474999994,28.592986590000066],[105.03776548000008,28.61410520000021],[105.02309358000008,28.621595479999996],[105.02322388000005,28.64442120000018],[105.03214792,28.65274889000017],[105.04091678000003,28.646536029999993],[105.05413887999998,28.658195579999983],[105.05910461999997,28.67483176000013],[105.05428626000014,28.680745520000244],[105.06010307000003,28.686401470000135],[105.03558543000003,28.70572863000001],[105.03812056999999,28.724090129999922],[105.02458671,28.73054981000007],[105.00698949000008,28.77111020000001],[105.04226076000003,28.78478849000004],[105.04087173000005,28.809163570000123],[105.05405859000012,28.806204620000074],[105.0634965100001,28.82023542999997],[105.08062524000002,28.821431880000034],[105.08970709000005,28.840027350000128],[105.09040161000013,28.868861750000065],[105.08007799,28.885111970000082],[105.0901842400001,28.920270379999977],[105.0704671800001,28.93935946000005],[105.09831729000013,28.941905150000196],[105.10788719000004,28.93667057000016],[105.12365341999998,28.948255710000012],[105.12866176999995,28.942753050000192],[105.14184928000009,28.945248210000045]],[[105.07254573000012,28.423440810000216],[105.07402122999997,28.426055750000216],[105.07333469000002,28.427876970000284],[105.07055735000012,28.42503554000018],[105.07254573000012,28.423440810000216]]],[[[105.11204801000008,28.44070734000013],[105.11098033000002,28.442474140000115],[105.11299432999999,28.44782115000004],[105.11437502000001,28.44621364000011],[105.11204801000008,28.44070734000013]]],[[[105.11204771000001,28.42714471000005],[105.11236897000015,28.41993064000002],[105.10707336000002,28.42066621000015],[105.10886207000004,28.427078680000307],[105.11204771000001,28.42714471000005]]]]},"properties":{"nameZh":"江安县","nameEn":"江安县","code":"511523000000","severity":"unaffected","severityZh":"???","severityEn":"Unaffected","disasterTypeZh":"未受灾","landformBasinShare":1.0,"landformMountainShare":0.0,"landformPlateauShare":0.0,"settlementBasinShare":1.0,"settlementMountainShare":0.0,"settlementPlateauShare":0.0,"landformTypeZh":"盆地县","donorBasin":1,"donorMountain":0,"donorPlateau":0,"labelEn":"","landformTypeEn":"Basin county"}},{"type":"Feature","geometry":{"type":"MultiPolygon","coordinates":[[[[105.00779669000008,28.772811620000084],[105.02458671,28.73054981000007],[105.03812056999999,28.724090129999922],[105.03558543000003,28.70572863000001],[105.06010307000003,28.686401470000135],[105.05428626000014,28.680745520000244],[105.05910461999997,28.67483176000013],[105.05413887999998,28.658195579999983],[105.04091678000003,28.646536029999993],[105.03214792,28.65274889000017],[105.02322388000005,28.64442120000018],[105.02309358000008,28.621595479999996],[105.03776548000008,28.61410520000021],[105.03441474999994,28.592986590000066],[105.04938189000006,28.575343060000023],[105.02992662000003,28.561270260000242],[105.04798424000006,28.545123730000114],[105.02634970000003,28.539344790000143],[105.02051589999996,28.498430989999918],[105.03780626000008,28.495595600000172],[105.05782059999996,28.515309030000026],[105.05970335999996,28.507314850000114],[105.07322911,28.50277312000003],[105.05474135999992,28.492241300000103],[105.05474196,28.48047610000009],[105.04396434999995,28.47008864000003],[104.99089844000008,28.45549091999993],[104.97076082000012,28.45783603000001],[104.95909564000004,28.448611090000213],[104.97546629000004,28.436570519999975],[105.00641953000002,28.43549299000017],[104.99380614999995,28.43149941000013],[104.99224382,28.42205339999998],[104.9771326500001,28.42101451000019],[104.97642917999997,28.412251500000252],[104.98938895000003,28.402075400000058],[105.01088988000004,28.3983679400003],[105.03466688000003,28.36969343000004],[105.02074291999992,28.355829599999936],[105.03276599000014,28.339877420000107],[105.02759195999994,28.327077350000252],[105.01835584000014,28.326909990000047],[105.03641278000009,28.31308519999999],[105.02666370000009,28.28973794000001],[105.01609004000005,28.283250970000097],[105.01681152000009,28.248464010000248],[105.00497050000001,28.26422587000002],[104.98837404000011,28.26706822000017],[104.97907771000007,28.278230329999985],[104.96386132999999,28.27740842000003],[104.95799394,28.298817900000074],[104.94731794000006,28.294402250000132],[104.94497468999998,28.302857399999994],[104.93218172000002,28.304432410000118],[104.92174003000008,28.317953220000277],[104.88746453000005,28.316081760000145],[104.83589717999996,28.329044660000307],[104.82728533000011,28.40349391000001],[104.83225887000003,28.41261327999996],[104.82263205000004,28.41551454000023],[104.82017607000006,28.426430410000307],[104.80354361000002,28.422986140000262],[104.79032200000012,28.434171590000062],[104.74786998000002,28.425657090000072],[104.72977745000014,28.429214260000094],[104.72460382999998,28.437792050000155],[104.72965629000004,28.4597982800002],[104.73820709,28.467693580000287],[104.76790666999995,28.465378290000217],[104.75219236000004,28.503491800000006],[104.76484198000003,28.521719440000197],[104.73928321000005,28.54216630000019],[104.74410145000013,28.552986799999985],[104.75411064000014,28.550997180000024],[104.76073453000004,28.592111530000125],[104.78344536000009,28.60390403000008],[104.77432125000013,28.614866520000135],[104.77854013000012,28.626119189999997],[104.80489646000001,28.628610070000036],[104.8124567100001,28.62016883000007],[104.80448776999998,28.614189670000087],[104.80693623000002,28.606617660000097],[104.82791695999998,28.603855810000027],[104.82637274000007,28.596125600000278],[104.8437854,28.597449049999966],[104.84718767999999,28.58746862000004],[104.83341234000011,28.5836276],[104.82382969000003,28.56189021],[104.84236159,28.565582990000053],[104.84064331000008,28.559767400000055],[104.85040845999998,28.55798806000007],[104.86179633000006,28.57552979000002],[104.87432979000005,28.578419490000044],[104.88142094000005,28.59223330000009],[104.87672544000003,28.604432630000133],[104.88730572000003,28.60459407000019],[104.87819169,28.61606219999993],[104.89228754999993,28.641164489999994],[104.87510201999999,28.66154034000016],[104.88220206,28.67271298999998],[104.89867565000003,28.67731649000001],[104.89619240000013,28.697844219999922],[104.91604190000004,28.704597009999986],[104.92206728999997,28.713746020000087],[104.96067317,28.729641820000097],[104.97260691000008,28.751352039999972],[104.96664389,28.764305730000103],[104.97558385000002,28.77172703000025],[104.97071545000006,28.78656654000025],[104.99497521000006,28.79369730999997],[105.00779669000008,28.772811620000084]],[[104.95438104000004,28.72583641],[104.95357408000007,28.72639591000012],[104.95281895000011,28.725872960000004],[104.95392978000001,28.725369740000133],[104.95438104000004,28.72583641]],[[104.73737348999998,28.463657070000068],[104.73776385999992,28.46503952000006],[104.73540346000004,28.464240740000037],[104.73583681000002,28.463876649999918],[104.73737348999998,28.463657070000068]],[[104.73267721000008,28.456508350000092],[104.73367548000004,28.45840327000002],[104.7330853900001,28.45964224000005],[104.73049786000007,28.45840213000031],[104.73267721000008,28.456508350000092]]],[[[104.90956800999999,28.703882390000217],[104.91040957000013,28.703649130000088],[104.90856967000013,28.704077710000035],[104.90889005000002,28.706037379999998],[104.91069595000005,28.706264390000115],[104.90956800999999,28.703882390000217]]],[[[104.87786193000011,28.63436555000021],[104.87756737000007,28.6256628000001],[104.87068448000008,28.62606771000003],[104.86859174000011,28.635346490000018],[104.87786193000011,28.63436555000021]]]]},"properties":{"nameZh":"长宁县","nameEn":"长宁县","code":"511524000000","severity":"unaffected","severityZh":"???","severityEn":"Unaffected","disasterTypeZh":"未受灾","landformBasinShare":0.8086680761099366,"landformMountainShare":0.19133192389006343,"landformPlateauShare":0.0,"settlementBasinShare":0.8955479452054794,"settlementMountainShare":0.10445205479452055,"settlementPlateauShare":0.0,"landformTypeZh":"盆地县","donorBasin":1,"donorMountain":0,"donorPlateau":0,"labelEn":"","landformTypeEn":"Basin county"}},{"type":"Feature","geometry":{"type":"Polygon","coordinates":[[[104.77912122000009,28.626477650000197],[104.77432125000013,28.614866520000135],[104.78344536000009,28.60390403000008],[104.76073453000004,28.592111530000125],[104.75411064000014,28.550997180000024],[104.74410145000013,28.552986799999985],[104.73928321000005,28.54216630000019],[104.76484198000003,28.521719440000197],[104.7565598700001,28.506592840000053],[104.70675460000001,28.489140420000012],[104.65652871000009,28.49139708000024],[104.6333704000001,28.4778739300001],[104.6418679200001,28.456009470000026],[104.6605735500001,28.43951970000012],[104.65777885000011,28.422575080000172],[104.67078272000015,28.41781148000001],[104.6765723100001,28.401826860000313],[104.69727558999995,28.39236476000025],[104.70109547999999,28.3805818900002],[104.67690214999999,28.335689809999963],[104.64246855000005,28.331452630000058],[104.63841443000001,28.31057310000017],[104.61594276,28.28261332000011],[104.6322087100001,28.278000289999966],[104.63323373999998,28.26453036999999],[104.61563036000007,28.257969490000164],[104.6232607500001,28.245006300000114],[104.61261017999993,28.221652930000005],[104.58876849000012,28.204141770000092],[104.56315452000001,28.20463448999999],[104.5401453500001,28.192025650000005],[104.51799326000008,28.216667009999924],[104.49729944000006,28.216661029999955],[104.47477301999999,28.20426261],[104.41495821000001,28.20845469000028],[104.44337320700015,28.21753578300013],[104.44944116400012,28.23784411000031],[104.45985893000005,28.24498892999992],[104.44156764986224,28.2625433837718],[104.44477891000003,28.27450402000005],[104.40567785000007,28.2731090100001],[104.39038081801192,28.29482096137184],[104.38227075999993,28.333392119999928],[104.35620151,28.343917410000017],[104.37482265000006,28.365805210000076],[104.36508232000011,28.37165861000011],[104.39808953,28.406405900000095],[104.3989564900001,28.417688400000145],[104.43071395999999,28.440865220000035],[104.4544751200001,28.475202430000195],[104.45209663999992,28.49806474000019],[104.42229199000002,28.502512580000143],[104.40831480999992,28.511886540000205],[104.46332969000014,28.51612307000005],[104.46765274000006,28.55646048],[104.45611542000012,28.564697200000296],[104.45444771000012,28.574983859999975],[104.48190657999993,28.590245260000074],[104.50967490999994,28.578626220000274],[104.54817072000014,28.62433520000002],[104.55902803999999,28.632806560000006],[104.56916598999999,28.627213550000135],[104.59783396,28.65571070000027],[104.60626193000013,28.65480778000017],[104.62992289999994,28.689036730000055],[104.64333341000003,28.677063710000255],[104.65636189999992,28.684100700000215],[104.68809756999997,28.683147530000213],[104.6824033800001,28.69513582000002],[104.6860318300001,28.705320030000166],[104.73073969999996,28.696709690000034],[104.72380308999999,28.712348430000077],[104.73558293000013,28.73538807],[104.78985093,28.739027890000273],[104.81114491000011,28.720684460000257],[104.80887072000007,28.700341860000208],[104.79736089000005,28.687377080000033],[104.81716996,28.672347450000302],[104.8059374,28.649814650000053],[104.79255164,28.646378780000134],[104.79222198000008,28.63467251000003],[104.77912122000009,28.626477650000197]]]},"properties":{"nameZh":"高县","nameEn":"高县","code":"511525000000","severity":"general","severityZh":"一般灾区","severityEn":"Generally affected","disasterTypeZh":"一般灾区","landformBasinShare":0.6466565349544073,"landformMountainShare":0.3533434650455927,"landformPlateauShare":0.0,"settlementBasinShare":0.7175572519083969,"settlementMountainShare":0.2824427480916031,"settlementPlateauShare":0.0,"landformTypeZh":"盆地县","donorBasin":1,"donorMountain":1,"donorPlateau":0,"labelEn":"","landformTypeEn":"Basin county"}},{"type":"Feature","geometry":{"type":"MultiPolygon","coordinates":[[[[104.75219236000004,28.503491800000006],[104.76790666999995,28.465378290000217],[104.73820709,28.467693580000287],[104.72965629000004,28.4597982800002],[104.72556714000012,28.433050440000045],[104.74786998000002,28.425657090000072],[104.79032200000012,28.434171590000062],[104.80354361000002,28.422986140000262],[104.82017607000006,28.426430410000307],[104.82263205000004,28.41551454000023],[104.83225887000003,28.41261327999996],[104.82728533000011,28.40349391000001],[104.83589717999996,28.329044660000307],[104.89064938000013,28.316596100000083],[104.88930393999999,28.303051700000083],[104.87270877000003,28.264575330000127],[104.90378243999999,28.24870575000017],[104.88145894000002,28.23359358000016],[104.88905279,28.220295899999996],[104.8746887900001,28.19633291000025],[104.88735219,28.190233130000024],[104.88678025000007,28.1509092900003],[104.90693305000008,28.130776509999976],[104.89281198999998,28.10644034000029],[104.93922989999999,28.098504640000215],[104.94702453000008,28.128986090000012],[104.97690869000002,28.122024250000038],[104.97545868999998,28.10911100000027],[104.99642115999995,28.094801039999993],[105.0393391500001,28.096965450000027],[105.00811440335701,28.07011122989678],[104.97431379000011,28.064589599999977],[104.97218694035115,28.023376374515408],[104.94423007,27.99843376000007],[104.94546249799447,27.98428793787184],[104.92779984999999,27.989148870000122],[104.91639511999995,27.972542729999986],[104.90088580999998,27.96551302000006],[104.90122392100011,27.953006667000295],[104.91257635,27.953252842000154],[104.91828741,27.944695310000156],[104.88886443000007,27.93666466000002],[104.88441177000004,27.916593700000078],[104.85583695000008,27.906019910000055],[104.77526221,27.903264379999996],[104.77401370000007,27.91384905000001],[104.78238281000012,27.917452800000092],[104.76289256000007,27.92246407000016],[104.76727644000005,27.960139600000105],[104.75100717000004,27.972364710000136],[104.76606089,27.98001319000008],[104.7636296600001,28.003652560000035],[104.78493443000002,28.035358040000062],[104.78630520000013,28.075136590000113],[104.77797986000013,28.09726636000005],[104.74930504000008,28.12396743000005],[104.74844547999999,28.155742260000125],[104.74289770999997,28.156594739999946],[104.73709021999997,28.143773370000133],[104.72255708000012,28.14290393999994],[104.7163760200001,28.1533891200001],[104.69217346000005,28.159685600000273],[104.68092260999998,28.17611095000001],[104.65804105999996,28.18850507000002],[104.66035908000009,28.209266520000085],[104.67225058000008,28.222028140000134],[104.66975085000001,28.234839050000176],[104.64334544999997,28.22890025000015],[104.61750594,28.23216008000003],[104.6232607500001,28.245006300000114],[104.61563036000007,28.257969490000164],[104.63323373999998,28.26453036999999],[104.6322087100001,28.278000289999966],[104.61594276,28.28261332000011],[104.63841443000001,28.31057310000017],[104.64246855000005,28.331452630000058],[104.67690214999999,28.335689809999963],[104.70109547999999,28.3805818900002],[104.69727558999995,28.39236476000025],[104.6765723100001,28.401826860000313],[104.67078272000015,28.41781148000001],[104.65777885000011,28.422575080000172],[104.6605735500001,28.43951970000012],[104.6418679200001,28.456009470000026],[104.6333704000001,28.4778739300001],[104.65652871000009,28.49139708000024],[104.70675460000001,28.489140420000012],[104.73369247000005,28.502426450000144],[104.75219236000004,28.503491800000006]],[[104.7740740100001,27.929419890000133],[104.77365795999992,27.93048969],[104.77208702999997,27.93014218000002],[104.77281604000007,27.929256679999924],[104.7740740100001,27.929419890000133]],[[104.77119223000005,27.94979889000018],[104.77149619999994,27.94999218999999],[104.7698553400001,27.951063990000023],[104.77001138000003,27.94968887999994],[104.77119223000005,27.94979889000018]],[[104.68686071000013,28.171766779999928],[104.68755458999999,28.172560590000273],[104.68754661000003,28.17263460999999],[104.68627842000006,28.172664890000192],[104.68686071000013,28.171766779999928]],[[104.68699040000001,28.169822420000003],[104.68753772999997,28.17029947000003],[104.68712095999996,28.17088326000004],[104.68650485,28.169996309999988],[104.68699040000001,28.169822420000003]],[[104.68495934999999,28.17408437000023],[104.68528932999993,28.174665810000192],[104.68482074000008,28.174976680000157],[104.68449076000013,28.174444250000136],[104.68495934999999,28.17408437000023]]],[[[104.97793228,28.119209000000183],[104.97774212000007,28.119211550000216],[104.97769831,28.11931169000013],[104.97795019000006,28.119391970000038],[104.97793228,28.119209000000183]]],[[[104.73737348999998,28.463657070000068],[104.73583681000002,28.463876649999918],[104.73540346000004,28.464240740000037],[104.73776385999992,28.46503952000006],[104.73737348999998,28.463657070000068]]],[[[104.73267721000008,28.456508350000092],[104.73049786000007,28.45840213000031],[104.7330853900001,28.45964224000005],[104.73367548000004,28.45840327000002],[104.73267721000008,28.456508350000092]]],[[[104.67655617999998,28.175063109999996],[104.67721612000008,28.175214860000153],[104.67835361000004,28.17473468000003],[104.67546262999991,28.173969120000095],[104.67655617999998,28.175063109999996]]],[[[104.67435202000007,28.17567734000022],[104.67420356000002,28.173823510000148],[104.67108833000003,28.172938420000264],[104.67277195000003,28.175683359999994],[104.67435202000007,28.17567734000022]]]]},"properties":{"nameZh":"珙县","nameEn":"珙县","code":"511526000000","severity":"unaffected","severityZh":"???","severityEn":"Unaffected","disasterTypeZh":"未受灾","landformBasinShare":0.312280701754386,"landformMountainShare":0.6877192982456141,"landformPlateauShare":0.0,"settlementBasinShare":0.38317757009345793,"settlementMountainShare":0.616822429906542,"settlementPlateauShare":0.0,"landformTypeZh":"混合县","donorBasin":1,"donorMountain":1,"donorPlateau":0,"labelEn":"","landformTypeEn":"Mixed landform county"}},{"type":"Feature","geometry":{"type":"MultiPolygon","coordinates":[[[[104.79012468000013,27.901604210000073],[104.7592198800001,27.88808508000028],[104.74889780000012,27.890438990000177],[104.74956551000014,27.904837600000292],[104.74111013000004,27.905436440000074],[104.67667022,27.885751430000084],[104.63131753000005,27.85448353000004],[104.62449494000009,27.862307400000304],[104.60568654999997,27.861780400000214],[104.56990052000003,27.84439403999994],[104.56501421000002,27.854754710000122],[104.55525784999998,27.85679187000028],[104.55610023000003,27.871511899999973],[104.53606704999999,27.889992329999984],[104.52316008000003,27.892718380000304],[104.51608535000014,27.883408870000267],[104.50437626625325,27.88232823875569],[104.49463659000003,27.900071290000085],[104.46685767000002,27.909070360000214],[104.4485408600001,27.930247790000067],[104.42344309000003,27.94105890999998],[104.41137488999999,27.954605759999993],[104.39338659000003,27.95810824000006],[104.36963387000009,27.993254029999946],[104.37624926999996,27.99696461000002],[104.35367810000008,28.02177910000006],[104.32422431000009,28.028781750000007],[104.29577059990834,28.04873483969999],[104.3390073810001,28.061194504000298],[104.37396549800002,28.055570958000033],[104.39283034900012,28.067135822000182],[104.39812607800013,28.09474844900018],[104.4253342670001,28.103341069000237],[104.43123754400011,28.117202131000113],[104.44852268300008,28.11967158400006],[104.4421587211258,28.16536520579143],[104.4548940200001,28.172736120000025],[104.40377666999996,28.176604450000013],[104.39974825700017,28.206131336000226],[104.42731307999998,28.210608579999928],[104.43722740999993,28.203791660000093],[104.47477301999999,28.20426261],[104.49729944000006,28.216661029999955],[104.51799326000008,28.216667009999924],[104.5401453500001,28.192025650000005],[104.56315452000001,28.20463448999999],[104.58876849000012,28.204141770000092],[104.62173251000013,28.23203295999997],[104.66975085000001,28.234839050000176],[104.67225058000008,28.222028140000134],[104.66035908000009,28.209266520000085],[104.65710386000006,28.18969887000003],[104.68092260999998,28.17611095000001],[104.69217346000005,28.159685600000273],[104.7163760200001,28.1533891200001],[104.72255708000012,28.14290393999994],[104.73709021999997,28.143773370000133],[104.74289770999997,28.156594739999946],[104.74844547999999,28.155742260000125],[104.74930504000008,28.12396743000005],[104.77115616000009,28.109019090000118],[104.78505546000008,28.080557670000132],[104.78493443000002,28.035358040000062],[104.7636296600001,28.003652560000035],[104.76606089,27.98001319000008],[104.75101625000008,27.970381360000033],[104.76727644000005,27.960139600000105],[104.76289256000007,27.92246407000016],[104.78152350000005,27.919123070000296],[104.77401370000007,27.91384905000001],[104.77526221,27.903264379999996],[104.79012468000013,27.901604210000073]],[[104.67655617999998,28.175063109999996],[104.67546262999991,28.173969120000095],[104.67835361000004,28.17473468000003],[104.67721612000008,28.175214860000153],[104.67655617999998,28.175063109999996]],[[104.67435202000007,28.17567734000022],[104.67277195000003,28.175683359999994],[104.67108833000003,28.172938420000264],[104.67420356000002,28.173823510000148],[104.67435202000007,28.17567734000022]]],[[[104.7740740100001,27.929419890000133],[104.77281604000007,27.929256679999924],[104.77208702999997,27.93014218000002],[104.77365795999992,27.93048969],[104.7740740100001,27.929419890000133]]],[[[104.77119223000005,27.94979889000018],[104.77001138000003,27.94968887999994],[104.7698553400001,27.951063990000023],[104.77149619999994,27.94999218999999],[104.77119223000005,27.94979889000018]]],[[[104.68686071000013,28.171766779999928],[104.68627842000006,28.172664890000192],[104.68754661000003,28.17263460999999],[104.68755458999999,28.172560590000273],[104.68686071000013,28.171766779999928]]],[[[104.68699040000001,28.169822420000003],[104.68650485,28.169996309999988],[104.68712095999996,28.17088326000004],[104.68753772999997,28.17029947000003],[104.68699040000001,28.169822420000003]]],[[[104.68495934999999,28.17408437000023],[104.68449076000013,28.174444250000136],[104.68482074000008,28.174976680000157],[104.68528932999993,28.174665810000192],[104.68495934999999,28.17408437000023]]]]},"properties":{"nameZh":"筠连县","nameEn":"筠连县","code":"511527000000","severity":"unaffected","severityZh":"???","severityEn":"Unaffected","disasterTypeZh":"未受灾","landformBasinShare":0.11396468699839486,"landformMountainShare":0.8860353130016051,"landformPlateauShare":0.0,"settlementBasinShare":0.17481203007518797,"settlementMountainShare":0.825187969924812,"settlementPlateauShare":0.0,"landformTypeZh":"中山县","donorBasin":0,"donorMountain":1,"donorPlateau":0,"labelEn":"","landformTypeEn":"Mountain county"}},{"type":"Feature","geometry":{"type":"MultiPolygon","coordinates":[[[[105.17384251000004,28.07021254],[105.11642548000003,28.075504209999963],[105.10279734000011,28.085009180000213],[105.07508203999998,28.08659302000001],[105.05599003000003,28.101403000000232],[104.99642115999995,28.094801039999993],[104.97545868999998,28.10911100000027],[104.97690869000002,28.122024250000038],[104.94702453000008,28.128986090000012],[104.93922989999999,28.098504640000215],[104.91057912999997,28.106756420000124],[104.89505208000008,28.104145590000144],[104.89332430000013,28.11225313],[104.90693305000008,28.130776509999976],[104.88678025000007,28.1509092900003],[104.88735219,28.190233130000024],[104.8746887900001,28.19633291000025],[104.88905279,28.220295899999996],[104.88145894000002,28.23359358000016],[104.90378243999999,28.24870575000017],[104.87326486000006,28.263077960000032],[104.87825529999998,28.28877555000014],[104.89049348000003,28.31696900999998],[104.92174003000008,28.317953220000277],[104.93218172000002,28.304432410000118],[104.94497468999998,28.302857399999994],[104.94731794000006,28.294402250000132],[104.95799394,28.298817900000074],[104.96386132999999,28.27740842000003],[104.97907771000007,28.278230329999985],[105.01844325000008,28.249060310000004],[105.01609004000005,28.283250970000097],[105.02666370000009,28.28973794000001],[105.03641278000009,28.31308519999999],[105.01835584000014,28.326909990000047],[105.02759195999994,28.327077350000252],[105.03276599000014,28.339877420000107],[105.02074291999992,28.355829599999936],[105.03466688000003,28.36969343000004],[105.01088988000004,28.3983679400003],[105.04227186000008,28.40454802000022],[105.04766310000014,28.431072449999988],[105.06751773000013,28.42909812000005],[105.05735238999995,28.409283440000138],[105.06075543999998,28.385550720000083],[105.0948495500001,28.370972890000246],[105.10847957000004,28.382104850000076],[105.09287877000008,28.394168840000304],[105.10070994000006,28.402194830000212],[105.11208239000007,28.4525462000002],[105.29144186999991,28.452651890000084],[105.29090406,28.43850244999993],[105.29875010000012,28.440909450000163],[105.31149278000004,28.427525270000103],[105.31679616000008,28.431298400000003],[105.31759433000002,28.41887883000004],[105.32312404999993,28.41822738999997],[105.30957385000005,28.404733930000134],[105.31958265000003,28.38968011999998],[105.31132787000007,28.378232760000174],[105.28441132,28.37257844000021],[105.30181417,28.364944970000295],[105.31158840000012,28.352844240000024],[105.30794222000003,28.339473670000075],[105.33348914999993,28.316725780000127],[105.32814179000002,28.29598359000005],[105.33578984000007,28.283546880000074],[105.33077229000003,28.245961550000118],[105.34073730999995,28.237261990000093],[105.34163233999993,28.186222089999944],[105.35459305000012,28.15675923000026],[105.34454904000006,28.142789880000123],[105.3314323400001,28.149190610000005],[105.32238695000007,28.140424160000123],[105.25894681999995,28.133840470000223],[105.22264987000005,28.10494484999998],[105.20095024999995,28.07681527000028],[105.17384251000004,28.07021254]],[[105.11204801000008,28.44070734000013],[105.11437502000001,28.44621364000011],[105.11299432999999,28.44782115000004],[105.11098033000002,28.442474140000115],[105.11204801000008,28.44070734000013]],[[105.11204771000001,28.42714471000005],[105.10886207000004,28.427078680000307],[105.10707336000002,28.42066621000015],[105.11236897000015,28.41993064000002],[105.11204771000001,28.42714471000005]],[[104.97793228,28.119209000000183],[104.97795019000006,28.119391970000038],[104.97769831,28.11931169000013],[104.97774212000007,28.119211550000216],[104.97793228,28.119209000000183]],[[104.87909738000002,28.283180570000127],[104.8792273300001,28.283643650000272],[104.87913235000002,28.283701570000062],[104.87884543000013,28.28326135000026],[104.87909738000002,28.283180570000127]]],[[[105.22759526999994,28.455564659999993],[105.22735239999992,28.454416810000055],[105.2254607700001,28.455724040000234],[105.22691040000012,28.456697849999955],[105.22759526999994,28.455564659999993]]],[[[105.22331820000011,28.096954480000022],[105.22262422000006,28.097907000000134],[105.22443798,28.098384580000243],[105.22436003000013,28.09765943000008],[105.22331820000011,28.096954480000022]]],[[[105.22192008000007,28.101672819999976],[105.22154709000012,28.10192251000001],[105.22269298000003,28.10253360000013],[105.22222406000014,28.101837110000076],[105.22192008000007,28.101672819999976]]],[[[105.07254573000012,28.423440810000216],[105.07391662000003,28.422970580000026],[105.07139042000011,28.42369695000008],[105.07055735000012,28.42503554000018],[105.07333469000002,28.427876970000284],[105.07254573000012,28.423440810000216]]]]},"properties":{"nameZh":"兴文县","nameEn":"兴文县","code":"511528000000","severity":"unaffected","severityZh":"???","severityEn":"Unaffected","disasterTypeZh":"未受灾","landformBasinShare":0.29651162790697677,"landformMountainShare":0.7034883720930233,"landformPlateauShare":0.0,"settlementBasinShare":0.4365781710914454,"settlementMountainShare":0.5634218289085545,"settlementPlateauShare":0.0,"landformTypeZh":"中山县","donorBasin":0,"donorMountain":1,"donorPlateau":0,"labelEn":"","landformTypeEn":"Mountain county"}},{"type":"Feature","geometry":{"type":"Polygon","coordinates":[[[104.38061128999993,28.647929320000003],[104.37155574999997,28.652507480000054],[104.34144224000005,28.644180730000016],[104.30573065000004,28.618218109999987],[104.29723283999999,28.635942360000115],[104.26950120000004,28.63679040000011],[104.2436267,28.667061780000097],[104.23774204,28.644301790000043],[104.22879298999993,28.63912880000015],[104.19015079000013,28.63694380000004],[104.16798968000006,28.64630810000017],[104.11868125000001,28.639283569999975],[104.10769089999997,28.61508111000012],[104.09367007000003,28.606640310000216],[104.05717818999995,28.630854280000108],[103.94835132999992,28.60459293000008],[103.9394200700001,28.60774652000009],[103.93469795000004,28.62613710000028],[103.91246110000009,28.634886250000307],[103.89432086,28.62325417000011],[103.87266483999997,28.630020220000006],[103.87167579000004,28.65629013000006],[103.86275225999998,28.669839510000088],[103.85272694000003,28.671749440000212],[103.83826580000004,28.653694440000038],[103.84142531900005,28.637973504000115],[103.83113082900007,28.608803367000007],[103.8352455800001,28.58805699000004],[103.79808444000008,28.563898570000106],[103.79857127000002,28.53729428000031],[103.73781120999996,28.515459260000057],[103.72619531000004,28.47883758000023],[103.71692387999997,28.473958030000063],[103.71078634000003,28.48549485000001],[103.68292994999996,28.50141162],[103.6878865600001,28.5227769600001],[103.71082095000003,28.54474839000011],[103.71037825999997,28.55632822000007],[103.68722640000004,28.5660477400001],[103.66847644000012,28.594439229999978],[103.65159267000007,28.604849790000003],[103.61096230000004,28.60291044000013],[103.61766262000003,28.61992992000023],[103.67130572000008,28.64034783000011],[103.68357112000007,28.638247740000054],[103.69073301000009,28.65316783999998],[103.72536917000008,28.683749900000123],[103.71796468000008,28.69282770000001],[103.70235879000012,28.693142970000167],[103.7034065100001,28.69876904000006],[103.7221136,28.70017607999995],[103.71615882000009,28.70751487000001],[103.72299081000011,28.716323400000192],[103.71380618000012,28.74177408999992],[103.6997138700001,28.750044500000172],[103.71058184000015,28.760578809999913],[103.74746058000005,28.770661399999995],[103.76728876000004,28.802611240000147],[103.75870157000003,28.818366280000077],[103.76388503999993,28.8262311900001],[103.78629995000006,28.82567024000025],[103.80158733999997,28.83939515000003],[103.82841922999995,28.848681070000282],[103.93441701000006,28.767328390000273],[103.9512989000001,28.778285330000017],[103.95439800000003,28.790939670000057],[103.97782426999999,28.79543917000001],[103.98326699,28.802815100000146],[103.99599241000004,28.79934017000022],[103.98818826000002,28.80810066999993],[103.98694781000006,28.830221530000244],[103.97702643000002,28.834662469999955],[103.98382248000013,28.84126979000007],[103.99832730000014,28.840520610000112],[103.99570624,28.853324040000018],[104.00120915000002,28.856691859999955],[104.05268651000011,28.835204880000276],[104.05869438000002,28.810301240000115],[104.08129159000009,28.801157660000115],[104.0807013000001,28.77440455000027],[104.10534302000008,28.7598582400002],[104.11595991000007,28.762745910000035],[104.12193331999998,28.773998900000095],[104.15364491000014,28.779590680000013],[104.19041564000003,28.81838618000029],[104.21918040000003,28.819896560000018],[104.23103766000003,28.813016170000026],[104.24838799999998,28.81793268000024],[104.23852823000004,28.833270120000236],[104.25112148,28.847547879999922],[104.27283848000008,28.854499920000137],[104.2880105000001,28.84758232000013],[104.28920877000013,28.855095070000004],[104.29775773000011,28.84663331000013],[104.31192419000001,28.85378331999999],[104.28987711999997,28.88549023000013],[104.31942371000008,28.902630250000243],[104.33457085999993,28.901619130000256],[104.33447558000006,28.890738660000068],[104.35045726000004,28.887107670000205],[104.34892922000012,28.881004900000278],[104.37049255000011,28.859235970000157],[104.36815323999997,28.82973746000016],[104.39117525000006,28.811687660000075],[104.38156313000002,28.80188800999997],[104.38404904999999,28.795797530000016],[104.37089650999997,28.79825269000014],[104.36175921000012,28.78274811999995],[104.34797385000013,28.78300569999999],[104.34794779000009,28.762895379999918],[104.33793947999993,28.754184160000023],[104.33985311000004,28.741101170000036],[104.36477530000008,28.729776049999998],[104.37436852999997,28.70531797999996],[104.38590668000006,28.706700839999996],[104.38586256000013,28.68799507],[104.36545314000006,28.67957965000005],[104.38582034000001,28.671529630000123],[104.38629762000005,28.652057210000123],[104.38061128999993,28.647929320000003]]]},"properties":{"nameZh":"屏山县","nameEn":"屏山县","code":"511529000000","severity":"general","severityZh":"一般灾区","severityEn":"Generally affected","disasterTypeZh":"一般灾区","landformBasinShare":0.10888443553774214,"landformMountainShare":0.8911155644622578,"landformPlateauShare":0.0,"settlementBasinShare":0.16022099447513813,"settlementMountainShare":0.8397790055248618,"settlementPlateauShare":0.0,"landformTypeZh":"中山县","donorBasin":0,"donorMountain":1,"donorPlateau":0,"labelEn":"","landformTypeEn":"Mountain county"}},{"type":"Feature","geometry":{"type":"MultiPolygon","coordinates":[[[[107.09892752000013,31.836584420000122],[107.11652119000013,31.827281869999922],[107.11045765000006,31.826171760000307],[107.10890342000005,31.81356636000004],[107.09153898000005,31.810348960000283],[107.09458129000006,31.803173590000256],[107.07759790000011,31.803543420000096],[107.08786084000002,31.789314950000062],[107.05180134,31.789469300000007],[107.05265598,31.8022219300002],[107.04416733000005,31.806424330000084],[107.0369371700001,31.784593830000006],[107.02101452,31.778737100000058],[106.99769581000004,31.787987459999954],[106.95766122999993,31.784277389999943],[106.94210450999992,31.795241589999932],[106.9397811400001,31.769568840000147],[106.94958254999995,31.768176760000244],[106.95241246,31.77526046000014],[106.95468898000007,31.76843210000004],[106.94429137000003,31.757329350000134],[106.93631121000004,31.766103480000083],[106.93157415999997,31.759378120000008],[106.93677649,31.757651460000147],[106.91670136000005,31.739962140000046],[106.92106195000002,31.72872861999997],[106.93841008999999,31.725236460000247],[106.94040010999993,31.713559570000257],[106.92122080000007,31.711249570000064],[106.90433977000004,31.698948859999973],[106.90707984000011,31.694675510000252],[106.89607587,31.702414110000177],[106.89429693000011,31.688138720000097],[106.92228950000003,31.683499020000284],[106.91566827999998,31.678078990000017],[106.91655573000008,31.663334380000208],[106.93598620999995,31.660492420000253],[106.93595696000006,31.63561061000013],[106.92434759000014,31.63229234000005],[106.92168741000012,31.598187460000076],[106.91504124,31.58928087999999],[106.93054042000006,31.555225250000035],[106.91494313000004,31.548271320000026],[106.90383192000013,31.55415369000002],[106.88935320000013,31.536875520000024],[106.86362694000013,31.538218619999952],[106.86077474000007,31.52174657000006],[106.86614947999993,31.52682192000026],[106.86925373999992,31.521116160000133],[106.83809385999996,31.505425990000276],[106.82257312000007,31.51327715000008],[106.82352805000005,31.520454080000036],[106.8103422000001,31.518413819999978],[106.81738811000008,31.550140629999987],[106.78120717000013,31.53345675000014],[106.77643171000005,31.540459600000304],[106.76208085999997,31.539764639999987],[106.76702088000002,31.545870449999995],[106.76234165000005,31.557803330000013],[106.7730374200001,31.565166250000118],[106.76604863,31.576972669999975],[106.75739253000006,31.567481180000186],[106.71987701,31.56458101999999],[106.71092491000002,31.574824340000077],[106.70660156000008,31.587319450000052],[106.71468290999991,31.60884187000022],[106.70839125000003,31.62199155000002],[106.71866484000009,31.615183590000015],[106.74778742000007,31.614167460000147],[106.74441046000004,31.604275570000027],[106.7520256900001,31.591218420000075],[106.78206592999993,31.59118605000026],[106.77985617000007,31.60920403000017],[106.78781869000005,31.621193280000057],[106.78326280000005,31.63649339000017],[106.78846583000012,31.64283955999997],[106.8057748,31.64151721999997],[106.80767858000013,31.65309296999999],[106.79840213,31.647296890000007],[106.7942447100001,31.65752768000027],[106.80571893000001,31.66844825999999],[106.77264737999997,31.68247169],[106.77789490999999,31.684073249999983],[106.77439254000012,31.69142708000004],[106.76023414999997,31.70061493999998],[106.77523972000006,31.7097816000001],[106.77613785000011,31.72960769000025],[106.75407614000011,31.721074460000125],[106.7504222500001,31.728124430000264],[106.72877678000009,31.725051520000022],[106.72907841999995,31.76848207000012],[106.71122945000002,31.766724730000192],[106.70223794999998,31.778909820000308],[106.68736457,31.774304450000272],[106.6785868500001,31.79277450000029],[106.68542983999998,31.78998343000029],[106.68307298000002,31.796127750000096],[106.69663584000011,31.80800739000017],[106.69579982000005,31.825206930000036],[106.68205483999998,31.826022050000006],[106.67759562000015,31.83874584000006],[106.64989765000007,31.835438469999986],[106.64264007000003,31.848049590000187],[106.6315275,31.839690060000237],[106.61467731000005,31.868229260000078],[106.62402406999996,31.875644290000025],[106.61997702999997,31.887215349999963],[106.62818414999992,31.896421710000027],[106.63786794000004,31.895724570000255],[106.6453118600001,31.913102279999976],[106.64907904000006,31.95494856000022],[106.68150886000012,31.98397650999999],[106.70583399999998,31.994859039999994],[106.72986496000004,31.98054410000003],[106.76471543000002,31.991858150000212],[106.78686320000003,31.98605190000012],[106.84412236000014,32.00826730000006],[106.89732425000011,31.997960900000123],[106.91165998999998,32.00184945000018],[106.92005263000004,32.01554273000022],[106.93721845999994,32.02003410000003],[106.94937302000005,32.03490565000021],[106.96481667000012,32.04031223000027],[106.97703488000013,32.03305038999997],[106.9788926,32.04028068000014],[106.96344823000004,32.05070829999994],[107.01355482000002,32.060998320000124],[107.04957474000014,32.01103182999998],[107.04911650000008,31.991913250000152],[107.03904761000007,31.982028210000067],[107.04673224999999,31.971661080000104],[107.0447607800001,31.95342976000012],[107.05567667000003,31.9394197700002],[107.04285062999998,31.916495120000036],[107.04679648000013,31.897066410000264],[107.05614268,31.894706640000038],[107.05842509000001,31.90338792000017],[107.06708087999999,31.90343999000021],[107.05884684000011,31.892181740000012],[107.06111163000008,31.88667312000007],[107.06922947999993,31.889470380000034],[107.07113229999999,31.854887930000018],[107.08870901,31.830360160000282],[107.09892752000013,31.836584420000122]],[[106.65119032000013,31.908720889999984],[106.64991359999999,31.911988940000015],[106.64848547999998,31.911864460000004],[106.65088814999996,31.908653420000064],[106.65119032000013,31.908720889999984]]],[[[106.58340554000006,31.894454859999996],[106.58305751000006,31.894943800000135],[106.58339748000009,31.895386060000135],[106.58362750999993,31.894799040000237],[106.58340554000006,31.894454859999996]]],[[[106.57944618000005,31.894363650000287],[106.57938313999995,31.894803710000076],[106.57993225000007,31.89471504000022],[106.57991226000001,31.89454999000003],[106.57944618000005,31.894363650000287]]],[[[106.52780565000012,31.94815916999994],[106.52747982,31.94814433000016],[106.52787572000005,31.949796750000075],[106.52801916000004,31.94852881999998],[106.52780565000012,31.94815916999994]]],[[[106.52592963999996,31.9510979800001],[106.52463828000003,31.95084749000017],[106.52698150999998,31.94865815000003],[106.52348621999994,31.950921420000043],[106.52592963999996,31.9510979800001]]],[[[106.52504814000002,31.95410836999997],[106.52472730999995,31.95389246000002],[106.52349602000004,31.954462300000102],[106.5247522900001,31.955305870000302],[106.52504814000002,31.95410836999997]]],[[[106.5249758600001,31.955508510000186],[106.5245347,31.955561350000096],[106.52468206000015,31.955981840000277],[106.52503501000001,31.955634700000132],[106.5249758600001,31.955508510000186]]],[[[106.5237886700001,31.95633354000023],[106.52244509000013,31.956147859999987],[106.52036035999993,31.957214420000128],[106.52222639999997,31.957731650000085],[106.5237886700001,31.95633354000023]]],[[[106.41641241000002,31.93336656000008],[106.42284272000006,31.92491172000007],[106.41668109000005,31.925586949999968],[106.41214275000004,31.91410098000017],[106.40353485999998,31.92581403000031],[106.41641241000002,31.93336656000008]]]]},"properties":{"nameZh":"巴州区","nameEn":"巴州区","code":"511902000000","severity":"general","severityZh":"一般灾区","severityEn":"Generally affected","disasterTypeZh":"一般灾区","landformBasinShare":0.6468054558506819,"landformMountainShare":0.353194544149318,"landformPlateauShare":0.0,"settlementBasinShare":0.6905339805825242,"settlementMountainShare":0.3094660194174757,"settlementPlateauShare":0.0,"landformTypeZh":"混合县","donorBasin":1,"donorMountain":1,"donorPlateau":0,"labelEn":"","landformTypeEn":"Mixed landform county"}},{"type":"Feature","geometry":{"type":"Polygon","coordinates":[[[106.61569252000004,31.870446840000056],[106.61517110000005,31.859218920000103],[106.62544462000011,31.854054000000133],[106.6315275,31.839690060000237],[106.64264007000003,31.848049590000187],[106.64989765000007,31.835438469999986],[106.67759562000015,31.83874584000006],[106.68205483999998,31.826022050000006],[106.69579982000005,31.825206930000036],[106.69663584000011,31.80800739000017],[106.68307298000002,31.796127750000096],[106.68542983999998,31.78998343000029],[106.6785868500001,31.79277450000029],[106.68736457,31.774304450000272],[106.70223794999998,31.778909820000308],[106.71122945000002,31.766724730000192],[106.72907841999995,31.76848207000012],[106.72877678000009,31.725051520000022],[106.7504222500001,31.728124430000264],[106.75407614000011,31.721074460000125],[106.77613785000011,31.72960769000025],[106.77523972000006,31.7097816000001],[106.76023414999997,31.70061493999998],[106.77439254000012,31.69142708000004],[106.77789490999999,31.684073249999983],[106.77264737999997,31.68247169],[106.80571893000001,31.66844825999999],[106.79479570000001,31.651876300000197],[106.79926716999995,31.647213300000203],[106.80727200000007,31.65348227000021],[106.80873743000001,31.646944640000186],[106.78326280000005,31.63649339000017],[106.78771085,31.617293120000113],[106.77985617000007,31.60920403000017],[106.78104723000007,31.590661820000037],[106.7520256900001,31.591218420000075],[106.74441046000004,31.604275570000027],[106.74778742000007,31.614167460000147],[106.71866484000009,31.615183590000015],[106.71022424999995,31.622172190000242],[106.71092491000002,31.574824340000077],[106.68960247000007,31.563396260000047],[106.6694546,31.5713921600003],[106.66247575000006,31.584401890000095],[106.67571376000006,31.584610590000295],[106.67184247,31.590571770000224],[106.65490616000005,31.584945160000075],[106.64038538999995,31.592118370000094],[106.62832096000005,31.56936316000008],[106.64043735000001,31.54410008000025],[106.62619402999997,31.52853220999998],[106.62267003000005,31.513101220000067],[106.60402660000005,31.509026670000083],[106.56102023000011,31.522382320000077],[106.56259137000006,31.54809002000013],[106.53445992000002,31.573694030000127],[106.51370120000001,31.57810344000012],[106.50021200000015,31.566464360000055],[106.48720842,31.570263339999997],[106.48004702000003,31.58664657999998],[106.45659088000014,31.588342839999996],[106.4482647800001,31.598486809999997],[106.45435513000007,31.626897180000014],[106.44684157000012,31.64850222000007],[106.43682201000013,31.657781760000148],[106.42122840000007,31.656527440000275],[106.41635752000008,31.66424334000027],[106.40480162,31.661332820000155],[106.39519874000001,31.68397047000002],[106.35938560999995,31.705073100000277],[106.37849548999998,31.722413080000024],[106.37462299000003,31.734937970000203],[106.39999196999997,31.726624380000146],[106.40606215000003,31.74280164999999],[106.40024511000013,31.753273779999972],[106.42038795999997,31.75743324000001],[106.40337991000013,31.777332849999993],[106.39162359,31.807654350000064],[106.40214686000007,31.810279210000203],[106.41288737000002,31.83506336000022],[106.40402308000006,31.84818895000018],[106.40227837999993,31.87618549000007],[106.42047596999998,31.891799630000037],[106.40325151000002,31.90186542000015],[106.42068591999993,31.90973392000012],[106.42408491999998,31.924188950000314],[106.44361635000007,31.946729810000193],[106.45939098999997,31.943779100000086],[106.46070237999999,31.956719459999988],[106.48118108000011,31.940273440000112],[106.52818766999991,31.94729096000026],[106.52908345000014,31.954590010000004],[106.57149338999994,31.91802455000027],[106.58578346999997,31.876982960000134],[106.60407959000003,31.868318199999976],[106.61569252000004,31.870446840000056]]]},"properties":{"nameZh":"恩阳区","nameEn":"恩阳区","code":"511903000000","severity":"general","severityZh":"一般灾区","severityEn":"Generally affected","disasterTypeZh":"一般灾区","landformBasinShare":0.8595890410958904,"landformMountainShare":0.1404109589041096,"landformPlateauShare":0.0,"settlementBasinShare":0.8633377135348226,"settlementMountainShare":0.1366622864651774,"settlementPlateauShare":0.0,"landformTypeZh":"盆地县","donorBasin":1,"donorMountain":0,"donorPlateau":0,"labelEn":"","landformTypeEn":"Basin county"}},{"type":"Feature","geometry":{"type":"MultiPolygon","coordinates":[[[[107.4315140332053,32.53180940171529],[107.4243398100001,32.503690910000216],[107.42812722999992,32.48052798000003],[107.43411117725873,32.478769122243705],[107.43417914000008,32.4676120000002],[107.44507577531982,32.467260844417694],[107.45636864,32.452411010000105],[107.45722956000003,32.443483180000214],[107.4447871000001,32.428340110000136],[107.45688958200014,32.41907576000028],[107.48506669000005,32.42749593400009],[107.50778445200018,32.388628320000066],[107.5285636640001,32.38600500700022],[107.5937909860001,32.41403231000004],[107.63188555900018,32.4084068790001],[107.64419565800006,32.41608686600023],[107.67581475134227,32.39993102317618],[107.69068225496034,32.377018144623094],[107.69540476999998,32.34738868000011],[107.71212028894428,32.33110671852933],[107.69779583000013,32.31721419000013],[107.69630277000005,32.27242667000024],[107.67269047000002,32.25093777000001],[107.68715261000006,32.22205346000021],[107.6677944700001,32.218273080000245],[107.67432278000007,32.19937682000011],[107.66611935000003,32.201455839999994],[107.66237854999997,32.21389584000008],[107.62594983999998,32.20166372000017],[107.62179276000006,32.157771240000045],[107.6352198400001,32.148865700000044],[107.62929214000013,32.14201890000004],[107.67605921,32.14333771000025],[107.70327574000004,32.117317040000046],[107.71115821000012,32.121270370000104],[107.73789030000006,32.10460309000024],[107.75933040000012,32.07187009000012],[107.72829972,32.041753410000126],[107.69817336000011,32.03226850999994],[107.6787010700001,32.01523423000026],[107.66767628000008,32.020138379999935],[107.67393532999995,32.01291567000027],[107.67005511000008,32.006913630000156],[107.61552032999998,32.017061800000306],[107.58269696000002,32.00525997000028],[107.58064069000005,31.992723049999995],[107.56584323999999,31.988654880000013],[107.57974662999999,31.971560430000125],[107.57180583000002,31.9563665900003],[107.53469490000009,31.94494214000008],[107.54070970000004,31.92748481000001],[107.51055634,31.928675640000108],[107.54621175999995,31.899396910000178],[107.54506555,31.893758320000074],[107.52885239,31.879317660000027],[107.52005237000003,31.88967659000025],[107.50914161000003,31.88900244000024],[107.51215313999995,31.87885994000021],[107.50317773,31.878083460000255],[107.50244007000009,31.867216919999976],[107.49796073000005,31.87265172000025],[107.49156373000011,31.869263920000094],[107.49825357000009,31.860814070000288],[107.4736240100001,31.86582479000009],[107.48062340000013,31.861330860000237],[107.47934625999994,31.848423480000008],[107.45430613000008,31.84593163000028],[107.43915377999991,31.86219050000011],[107.42078424000005,31.846950109999966],[107.41142762000004,31.85119923000002],[107.41065005000002,31.841351770000074],[107.39912700000014,31.845511869999996],[107.39503265000013,31.856132139999943],[107.38116651999997,31.84867722000007],[107.36909806000011,31.831593820000023],[107.37467742000007,31.816602240000236],[107.38782465000003,31.81196842999998],[107.38690865000012,31.795768980000048],[107.4022933500001,31.794212730000083],[107.41097164000013,31.782078210000066],[107.39439342000014,31.783468690000007],[107.39125892999999,31.774245880000024],[107.40228300000012,31.772257180000167],[107.3929715000001,31.765870199999995],[107.38042882000008,31.776410620000092],[107.36201669000002,31.768741680000062],[107.38207006999994,31.747853359999965],[107.37301188000009,31.736844410000003],[107.37499766000008,31.72713636000003],[107.41811331000002,31.695714870000074],[107.38832522000007,31.692292080000016],[107.36595741999997,31.673024290000285],[107.34576850000002,31.675164660000064],[107.32101529000005,31.655191640000055],[107.31200321000011,31.6707755500002],[107.2812077800001,31.675892700000304],[107.27611730000007,31.691112840000187],[107.26231766000012,31.690605990000165],[107.25889961000013,31.679073130000006],[107.24770189999998,31.67546135999993],[107.2402875900001,31.703129209999986],[107.22712879000005,31.71093933999998],[107.23759520000004,31.71908618000009],[107.23548986000014,31.728941600000212],[107.22185810000002,31.73887249000012],[107.18988658000006,31.741536830000143],[107.17514661000013,31.758508810000023],[107.16289382000008,31.78060618000012],[107.16135608000002,31.813735049999934],[107.14704671999999,31.816903750000108],[107.18160186000006,31.822266260000276],[107.17424719000013,31.841775559999917],[107.13929295000008,31.855561550000004],[107.12723906999997,31.837181580000163],[107.10872433999998,31.84175766000004],[107.08798166000003,31.831166490000214],[107.06689689000007,31.867535280000027],[107.06922947999993,31.889470380000034],[107.05979875000003,31.888030360000073],[107.06708087999999,31.90343999000021],[107.05842509000001,31.90338792000017],[107.05614268,31.894706640000038],[107.04679648000013,31.897066410000264],[107.04285062999998,31.916495120000036],[107.05567667000003,31.9394197700002],[107.0447607800001,31.95342976000012],[107.04673224999999,31.971661080000104],[107.03904761000007,31.982028210000067],[107.04911650000008,31.991913250000152],[107.04830817999999,32.01611451000008],[107.01523139000005,32.05367174000003],[107.01599073999995,32.06081022000001],[106.99355238000004,32.05992318],[106.98379648000002,32.102073219999966],[107.00480189000007,32.11696971000009],[107.03441206000002,32.117345380000074],[107.03988370999997,32.13375085000018],[107.03574127000007,32.14530879000006],[107.05988780000007,32.170698820000155],[107.05422234000014,32.17541883000024],[107.05700821000005,32.183688560000235],[107.06380285,32.19236092000011],[107.07693224000013,32.19375542000023],[107.06880666999996,32.197572610000236],[107.07660474,32.20763181000012],[107.07068962,32.2289471000002],[107.05442957000002,32.23231906000012],[107.05735202000005,32.2417973500003],[107.04086329,32.244589520000204],[107.05617762000008,32.26224149000001],[107.08177854000002,32.26930291000008],[107.0795278700001,32.28007215000008],[107.08385532000005,32.276899570000126],[107.09161487000011,32.284931169999936],[107.09619523000003,32.30500451000012],[107.06468974000006,32.3152246800002],[107.0628610500001,32.32703754000005],[107.06872785000002,32.33203635000012],[107.0590593600001,32.339892359999965],[107.07152459999998,32.36911244000004],[107.05958329999993,32.37673226000027],[107.06380836000011,32.38744484000023],[107.04239232000009,32.39210260000016],[107.05975637000006,32.45060023000002],[107.10040857000013,32.44823179000019],[107.12242554547379,32.4845363486516],[107.16595535300019,32.47941046500023],[107.19139696119333,32.46304108159427],[107.21053685400017,32.42841293800012],[107.2593741720001,32.40552558600018],[107.2791789970002,32.43641837100017],[107.2814699760001,32.4567830550003],[107.29463635900015,32.465539757000045],[107.29743918300005,32.484521142000006],[107.3521097420001,32.50850596300006],[107.37309363200012,32.540981976000126],[107.40130346400008,32.541260706000116],[107.4315140332053,32.53180940171529]],[[107.47695106000003,31.856604280000113],[107.4770944,31.858192020000047],[107.47550938000012,31.858778630000074],[107.47494976000002,31.857177710000144],[107.47695106000003,31.856604280000113]],[[107.46250786999997,31.87199519000029],[107.45231257999995,31.867925619999994],[107.45279651000004,31.85787460000006],[107.46846036000005,31.853107899999998],[107.47315780000002,31.862868860000106],[107.46250786999997,31.87199519000029]],[[107.34603264999998,31.677995389999978],[107.34272566999994,31.67904024000012],[107.34106406000012,31.675842990000262],[107.34548909,31.67628221000001],[107.34603264999998,31.677995389999978]]],[[[107.44867004000002,31.84104599999995],[107.44422347,31.839334450000138],[107.44400153999993,31.845603260000075],[107.44783279000006,31.845857180000166],[107.44867004000002,31.84104599999995]]],[[[107.38102017999995,31.68231732000021],[107.38098097000011,31.672360690000062],[107.37613233000002,31.67003637000016],[107.37440534000012,31.67613431000001],[107.38102017999995,31.68231732000021]]]]},"properties":{"nameZh":"通江县","nameEn":"通江县","code":"511921000000","severity":"general","severityZh":"一般灾区","severityEn":"Generally affected","disasterTypeZh":"一般灾区","landformBasinShare":0.2584352078239609,"landformMountainShare":0.7415647921760391,"landformPlateauShare":0.0,"settlementBasinShare":0.49960474308300395,"settlementMountainShare":0.500395256916996,"settlementPlateauShare":0.0,"landformTypeZh":"中山县","donorBasin":0,"donorMountain":1,"donorPlateau":0,"labelEn":"","landformTypeEn":"Mountain county"}},{"type":"Feature","geometry":{"type":"MultiPolygon","coordinates":[[[[106.77916428362755,32.738169456546416],[106.78163579500017,32.698990103000085],[106.78903598400007,32.71483960500035],[106.820731379,32.70759125700016],[106.84429873500011,32.72477831300023],[106.86134495300007,32.72759635200009],[106.89826604800004,32.724467994000236],[106.91095395500008,32.70576787400017],[106.94491407500016,32.71882204100035],[106.98197485100002,32.71337874100027],[107.00432608100004,32.72348212200018],[107.02782683900006,32.713142876000006],[107.05468902100012,32.713919294000334],[107.06217293261369,32.71086709288818],[107.05816239999996,32.67758804000022],[107.08807356,32.663940310000044],[107.10305316000006,32.602798370000016],[107.09094966999993,32.561461269999995],[107.07546843999995,32.5444590300001],[107.12242554547379,32.4845363486516],[107.10040857000013,32.44823179000019],[107.05975637000006,32.45060023000002],[107.04979090000012,32.40768851000007],[107.04124327000005,32.40402643999994],[107.04354663999999,32.390695170000015],[107.06380836000011,32.38744484000023],[107.05958329999993,32.37673226000027],[107.07152459999998,32.36911244000004],[107.0590593600001,32.339892359999965],[107.06872785000002,32.33203635000012],[107.0628610500001,32.32703754000005],[107.06468974000006,32.3152246800002],[107.09619523000003,32.30500451000012],[107.09161487000011,32.284931169999936],[107.08385532000005,32.276899570000126],[107.0795278700001,32.28007215000008],[107.08177854000002,32.26930291000008],[107.05617762000008,32.26224149000001],[107.04086329,32.244589520000204],[107.05735202000005,32.2417973500003],[107.05442957000002,32.23231906000012],[107.07068962,32.2289471000002],[107.07660474,32.20763181000012],[107.06880666999996,32.197572610000236],[107.07693224000013,32.19375542000023],[107.06380285,32.19236092000011],[107.05700821000005,32.183688560000235],[107.05422234000014,32.17541883000024],[107.05988780000007,32.170698820000155],[107.03574127000007,32.14530879000006],[107.03988370999997,32.13375085000018],[107.03441206000002,32.117345380000074],[107.00480189000007,32.11696971000009],[106.99758567999999,32.10780468000007],[106.98779185000001,32.108781630000294],[106.98583050000013,32.07747366000012],[106.99780612000012,32.060059340000066],[106.96344823000004,32.05070829999994],[106.9788926,32.04028068000014],[106.97703488000013,32.03305038999997],[106.96481667000012,32.04031223000027],[106.94937302000005,32.03490565000021],[106.93721845999994,32.02003410000003],[106.92005263000004,32.01554273000022],[106.91165998999998,32.00184945000018],[106.89687458000003,31.997871860000032],[106.84412236000014,32.00826730000006],[106.78686320000003,31.98605190000012],[106.76471543000002,31.991858150000212],[106.72986496000004,31.98054410000003],[106.70258667000007,31.99402146999995],[106.65703013000012,31.96782109000003],[106.64317674,31.93904599000018],[106.6453118600001,31.913102279999976],[106.63879255999996,31.897366490000024],[106.61997702999997,31.887215349999963],[106.62218185999996,31.872612760000038],[106.60407959000003,31.868318199999976],[106.58578346999997,31.876982960000134],[106.58338658000008,31.893813700000067],[106.57760178000001,31.893473190000122],[106.58137194,31.902478640000254],[106.56657230999991,31.923867480000183],[106.52908345000014,31.954590010000004],[106.52818766999991,31.94729096000026],[106.4767540900001,31.94060777000027],[106.44055250000002,31.98100727999997],[106.47807535999999,31.97927786000008],[106.4897602800001,32.009894410000015],[106.50020704000008,32.00973655000013],[106.50362288999992,32.01716253000029],[106.49781594999996,32.05224356999997],[106.51564495000008,32.0524770100003],[106.5128588500001,32.06924594000026],[106.52810859999994,32.08360208000005],[106.54427943999997,32.07800386000031],[106.55485818000005,32.083681270000056],[106.53125015,32.10285233000013],[106.56445685000006,32.13260817000031],[106.56062928000006,32.169534900000144],[106.5525053400001,32.18000948000008],[106.56082759000014,32.229957560000116],[106.66084740999997,32.25106158000011],[106.67082498000002,32.2750518700002],[106.68225005999994,32.27707848],[106.68258961999999,32.269502190000026],[106.69155718000002,32.266764019999925],[106.71248674999993,32.269648490000236],[106.71488185000004,32.28436996000005],[106.70820972000007,32.28786437000019],[106.71285012999999,32.29688617000022],[106.74994836999997,32.28732127000001],[106.75932352000012,32.29797496000026],[106.77198811000011,32.29918909999998],[106.75564731000003,32.31219818000005],[106.76178963000007,32.322632480000095],[106.75252224000013,32.31476837000008],[106.74091540000006,32.32519756000005],[106.73043303999998,32.31860550999994],[106.72181412000003,32.33920050000012],[106.70566630000013,32.349120210000024],[106.68488371000012,32.35037692000009],[106.69240126,32.36492865000008],[106.68750664000004,32.406522400000085],[106.69238662000004,32.41873901999992],[106.68059503,32.42043189000003],[106.68574114,32.455943590000004],[106.67298048000004,32.47118319000009],[106.67365753000007,32.48571851999998],[106.64545523000004,32.50552448000002],[106.65489026,32.521335190000116],[106.64817138000006,32.60295870000016],[106.65562674,32.61648649999995],[106.6395172500001,32.6446543200002],[106.63635705545738,32.68966948158476],[106.6662946130001,32.69686583900017],[106.72906863600008,32.74155145300017],[106.77916428362755,32.738169456546416]],[[106.58340554000006,31.894454859999996],[106.58362750999993,31.894799040000237],[106.58339748000009,31.895386060000135],[106.58305751000006,31.894943800000135],[106.58340554000006,31.894454859999996]],[[106.57944618000005,31.894363650000287],[106.57991226000001,31.89454999000003],[106.57993225000007,31.89471504000022],[106.57938313999995,31.894803710000076],[106.57944618000005,31.894363650000287]],[[106.52780565000012,31.94815916999994],[106.52801916000004,31.94852881999998],[106.52787572000005,31.949796750000075],[106.52747982,31.94814433000016],[106.52780565000012,31.94815916999994]],[[106.52592963999996,31.9510979800001],[106.52348621999994,31.950921420000043],[106.52698150999998,31.94865815000003],[106.52463828000003,31.95084749000017],[106.52592963999996,31.9510979800001]],[[106.52504814000002,31.95410836999997],[106.5247522900001,31.955305870000302],[106.52349602000004,31.954462300000102],[106.52472730999995,31.95389246000002],[106.52504814000002,31.95410836999997]],[[106.5249758600001,31.955508510000186],[106.52503501000001,31.955634700000132],[106.52468206000015,31.955981840000277],[106.5245347,31.955561350000096],[106.5249758600001,31.955508510000186]],[[106.5237886700001,31.95633354000023],[106.52222639999997,31.957731650000085],[106.52036035999993,31.957214420000128],[106.52244509000013,31.956147859999987],[106.5237886700001,31.95633354000023]]],[[[106.65119032000013,31.908720889999984],[106.65088814999996,31.908653420000064],[106.64848547999998,31.911864460000004],[106.64991359999999,31.911988940000015],[106.65119032000013,31.908720889999984]]]]},"properties":{"nameZh":"南江县","nameEn":"Nanjiang County","code":"511922000000","severity":"severe","severityZh":"重灾区","severityEn":"Severely affected","disasterTypeZh":"重灾区","landformBasinShare":0.14510385756676558,"landformMountainShare":0.8513353115727003,"landformPlateauShare":0.0035608308605341245,"settlementBasinShare":0.3110285006195787,"settlementMountainShare":0.6840148698884758,"settlementPlateauShare":0.004956629491945477,"landformTypeZh":"中山县","donorBasin":0,"donorMountain":1,"donorPlateau":0,"labelEn":"Nanjiang County","population10k":65,"intensity":6.74,"deathsMissing":2,"deathMissingRatePer10k":0,"collapsedHousing":45687,"collapsedHousingPer10k":703,"affectedResidentialSites":108,"affectedRoads":1,"threatenedRiverBlockages":4,"threatenedBridges":0,"threatenedReservoirs":0,"destroyedLandAreaKm2":7,"geologicalHazardRisk":0.29,"resettlementRatePer10k":3151,"compositeImpactIndex":0.1649,"damageIndexName":"Nanjiang","damageIndexLevelEn":"Severely affected area","damageIndexSource":"damage index.xlsx","landformTypeEn":"Mountain county"}},{"type":"Feature","geometry":{"type":"MultiPolygon","coordinates":[[[[107.49764833000012,31.863748880000287],[107.56487063999998,31.838378590000048],[107.5714048800001,31.823623040000086],[107.559976,31.812328959999945],[107.55003829000003,31.771015450000277],[107.52906839000013,31.76286358000027],[107.53458930000005,31.740664190000246],[107.52372181000004,31.733623729999977],[107.52776646000007,31.723556190000295],[107.51186550999995,31.73679506000002],[107.49289951999992,31.72783687000009],[107.48695858000008,31.731212530000164],[107.48415982,31.725685600000077],[107.48836743999993,31.72827537000012],[107.48762959999999,31.720211270000107],[107.49670907000001,31.714655749999963],[107.49893978000006,31.69719878000012],[107.51250727000013,31.685720840000272],[107.52840895000008,31.686780399999975],[107.52684626000013,31.661191780000024],[107.51412975000011,31.640143190000174],[107.49445198999996,31.627595980000137],[107.49016354000008,31.602582200000086],[107.46700188,31.59828390000007],[107.44935962000005,31.585070260000123],[107.43523302000006,31.592358900000306],[107.42899009999991,31.572366230000057],[107.40336805000004,31.57041311000029],[107.39852358000013,31.559606069999973],[107.38758312999994,31.567889700000023],[107.35673524000003,31.543238359999975],[107.34690797000013,31.550463490000084],[107.34691601000009,31.536114750000138],[107.33835696999995,31.539706580000143],[107.32618636999996,31.532881139999972],[107.31901432000006,31.49558558000001],[107.28034670000005,31.492084309999996],[107.26068697000005,31.449062190000177],[107.25333677000009,31.447965710000062],[107.23318463999999,31.468416309999952],[107.2141816400001,31.43195591],[107.17111481000012,31.43129765000026],[107.14088915999997,31.381736040000078],[107.14401401000009,31.355085299999928],[107.12705785000009,31.34102677000027],[107.09576631000004,31.337559650000117],[107.06922372000002,31.37511501000006],[107.06513428000005,31.36130810000003],[107.05347418000002,31.363847120000173],[107.04204785999997,31.34994826000002],[107.05011327000011,31.32885286999999],[107.02987559000002,31.322107920000235],[107.03425936000002,31.296747359999927],[107.01101979000009,31.30495076000011],[107.00725275000013,31.28863625999992],[106.99525527000009,31.282173130000217],[106.99917935000008,31.2714266400003],[106.98457020000012,31.264872690000175],[106.97720909999998,31.24945905000027],[106.94201521000002,31.266816190000213],[106.93930781,31.272203040000022],[106.96081478999992,31.294719490000205],[106.94008928,31.29132991000006],[106.93029931999996,31.309824070000104],[106.94415176000001,31.341205860000173],[106.92934715000007,31.347255290000135],[106.90990525000012,31.375044700000103],[106.91301231,31.380598140000075],[106.88907613999993,31.38700196000002],[106.88441560999996,31.394645670000273],[106.87518094000006,31.38943631000018],[106.86926162000009,31.40116912999997],[106.86056536000012,31.403003820000094],[106.87921756999992,31.42409070000008],[106.86721360000007,31.428849890000038],[106.86459308000013,31.44044111000005],[106.85623397000006,31.439664800000116],[106.84922946000012,31.454092850000052],[106.8344651700001,31.454654879999964],[106.84479404000012,31.469715440000186],[106.83835411000001,31.47682485000007],[106.83838319000012,31.506409370000085],[106.86925373999992,31.521116160000133],[106.86614947999993,31.52682192000026],[106.86077474000007,31.52174657000006],[106.86362694000013,31.538218619999952],[106.88935320000013,31.536875520000024],[106.90383192000013,31.55415369000002],[106.91494313000004,31.548271320000026],[106.93054042000006,31.555225250000035],[106.91504124,31.58928087999999],[106.92168741000012,31.598187460000076],[106.92434759000014,31.63229234000005],[106.93595696000006,31.63561061000013],[106.93598620999995,31.660492420000253],[106.91655573000008,31.663334380000208],[106.91566827999998,31.678078990000017],[106.92228950000003,31.683499020000284],[106.89429693000011,31.688138720000097],[106.89607587,31.702414110000177],[106.90707984000011,31.694675510000252],[106.90433977000004,31.698948859999973],[106.92122080000007,31.711249570000064],[106.94040010999993,31.713559570000257],[106.93841008999999,31.725236460000247],[106.92106195000002,31.72872861999997],[106.91670136000005,31.739962140000046],[106.93677649,31.757651460000147],[106.93157415999997,31.759378120000008],[106.93631121000004,31.766103480000083],[106.94429137000003,31.757329350000134],[106.95468898000007,31.76843210000004],[106.95241246,31.77526046000014],[106.94958254999995,31.768176760000244],[106.9397811400001,31.769568840000147],[106.94210450999992,31.795241589999932],[106.95766122999993,31.784277389999943],[106.99769581000004,31.787987459999954],[107.02101452,31.778737100000058],[107.0369371700001,31.784593830000006],[107.04416733000005,31.806424330000084],[107.05265598,31.8022219300002],[107.05180134,31.789469300000007],[107.08786084000002,31.789314950000062],[107.07759790000011,31.803543420000096],[107.09458129000006,31.803173590000256],[107.09153898000005,31.810348960000283],[107.10890342000005,31.81356636000004],[107.11045765000006,31.826171760000307],[107.11652119000013,31.827281869999922],[107.09892752000013,31.836584420000122],[107.10872433999998,31.84175766000004],[107.12723906999997,31.837181580000163],[107.13929295000008,31.855561550000004],[107.17424719000013,31.841775559999917],[107.18139381000009,31.832449829999973],[107.17826399000012,31.819777720000047],[107.14704671999999,31.816903750000108],[107.16135608000002,31.813735049999934],[107.16289382000008,31.78060618000012],[107.18922264000003,31.74200275999999],[107.22185810000002,31.73887249000012],[107.23548986000014,31.728941600000212],[107.23759520000004,31.71908618000009],[107.22712879000005,31.71093933999998],[107.2402875900001,31.703129209999986],[107.24473446000013,31.678132660000188],[107.25889961000013,31.679073130000006],[107.26231766000012,31.690605990000165],[107.27611730000007,31.691112840000187],[107.28724961000012,31.6712532600003],[107.31200321000011,31.6707755500002],[107.32355347000009,31.655225760000235],[107.34576850000002,31.675164660000064],[107.36595741999997,31.673024290000285],[107.38832522000007,31.692292080000016],[107.41811331000002,31.695714870000074],[107.37499766000008,31.72713636000003],[107.37301188000009,31.736844410000003],[107.38207006999994,31.747853359999965],[107.36201669000002,31.768741680000062],[107.38042882000008,31.776410620000092],[107.3929715000001,31.765870199999995],[107.40228300000012,31.772257180000167],[107.39125892999999,31.774245880000024],[107.39439342000014,31.783468690000007],[107.41097164000013,31.782078210000066],[107.4022933500001,31.794212730000083],[107.38690865000012,31.795768980000048],[107.38782465000003,31.81196842999998],[107.37467742000007,31.816602240000236],[107.36909806000011,31.831593820000023],[107.37963646000003,31.847178009999993],[107.39503265000013,31.856132139999943],[107.39912700000014,31.845511869999996],[107.41065005000002,31.841351770000074],[107.41142762000004,31.85119923000002],[107.42078424000005,31.846950109999966],[107.43915377999991,31.86219050000011],[107.45430613000008,31.84593163000028],[107.47872028000006,31.848294650000014],[107.48062340000013,31.861330860000237],[107.47305329000011,31.865390100000184],[107.49764833000012,31.863748880000287]],[[107.44867004000002,31.84104599999995],[107.44783279000006,31.845857180000166],[107.44400153999993,31.845603260000075],[107.44422347,31.839334450000138],[107.44867004000002,31.84104599999995]],[[107.38102017999995,31.68231732000021],[107.37440534000012,31.67613431000001],[107.37613233000002,31.67003637000016],[107.38098097000011,31.672360690000062],[107.38102017999995,31.68231732000021]],[[106.94432415000011,31.26716949000013],[106.94536579999993,31.268651750000004],[106.94565180999996,31.269977610000126],[106.94260535999996,31.267978560000074],[106.94432415000011,31.26716949000013]]],[[[107.47695106000003,31.856604280000113],[107.47494976000002,31.857177710000144],[107.47550938000012,31.858778630000074],[107.4770944,31.858192020000047],[107.47695106000003,31.856604280000113]]],[[[107.46250786999997,31.87199519000029],[107.47315780000002,31.862868860000106],[107.46846036000005,31.853107899999998],[107.45279651000004,31.85787460000006],[107.45231257999995,31.867925619999994],[107.46250786999997,31.87199519000029]]],[[[107.34603264999998,31.677995389999978],[107.34548909,31.67628221000001],[107.34106406000012,31.675842990000262],[107.34272566999994,31.67904024000012],[107.34603264999998,31.677995389999978]]]]},"properties":{"nameZh":"平昌县","nameEn":"平昌县","code":"511923000000","severity":"general","severityZh":"一般灾区","severityEn":"Generally affected","disasterTypeZh":"一般灾区","landformBasinShare":0.8283281039892425,"landformMountainShare":0.1716718960107575,"landformPlateauShare":0.0,"settlementBasinShare":0.866504854368932,"settlementMountainShare":0.13349514563106796,"settlementPlateauShare":0.0,"landformTypeZh":"盆地县","donorBasin":1,"donorMountain":0,"donorPlateau":0,"labelEn":"","landformTypeEn":"Basin county"}},{"type":"Feature","geometry":{"type":"Polygon","coordinates":[[[106.15848231000012,32.496128060000274],[106.17160662000015,32.4819790800002],[106.15866447000008,32.48415254000008],[106.15586009000003,32.466974119999975],[106.13264637999993,32.4661500000002],[106.13356658000004,32.453866999999946],[106.11543849000009,32.432896400000004],[106.09150102000012,32.44474084000018],[106.0659137500001,32.440129120000165],[106.07632397000009,32.42906950000008],[106.07390225000006,32.40830731000011],[106.09952421000014,32.39946628000013],[106.0899559,32.38105092000001],[106.11984046999999,32.36044652999999],[106.13689214000004,32.35888633000002],[106.11829565000005,32.335300870000026],[106.10496804000007,32.33180025000013],[106.10090460000015,32.322626459999924],[106.04953056000005,32.30871918999998],[106.00089767999998,32.3569421900001],[105.97758235000015,32.363081290000196],[105.97591447999997,32.376748830000224],[105.95737415000002,32.369589740000094],[105.95835949000002,32.36343842000025],[105.9506552200001,32.366108510000004],[105.95305774999991,32.359302140000125],[105.9450131800001,32.355552620000026],[105.92543195999997,32.35732068000016],[105.92315395999998,32.31984173000029],[105.90981979999998,32.30542209000021],[105.88973464000009,32.30064543000003],[105.88209381000007,32.28582952000022],[105.83151229000003,32.29163800999993],[105.80213867000009,32.32629803999998],[105.78143707999999,32.33300772000001],[105.76968941000001,32.32404333000011],[105.76512521000001,32.3351211400003],[105.77212351999998,32.348607960000095],[105.75882223000002,32.35086172000024],[105.75732529999999,32.36200103000016],[105.74044242000002,32.35496564000016],[105.73146955999994,32.36509917000018],[105.71841750000004,32.35991966000006],[105.71163604000009,32.380620870000314],[105.69601204000003,32.3698216600003],[105.68928119999998,32.39019736000006],[105.67153340000004,32.38794735000005],[105.68034560999996,32.37078920000005],[105.65173024000006,32.37283629000012],[105.65757605000005,32.332649470000035],[105.63805701000007,32.335942620000026],[105.5865768700001,32.308482170000275],[105.56839528,32.30758664000007],[105.56252386,32.313438459999986],[105.53197291999999,32.3114547900002],[105.51681833999999,32.33578515000016],[105.50111554999995,32.33701828000022],[105.48682833999999,32.34782981000001],[105.49460532000006,32.372478820000026],[105.47907513000013,32.3865554800002],[105.46474182000009,32.387388030000125],[105.4498874900001,32.378393860000074],[105.43478104000002,32.38481017000004],[105.41098268000002,32.36026903000021],[105.3944864400001,32.365265939999915],[105.38408591000001,32.394875110000214],[105.37384105000001,32.39646632000006],[105.38609988000002,32.40789817000001],[105.38611069000001,32.44204306000006],[105.40036616000003,32.438283170000204],[105.39791751999991,32.45029172000028],[105.42047470000006,32.45926622000013],[105.41699246000007,32.46786585000024],[105.42289478999993,32.47142695000019],[105.42574884999999,32.461581670000044],[105.43683331,32.462809530000015],[105.43239515999994,32.47194115000008],[105.43871552999997,32.478554359999976],[105.47101266000004,32.466256400000304],[105.48313099999996,32.46496503000003],[105.49061387000006,32.47446475999999],[105.50931103000005,32.46901023000004],[105.51065676000002,32.48414073999999],[105.5300916000001,32.49199481000005],[105.53602852,32.51208650000012],[105.56263139000004,32.52051154999998],[105.56107387999992,32.535126970000306],[105.53025104999995,32.52327888999997],[105.50098901999996,32.533362120000106],[105.48326037000004,32.56025548000002],[105.46729427000008,32.56867325000002],[105.46414957000013,32.5915431200001],[105.4774473600001,32.60166713000001],[105.48605361000006,32.59735559000018],[105.50498882,32.602765270000305],[105.50774314,32.59134711000024],[105.54191156000002,32.590623350000214],[105.54811128999995,32.59642640000021],[105.53522924000009,32.60279708000007],[105.53982227,32.62674345000005],[105.55615597999997,32.61726200000021],[105.58583020000015,32.61781023000026],[105.59699046000003,32.64372198000012],[105.63136400999997,32.680053410000085],[105.64554118000007,32.66441475000022],[105.66113772,32.66189027000024],[105.66458131000002,32.64580114000023],[105.67826833000004,32.637434180000184],[105.67075222000005,32.61545448000021],[105.67990782999999,32.607407850000016],[105.70191082999992,32.55430232000003],[105.69008657,32.52594152000006],[105.70100123999998,32.51683672000024],[105.69276287000014,32.511379110000235],[105.70050306000002,32.50578977000015],[105.71227249999998,32.511337450000156],[105.72392748999994,32.49583351000024],[105.74233435000008,32.49354564000009],[105.74659306000001,32.48190433000002],[105.76676116000004,32.48862076000012],[105.78461737000003,32.510570020000046],[105.81158779999998,32.523350410000035],[105.82489551000003,32.51575184000018],[105.83986747,32.52119927000024],[105.84015942000002,32.53043468999999],[105.85618217000007,32.53223572000002],[105.86594653000009,32.544600990000276],[105.88353942000015,32.544053430000076],[105.88489963000006,32.53426163000029],[105.89108699000008,32.53837626000001],[105.90228858,32.53095867000002],[105.91031304000012,32.53450187000027],[105.90927193999994,32.55011151000002],[105.91499819,32.55307111000013],[105.93027162000004,32.54307684000008],[105.94688112000011,32.5465634600003],[105.94923115000006,32.53964617999992],[105.95249455000004,32.54487258],[105.96036026000002,32.53426521000023],[105.96760131999997,32.53545291000006],[105.97218313000002,32.52525363000012],[105.96191256000003,32.51430576000007],[105.97250204000011,32.509354169999995],[106.0278041300001,32.509548710000104],[106.07240549000005,32.521563250000156],[106.08124669000006,32.508541140000034],[106.07877721,32.51976432999999],[106.08453065999998,32.515850950000015],[106.08863284000012,32.52258508999995],[106.09997190000007,32.522357170000305],[106.11015886000007,32.50379776000017],[106.13368478000007,32.51262519000011],[106.15848231000012,32.496128060000274]]]},"properties":{"nameZh":"利州区","nameEn":"Lizhou District","code":"510802000000","severity":"severe","severityZh":"重灾区","severityEn":"Severely affected","disasterTypeZh":"重灾区","landformBasinShare":0.142578125,"landformMountainShare":0.857421875,"landformPlateauShare":0.0,"settlementBasinShare":0.3309734513274336,"settlementMountainShare":0.6690265486725664,"settlementPlateauShare":0.0,"landformTypeZh":"中山县","donorBasin":0,"donorMountain":1,"donorPlateau":0,"labelEn":"Lizhou District","population10k":48,"intensity":7.56,"deathsMissing":44,"deathMissingRatePer10k":1,"collapsedHousing":423985,"collapsedHousingPer10k":8833,"affectedResidentialSites":1224,"affectedRoads":22,"threatenedRiverBlockages":14,"threatenedBridges":0,"threatenedReservoirs":1,"destroyedLandAreaKm2":0,"geologicalHazardRisk":0.56,"resettlementRatePer10k":10008,"compositeImpactIndex":0.3295,"damageIndexName":"Lizhou","damageIndexLevelEn":"Severely affected area","damageIndexSource":"damage index.xlsx","landformTypeEn":"Mountain county"}},{"type":"Feature","geometry":{"type":"MultiPolygon","coordinates":[[[[106.07847743000008,32.31475770000009],[106.07435380999993,32.30311139999998],[106.05558164999997,32.29194517000013],[106.04747339000005,32.29870870000002],[106.02566408000013,32.28675673000021],[105.99904849000006,32.25218712999998],[105.99236464000006,32.252387430000056],[105.9914270700001,32.2386066900001],[105.97699171999994,32.23498333999993],[105.97494369000015,32.225095950000025],[106.0651325500001,32.210676920000196],[106.05603351000008,32.16004406999997],[106.06691253999992,32.151929720000055],[106.10620128,32.17217982000011],[106.11472738000003,32.1591562000001],[106.11190491000008,32.14989123999999],[106.12440076000001,32.148582900000065],[106.06291736000014,32.13727910000006],[106.05380679000001,32.10946380000024],[106.03942924000006,32.103482900000074],[106.02244081000003,32.107526030000315],[106.02537727000004,32.10150071000004],[106.01377102000004,32.08190505000016],[105.99649450999999,32.07641471000028],[106.00877701999997,32.06993706000003],[106.00730195,32.06261977999998],[105.97848641999997,32.014459170000066],[105.96257211000005,32.01637371000004],[105.94889414000005,32.03251024000025],[105.94251526,32.02500851000002],[105.94573470000012,32.014904660000184],[105.96393611000013,32.00946348000008],[105.97265824000004,31.997848040000008],[105.96366625999997,31.989389480000057],[105.93708166000005,31.998756230000026],[105.93016509000012,32.01178413000008],[105.93473038999997,32.02084735],[105.9175454600001,32.01930552999994],[105.9211740400001,32.02816719000026],[105.90398975000005,32.015817389999995],[105.8693562900001,32.014871130000245],[105.85927934,32.02327737000013],[105.85674756000009,32.00952838000012],[105.86498438000001,31.997543890000088],[105.85679141999998,31.980222480000066],[105.84826741000012,31.973307410000075],[105.8433023,31.982270150000033],[105.83390162000006,31.97381119000022],[105.83726075999999,31.95971193000014],[105.84954305999997,31.948532530000307],[105.84544689999996,31.936180740000054],[105.81644498000003,31.949138629999993],[105.80327054999992,31.945210060000022],[105.79265401999993,31.958376100000123],[105.79209874000003,31.934193479999976],[105.77152710000001,31.938223449999953],[105.76608346000006,31.928220660000306],[105.77052047000001,31.921237539999993],[105.72339324999996,31.89653136000004],[105.72252476000006,31.90807875000013],[105.68579359000006,31.934360540000284],[105.69210426000001,31.942184340000153],[105.70291251000003,31.938962370000183],[105.70069873,31.965144970000097],[105.67957753000002,31.988222940000014],[105.66279896000015,31.98996833000001],[105.66853583,31.997958320000293],[105.65927406000003,32.01457485000003],[105.67055035000004,32.02995005000014],[105.68002098000011,32.02645923000017],[105.69929262000005,32.033441530000005],[105.69317968999997,32.05385328000011],[105.70817719000007,32.07297196999997],[105.68894397999998,32.07260392000006],[105.68484008000007,32.078712630000155],[105.71110399999998,32.09700859999998],[105.69418250000001,32.11420115999999],[105.71588911000009,32.1171803200001],[105.72241613999995,32.12704886000023],[105.71490463999999,32.13579424000011],[105.67749111000006,32.14930017000029],[105.70084620999995,32.159787630000096],[105.7040294200001,32.17345639000007],[105.69058071000006,32.18737619999996],[105.67396966000001,32.18114763000011],[105.66557434000009,32.185822520000045],[105.64712799000012,32.21497023999996],[105.63809925000004,32.21634043],[105.62646950999999,32.20512422000013],[105.63070567000005,32.22174707000005],[105.61086448000009,32.23479273999999],[105.58932363000002,32.23332407000015],[105.58508846000007,32.25329315000022],[105.59831510000004,32.25510473999998],[105.5956946500001,32.278200290000086],[105.57562934000009,32.28789953000006],[105.54894925000002,32.27487012000006],[105.55841025000001,32.297980499999994],[105.63046536000007,32.33337772000027],[105.65757605000005,32.332649470000035],[105.65173024000006,32.37283629000012],[105.68034560999996,32.37078920000005],[105.67153340000004,32.38794735000005],[105.67797072999997,32.39052897999994],[105.6932176300001,32.387413729999935],[105.69601204000003,32.3698216600003],[105.71163604000009,32.380620870000314],[105.71841750000004,32.35991966000006],[105.73146955999994,32.36509917000018],[105.74044242000002,32.35496564000016],[105.75732529999999,32.36200103000016],[105.75882223000002,32.35086172000024],[105.77212351999998,32.348607960000095],[105.76512521000001,32.3351211400003],[105.76968941000001,32.32404333000011],[105.78143707999999,32.33300772000001],[105.8038435900001,32.32565993000014],[105.81684960000013,32.302666280000096],[105.84451940999998,32.288670220000085],[105.88534119000002,32.287808610000184],[105.88973464000009,32.30064543000003],[105.90981979999998,32.30542209000021],[105.92315395999998,32.31984173000029],[105.92543195999997,32.35732068000016],[105.9450131800001,32.355552620000026],[105.95305774999991,32.359302140000125],[105.9506552200001,32.366108510000004],[105.95835949000002,32.36343842000025],[105.95737415000002,32.369589740000094],[105.97591447999997,32.376748830000224],[105.97758235000015,32.363081290000196],[106.00089767999998,32.3569421900001],[106.04795045000009,32.30955935000003],[106.07847743000008,32.31475770000009]]],[[[105.86237631000006,32.01037949000022],[105.86414857,32.010268770000096],[105.86031673000002,32.00765303000003],[105.86074220000006,32.00952707000022],[105.86237631000006,32.01037949000022]]]]},"properties":{"nameZh":"昭化区","nameEn":"Zhaohua District","code":"510811000000","severity":"severe","severityZh":"重灾区","severityEn":"Severely affected","disasterTypeZh":"重灾区","landformBasinShare":0.6598877980364657,"landformMountainShare":0.34011220196353437,"landformPlateauShare":0.0,"settlementBasinShare":0.73046875,"settlementMountainShare":0.26953125,"settlementPlateauShare":0.0,"landformTypeZh":"盆地县","donorBasin":1,"donorMountain":1,"donorPlateau":0,"labelEn":"Zhaohua District","population10k":24,"intensity":7,"deathsMissing":13,"deathMissingRatePer10k":1,"collapsedHousing":161439,"collapsedHousingPer10k":6727,"affectedResidentialSites":null,"affectedRoads":null,"threatenedRiverBlockages":null,"threatenedBridges":null,"threatenedReservoirs":null,"destroyedLandAreaKm2":null,"geologicalHazardRisk":0,"resettlementRatePer10k":1375,"compositeImpactIndex":0.1791,"damageIndexName":"Yuanba","damageIndexLevelEn":"Severely affected area","damageIndexSource":"damage index.xlsx","landformTypeEn":"Basin county"}},{"type":"Feature","geometry":{"type":"MultiPolygon","coordinates":[[[[106.04074316275307,32.86591116177857],[106.04548625378249,32.84936799200426],[106.06581659000005,32.82600247700003],[106.08949263784905,32.82572310820632],[106.08971258999992,32.79611709000005],[106.06140723000004,32.78548658000017],[106.0570749900001,32.77011261999996],[106.06818863343,32.76961121794568],[106.0676850700001,32.75958915000001],[106.1049585930001,32.73399992505961],[106.10764147600014,32.72386321900018],[106.14128379000016,32.72245725200014],[106.1496097820002,32.707854173000044],[106.1677354110002,32.711212883000144],[106.17028735500014,32.69973298399998],[106.17807411900014,32.69718064000023],[106.25124972499998,32.69584649199993],[106.26692393900015,32.674008129000015],[106.28956816999994,32.67368825000011],[106.28121064999999,32.662529319999976],[106.29735485999993,32.625968860000114],[106.25318587000004,32.61748258999995],[106.26621332000008,32.605420860000095],[106.25453061999997,32.593917100000056],[106.26269757999995,32.5834923700001],[106.25998178999998,32.5587771400003],[106.23211323999999,32.539905520000275],[106.22873678000008,32.52435029000003],[106.21304472000003,32.508857579999926],[106.19794294999997,32.50676054999997],[106.17283098000001,32.52826314000009],[106.15848231000012,32.496128060000274],[106.13368478000007,32.51262519000011],[106.11015886000007,32.50379776000017],[106.09997190000007,32.522357170000305],[106.08863284000012,32.52258508999995],[106.08453065999998,32.515850950000015],[106.07877721,32.51976432999999],[106.08124669000006,32.508541140000034],[106.07240549000005,32.521563250000156],[106.0278041300001,32.509548710000104],[105.97250204000011,32.509354169999995],[105.96191256000003,32.51430576000007],[105.97218313000002,32.52525363000012],[105.96760131999997,32.53545291000006],[105.96036026000002,32.53426521000023],[105.95249455000004,32.54487258],[105.94923115000006,32.53964617999992],[105.94688112000011,32.5465634600003],[105.93027162000004,32.54307684000008],[105.91499819,32.55307111000013],[105.90927193999994,32.55011151000002],[105.91031304000012,32.53450187000027],[105.90228858,32.53095867000002],[105.89108699000008,32.53837626000001],[105.88489963000006,32.53426163000029],[105.88353942000015,32.544053430000076],[105.86594653000009,32.544600990000276],[105.85618217000007,32.53223572000002],[105.84015942000002,32.53043468999999],[105.83986747,32.52119927000024],[105.82489551000003,32.51575184000018],[105.81158779999998,32.523350410000035],[105.79810591,32.51736542000009],[105.75333562000014,32.48060140000007],[105.74366729000008,32.48325327000009],[105.74233435000008,32.49354564000009],[105.72392748999994,32.49583351000024],[105.71227249999998,32.511337450000156],[105.69744101999993,32.50644043],[105.69276583999999,32.51179402000008],[105.70105510000002,32.517185560000144],[105.69021211000012,32.52824977000006],[105.70191082999992,32.55430232000003],[105.67990782999999,32.607407850000016],[105.67075222000005,32.61545448000021],[105.67826833000004,32.637434180000184],[105.66458131000002,32.64580114000023],[105.66113772,32.66189027000024],[105.64554118000007,32.66441475000022],[105.63136400999997,32.680053410000085],[105.62745742300012,32.71081473999993],[105.674312289,32.72883790600031],[105.68539760700008,32.74481628000024],[105.69633637900012,32.74478448000025],[105.71540974500016,32.761907236000354],[105.73213068300004,32.75606727000013],[105.74394765800014,32.76929548800024],[105.76496713800009,32.76970345900014],[105.7775211770001,32.75151020000021],[105.80760249100018,32.77450762500007],[105.81874931300018,32.77239212799992],[105.81317650941662,32.792600832739765],[105.82230902700019,32.805289643000265],[105.82193487100017,32.82761404200022],[105.84704723500016,32.82037994900003],[105.85406112000004,32.82971178900016],[105.88950767700004,32.84075091400024],[105.92622782600012,32.82792221700004],[105.9646238470001,32.85141484100035],[105.99131171999994,32.83016141000013],[106.00760507900009,32.83180796700003],[106.01843262800008,32.86084673700003],[106.03206314500017,32.85416710000004],[106.04074316275307,32.86591116177857]]],[[[106.08453693284446,32.774349662152304],[106.08392083000001,32.7675635600001],[106.07211061428615,32.75991913986837],[106.07302790400001,32.76710343100012],[106.08453693284446,32.774349662152304]]]]},"properties":{"nameZh":"朝天区","nameEn":"Chaotian District","code":"510812000000","severity":"severe","severityZh":"重灾区","severityEn":"Severely affected","disasterTypeZh":"重灾区","landformBasinShare":0.10585305105853052,"landformMountainShare":0.8941469489414695,"landformPlateauShare":0.0,"settlementBasinShare":0.1951219512195122,"settlementMountainShare":0.8048780487804879,"settlementPlateauShare":0.0,"landformTypeZh":"中山县","donorBasin":0,"donorMountain":1,"donorPlateau":0,"labelEn":"Chaotian District","population10k":21,"intensity":7.74,"deathsMissing":18,"deathMissingRatePer10k":1,"collapsedHousing":219430,"collapsedHousingPer10k":10449,"affectedResidentialSites":1355,"affectedRoads":0,"threatenedRiverBlockages":6,"threatenedBridges":0,"threatenedReservoirs":0,"destroyedLandAreaKm2":0,"geologicalHazardRisk":0.29,"resettlementRatePer10k":8476,"compositeImpactIndex":0.3086,"damageIndexName":"Chaotian","damageIndexLevelEn":"Severely affected area","damageIndexSource":"damage index.xlsx","landformTypeEn":"Mountain county"}},{"type":"Feature","geometry":{"type":"Polygon","coordinates":[[[106.63635705545738,32.68966948158476],[106.6395172500001,32.6446543200002],[106.65562674,32.61648649999995],[106.64817138000006,32.60295870000016],[106.65489026,32.521335190000116],[106.64545523000004,32.50552448000002],[106.67365753000007,32.48571851999998],[106.67298048000004,32.47118319000009],[106.68574114,32.455943590000004],[106.68059503,32.42043189000003],[106.69238662000004,32.41873901999992],[106.68750664000004,32.406522400000085],[106.69240126,32.36492865000008],[106.68488371000012,32.35037692000009],[106.70566630000013,32.349120210000024],[106.72181412000003,32.33920050000012],[106.73043303999998,32.31860550999994],[106.74091540000006,32.32519756000005],[106.75252224000013,32.31476837000008],[106.75379432000005,32.320740940000064],[106.76178963000007,32.322632480000095],[106.75564731000003,32.31219818000005],[106.77198811000011,32.29918909999998],[106.75932352000012,32.29797496000026],[106.74994836999997,32.28732127000001],[106.71285012999999,32.29688617000022],[106.70820972000007,32.28786437000019],[106.71488185000004,32.28436996000005],[106.71248674999993,32.269648490000236],[106.69155718000002,32.266764019999925],[106.68258961999999,32.269502190000026],[106.68225005999994,32.27707848],[106.67082498000002,32.2750518700002],[106.66084740999997,32.25106158000011],[106.56082759000014,32.229957560000116],[106.5525053400001,32.18000948000008],[106.56062928000006,32.169534900000144],[106.56445685000006,32.13260817000031],[106.53125015,32.10285233000013],[106.55485818000005,32.083681270000056],[106.54427943999997,32.07800386000031],[106.52810859999994,32.08360208000005],[106.5128588500001,32.06924594000026],[106.51564495000008,32.0524770100003],[106.49781594999996,32.05224356999997],[106.50362288999992,32.01716253000029],[106.50020704000008,32.00973655000013],[106.4897602800001,32.009894410000015],[106.47807535999999,31.97927786000008],[106.4653917,31.983054840000307],[106.45626797000006,32.01057553000027],[106.45878528000014,32.02170429],[106.44907955000002,32.04570571000011],[106.45846420000004,32.05590465000023],[106.44756878000004,32.07001718000009],[106.45307979000006,32.08217699000028],[106.43118577000007,32.07511813000008],[106.4234036900001,32.09481047999998],[106.43431793000008,32.10733404000024],[106.41769096000013,32.113105739999924],[106.39442158000003,32.150008040000046],[106.37364447000004,32.14844402999995],[106.36853945000007,32.15180117000028],[106.37233376999995,32.15880031000012],[106.34601041999997,32.15871468000012],[106.33919555000011,32.148273860000074],[106.32418644000006,32.14808915000009],[106.32529808000004,32.14080359000019],[106.30230446000002,32.135348350000186],[106.26971262000006,32.11309502000012],[106.24463832999999,32.11479517000009],[106.23856311000003,32.10792976999994],[106.20988702000005,32.11301161000017],[106.20810769000008,32.12944377000014],[106.19158970000012,32.13686263000005],[106.13957441000014,32.12129537000004],[106.12600477000001,32.147745650000275],[106.11190491000008,32.14989123999999],[106.10827630000006,32.17137581000003],[106.06691253999992,32.151929720000055],[106.05603351000008,32.16004406999997],[106.0651325500001,32.210676920000196],[105.97528155000003,32.2240898500001],[105.97699171999994,32.23498333999993],[105.9914270700001,32.2386066900001],[105.99236464000006,32.252387430000056],[105.99904849000006,32.25218712999998],[106.02566408000013,32.28675673000021],[106.04116145,32.296936040000105],[106.05051184000007,32.29876075000004],[106.05378466999997,32.2914262500002],[106.07230456000002,32.301215210000294],[106.07847743000008,32.31475770000009],[106.10090460000015,32.322626459999924],[106.13582395000014,32.351433760000134],[106.13629313000007,32.3597934200003],[106.11984046999999,32.36044652999999],[106.08931311000009,32.38179103000016],[106.09952421000014,32.39946628000013],[106.07390225000006,32.40830731000011],[106.07632397000009,32.42906950000008],[106.0663130100001,32.44127049000008],[106.09302961000014,32.44450674000018],[106.11516928000003,32.432744189999994],[106.13356658000004,32.453866999999946],[106.13264637999993,32.4661500000002],[106.15586009000003,32.466974119999975],[106.15866447000008,32.48415254000008],[106.17182403999999,32.4823324300001],[106.15824695000003,32.49441594000018],[106.17283098000001,32.52826314000009],[106.19794294999997,32.50676054999997],[106.21304472000003,32.508857579999926],[106.22873678000008,32.52435029000003],[106.23211323999999,32.539905520000275],[106.25998178999998,32.5587771400003],[106.26269757999995,32.5834923700001],[106.25453061999997,32.593917100000056],[106.26621332000008,32.605420860000095],[106.25318587000004,32.61748258999995],[106.29715434000008,32.625500360000046],[106.28090702000009,32.664911720000305],[106.2968512340002,32.68201326100018],[106.34702583487035,32.67392752207354],[106.37906740882039,32.64858310358005],[106.39041555500012,32.62357405500012],[106.41630630500003,32.61869580000035],[106.4467900690002,32.64229966000005],[106.44786686900011,32.66252486600035],[106.46287764400017,32.65346269500026],[106.49404332700004,32.651560969000286],[106.49797463600015,32.66288018299997],[106.51390295599998,32.67064490600001],[106.56963345800011,32.68012046400014],[106.58176462300008,32.69030377900009],[106.62478638300007,32.68360310800034],[106.63635705545738,32.68966948158476]]]},"properties":{"nameZh":"旺苍县","nameEn":"Wangcang County","code":"510821000000","severity":"severe","severityZh":"重灾区","severityEn":"Severely affected","disasterTypeZh":"重灾区","landformBasinShare":0.10955243820975284,"landformMountainShare":0.8904475617902472,"landformPlateauShare":0.0,"settlementBasinShare":0.24695121951219512,"settlementMountainShare":0.7530487804878049,"settlementPlateauShare":0.0,"landformTypeZh":"中山县","donorBasin":0,"donorMountain":1,"donorPlateau":0,"labelEn":"Wangcang County","population10k":46,"intensity":7,"deathsMissing":16,"deathMissingRatePer10k":0,"collapsedHousing":170980,"collapsedHousingPer10k":3717,"affectedResidentialSites":4944,"affectedRoads":40,"threatenedRiverBlockages":36,"threatenedBridges":0,"threatenedReservoirs":0,"destroyedLandAreaKm2":26,"geologicalHazardRisk":2.23,"resettlementRatePer10k":4261,"compositeImpactIndex":0.2758,"damageIndexName":"Wangcang","damageIndexLevelEn":"Severely affected area","damageIndexSource":"damage index.xlsx","landformTypeEn":"Mountain county"}},{"type":"Feature","geometry":{"type":"Polygon","coordinates":[[[105.49486518054277,32.91104205753493],[105.48976916700008,32.907549962000076],[105.4918088870001,32.87530755600022],[105.5208880213599,32.849894353383434],[105.52923691299998,32.794955553000136],[105.55139521600006,32.79663199100014],[105.55220185500013,32.77357010500015],[105.56367529628,32.76738960431612],[105.55172462999997,32.749097120000215],[105.55273105300006,32.734394269000234],[105.56286802600005,32.72660423000002],[105.58328952200009,32.73146597200014],[105.59281858800017,32.70165464700028],[105.62402957500501,32.70614712917694],[105.63093019999997,32.67606072000012],[105.59699046000003,32.64372198000012],[105.58583020000015,32.61781023000026],[105.55615597999997,32.61726200000021],[105.53982227,32.62674345000005],[105.53522924000009,32.60279708000007],[105.54811128999995,32.59642640000021],[105.54191156000002,32.590623350000214],[105.50774314,32.59134711000024],[105.50498882,32.602765270000305],[105.48605361000006,32.59735559000018],[105.4774473600001,32.60166713000001],[105.46414957000013,32.5915431200001],[105.46729427000008,32.56867325000002],[105.48326037000004,32.56025548000002],[105.50098901999996,32.533362120000106],[105.53025104999995,32.52327888999997],[105.56107387999992,32.535126970000306],[105.56263139000004,32.52051154999998],[105.53602852,32.51208650000012],[105.5300916000001,32.49199481000005],[105.51065676000002,32.48414073999999],[105.50931103000005,32.46901023000004],[105.49061387000006,32.47446475999999],[105.48313099999996,32.46496503000003],[105.47101266000004,32.466256400000304],[105.43871552999997,32.478554359999976],[105.43239515999994,32.47194115000008],[105.43711061000005,32.46297697],[105.42574884999999,32.461581670000044],[105.42246863000003,32.471327509999924],[105.41674046000003,32.46755368999999],[105.42047470000006,32.45926622000013],[105.39791751999991,32.45029172000028],[105.40036616000003,32.438283170000204],[105.38611069000001,32.44204306000006],[105.38609988000002,32.40789817000001],[105.37320706000014,32.40163567000002],[105.38542289999998,32.392659440000216],[105.3944864400001,32.365265939999915],[105.41098268000002,32.36026903000021],[105.43478104000002,32.38481017000004],[105.4498874900001,32.378393860000074],[105.47291022000002,32.388809940000215],[105.49336376000002,32.37410306000015],[105.49494578000002,32.364339990000246],[105.46187657999997,32.32175882000013],[105.38927589000008,32.255657170000234],[105.4045739,32.22384419000002],[105.40102166000008,32.201951340000164],[105.38800750000013,32.19526160000015],[105.37468932000002,32.205643780000116],[105.36424538000011,32.20193116000007],[105.28232629000013,32.14106115999999],[105.27161649000004,32.158241290000035],[105.26155728000015,32.15679065000029],[105.24790544999996,32.170414590000064],[105.26767684000004,32.18941219000004],[105.26789389000004,32.197995400000025],[105.23697850000008,32.20615198000007],[105.24376597000014,32.22026151000006],[105.25878978999992,32.227462560000106],[105.2493816600001,32.23855982000009],[105.2674436100001,32.26831471999998],[105.26586401999998,32.28004496999995],[105.25095257000004,32.27392534000006],[105.2347310400001,32.28942158000024],[105.25292309000002,32.30483615000003],[105.24505163000009,32.322313820000204],[105.1742508700001,32.304852070000095],[105.11349124000009,32.31306932000001],[105.08666306000003,32.308405320000304],[105.07912733000006,32.28571291000014],[105.03731513000014,32.28861408000023],[105.02972807000015,32.26732830000009],[104.99218360999998,32.24987632000011],[104.99667170000009,32.27349313000019],[104.95930542999997,32.30780297000001],[104.96386225000003,32.32512315999992],[104.9773677,32.32552798000006],[104.97716823000002,32.33278276000004],[104.93754575000008,32.33609188000031],[104.90894168,32.328638720000015],[104.88326870999998,32.35720906999995],[104.85895771000003,32.36056883000015],[104.83790866999999,32.353579850000074],[104.8188379,32.37372600000003],[104.78705733999999,32.38556973000016],[104.7719875300001,32.39938607000005],[104.77072845000004,32.422060349999924],[104.75228973999992,32.437371270000085],[104.75890522999998,32.448781980000035],[104.74626531000007,32.46713909999994],[104.75690104000012,32.496148910000215],[104.74714319000009,32.507634020000125],[104.75181426,32.530879310000216],[104.70479574000012,32.557067200000006],[104.65545636999997,32.560743860000116],[104.64858165999993,32.582023090000234],[104.61375098000002,32.607460090000075],[104.61907118000005,32.61550870000008],[104.61522713000011,32.62988202000008],[104.6331940825163,32.670868443486654],[104.64222047800013,32.66357567700015],[104.66535922600008,32.664886299000045],[104.69408560200014,32.67580856200004],[104.7367941940002,32.63771438800029],[104.75871588500007,32.64711597200011],[104.79301387300018,32.64579173600015],[104.81011244600012,32.65302931100007],[104.8178025520001,32.66524546400001],[104.8263245560002,32.66494059200022],[104.86595042700014,32.63202345900004],[104.87898332600014,32.6036110200003],[104.92227582400017,32.61017498500007],[104.96891616900018,32.635241013000154],[105.00971799700017,32.64169243200024],[105.02696184600006,32.652601925000056],[105.07591115100013,32.63932129000017],[105.10734997399999,32.59618370200019],[105.14042107,32.60336681000035],[105.21010801700015,32.6373398840002],[105.216232628,32.668576581000025],[105.23878956700008,32.6709240050003],[105.25979360000002,32.654574147000176],[105.29215052800015,32.65799452400012],[105.30517848700009,32.673266551000154],[105.34324216200008,32.684781192000116],[105.3650679100001,32.71492937100015],[105.3904539130001,32.71630829700018],[105.42160631700017,32.735951147000264],[105.45142120700007,32.73931262300022],[105.45389722000004,32.763482859999954],[105.4470387400001,32.76992651000023],[105.44119858000005,32.761860350000006],[105.43953063000009,32.773624080000275],[105.42152063742242,32.776536078826666],[105.42371793199999,32.786281073000055],[105.40924900500005,32.81428272600016],[105.38733945962423,32.83755730774931],[105.39588756100011,32.83860410100016],[105.38614648300006,32.84961765900016],[105.39374093800001,32.853795294000236],[105.38541590900019,32.86066831300019],[105.39125214400019,32.86667704200005],[105.377955948092,32.8770964387341],[105.37719320300016,32.881240441000045],[105.40394870000017,32.887666349000256],[105.40919009800001,32.92080585900004],[105.42168355600006,32.93302625200016],[105.46372182800008,32.9320604990001],[105.49486518054277,32.91104205753493]]]},"properties":{"nameZh":"青川县","nameEn":"Qingchuan County","code":"510822000000","severity":"extreme","severityZh":"极重灾区","severityEn":"Extremely affected","disasterTypeZh":"极重灾区","landformBasinShare":0.006593406593406593,"landformMountainShare":0.9915227629513343,"landformPlateauShare":0.0018838304552590266,"settlementBasinShare":0.030664395229982964,"settlementMountainShare":0.969335604770017,"settlementPlateauShare":0.0,"landformTypeZh":"中山县","donorBasin":0,"donorMountain":1,"donorPlateau":0,"labelEn":"Qingchuan County","population10k":25,"intensity":8.74,"deathsMissing":4819,"deathMissingRatePer10k":193,"collapsedHousing":714084,"collapsedHousingPer10k":28563,"affectedResidentialSites":158,"affectedRoads":97,"threatenedRiverBlockages":23,"threatenedBridges":0,"threatenedReservoirs":1,"destroyedLandAreaKm2":0,"geologicalHazardRisk":0.62,"resettlementRatePer10k":9811,"compositeImpactIndex":0.5146,"damageIndexName":"Qingchuan","damageIndexLevelEn":"Extremely severely affected area","damageIndexSource":"damage index.xlsx","landformTypeEn":"Mountain county"}},{"type":"Feature","geometry":{"type":"MultiPolygon","coordinates":[[[[105.56839528,32.30758664000007],[105.54894925000002,32.27487012000006],[105.57501212,32.28779800000001],[105.59285610000006,32.28252567000004],[105.59845388999997,32.256782890000295],[105.58508846000007,32.25329315000022],[105.58932363000002,32.23332407000015],[105.61086448000009,32.23479273999999],[105.62976858000013,32.22325755999998],[105.62646950999999,32.20512422000013],[105.63809925000004,32.21634043],[105.64712799000012,32.21497023999996],[105.67308406000012,32.181193329999985],[105.69709116000013,32.185201980000215],[105.70430339,32.16471043000007],[105.67762882000005,32.148018660000105],[105.72218640999995,32.12810228000001],[105.71588911000009,32.1171803200001],[105.69418250000001,32.11420115999999],[105.71110399999998,32.09700859999998],[105.68484008000007,32.078712630000155],[105.68894397999998,32.07260392000006],[105.70868131000003,32.07118588999998],[105.69317968999997,32.05385328000011],[105.69828612000003,32.0301513200003],[105.67055035000004,32.02995005000014],[105.65927406000003,32.01457485000003],[105.66853583,31.997958320000293],[105.66279896000015,31.98996833000001],[105.67957753000002,31.988222940000014],[105.70069873,31.965144970000097],[105.70291251000003,31.938962370000183],[105.69210426000001,31.942184340000153],[105.68579359000006,31.934360540000284],[105.72252476000006,31.90807875000013],[105.72574605999995,31.896330390000287],[105.77052047000001,31.921237539999993],[105.76608346000006,31.928220660000306],[105.77152710000001,31.938223449999953],[105.79209874000003,31.934193479999976],[105.7946158900001,31.95850413000005],[105.82243526000008,31.918262510000034],[105.80238093000008,31.898942710000256],[105.80013320000006,31.883315440000047],[105.78784003000004,31.868828470000096],[105.79321405000007,31.85890917000023],[105.78129352000002,31.848435669999958],[105.78700607999997,31.834991329999923],[105.75698495000006,31.830404240000007],[105.75842517000007,31.79770981000007],[105.7781599600001,31.774001480000265],[105.76427673,31.767372100000273],[105.7636435,31.75096133000011],[105.72669172000008,31.738224720000005],[105.72771601000005,31.7291218700002],[105.72006777999997,31.72642696000014],[105.72634430000011,31.703889199999992],[105.71870481000002,31.69596524000002],[105.72269839000006,31.669509540000263],[105.70924147000005,31.66598110000018],[105.71386023000008,31.659923080000226],[105.70896385000015,31.65248780999997],[105.69513391999999,31.651772329999915],[105.68206885000012,31.615734550000127],[105.69624503000011,31.60759285000006],[105.69647053000011,31.59081581999999],[105.68098398000006,31.611159579999935],[105.65787693000004,31.602043610000123],[105.6473737,31.616755630000057],[105.62847770000008,31.601870030000157],[105.63602891999994,31.58990763999998],[105.61899161999997,31.58656941999999],[105.61512876000012,31.55635263000005],[105.60605931000003,31.55357607000002],[105.59578301999994,31.58333639],[105.5789463700001,31.579928450000125],[105.57599529999999,31.568007850000072],[105.54824752000007,31.56411198000029],[105.50662864999998,31.58216750000031],[105.49420671999997,31.57847166000022],[105.49916399,31.567344990000095],[105.48636825999995,31.561724180000056],[105.49122924,31.549771510000028],[105.47436272999994,31.547531510000113],[105.46844113000009,31.534349440000085],[105.45547953000005,31.529018300000075],[105.42835724000003,31.540470789999972],[105.42722010000006,31.5464987900001],[105.41253743000004,31.545311940000147],[105.41172157000005,31.56148825000008],[105.39435741000005,31.56900840000003],[105.39137925,31.564103430000102],[105.38947827999993,31.62035355000023],[105.36797315999996,31.624641060000044],[105.35844049000013,31.617030780000277],[105.32876884000001,31.632648800000027],[105.33578300000005,31.65685433999994],[105.34376098000001,31.66030992000026],[105.34149478000012,31.679255109999986],[105.31436813000005,31.704363520000015],[105.31289190000012,31.720258919999992],[105.28443978000001,31.70329994000008],[105.2512324000001,31.70703445999999],[105.25887044000007,31.71989122000008],[105.28090709999992,31.73132145000011],[105.27867693999997,31.74174041000009],[105.30707682000002,31.74518364000005],[105.30863903999995,31.75976282000022],[105.28524722000003,31.79591438],[105.26440824999997,31.79724707000014],[105.25779466000006,31.780281940000123],[105.24034081000008,31.797384729999976],[105.2483949,31.811112730000048],[105.23975027000006,31.83224206],[105.20279269000002,31.837573440000256],[105.21162014999993,31.87846275999999],[105.22028198000004,31.885729680000168],[105.20478041999996,31.895112580000045],[105.20079648000001,31.906989550000276],[105.17848943999996,31.909261290000302],[105.20384380000013,31.94902090000005],[105.18887061000004,31.955811880000056],[105.18174427999998,31.967562120000252],[105.18439181000002,31.98516416000001],[105.17000829000006,32.00125157000008],[105.18900041000012,31.995599770000183],[105.18899198999998,32.00265431000014],[105.19998128000009,32.004776630000265],[105.19574486000005,32.01327312000018],[105.21269695000007,32.00735341000012],[105.2154736600001,32.02246223000003],[105.22166253000006,32.01288405000014],[105.23225128000007,32.01872897000004],[105.24493246000003,31.987519150000026],[105.25185818,31.988678830000026],[105.25295209000012,32.01592505000002],[105.25992131999993,32.01728466000009],[105.2611532900001,32.032939780000106],[105.24665081000012,32.035393620000264],[105.24918895000013,32.08491401000026],[105.28541687000006,32.11456768000011],[105.25802396,32.12730066000029],[105.27677145000007,32.13152184000012],[105.29357617999995,32.151201170000036],[105.36424538000011,32.20193116000007],[105.37468932000002,32.205643780000116],[105.38800750000013,32.19526160000015],[105.40102166000008,32.201951340000164],[105.4045739,32.22384419000002],[105.38927589000008,32.255657170000234],[105.43313123000013,32.29282010000003],[105.48341599000014,32.34939675999999],[105.50111554999995,32.33701828000022],[105.51681833999999,32.33578515000016],[105.53197291999999,32.3114547900002],[105.56252386,32.313438459999986],[105.56839528,32.30758664000007]]],[[[105.49102139000001,31.55444653000029],[105.49187174000002,31.554268090000278],[105.49172442999992,31.552661770000043],[105.49036963000009,31.553918620000104],[105.49102139000001,31.55444653000029]]]]},"properties":{"nameZh":"剑阁县","nameEn":"Jiange County","code":"510823000000","severity":"severe","severityZh":"重灾区","severityEn":"Severely affected","disasterTypeZh":"重灾区","landformBasinShare":0.8922548407245472,"landformMountainShare":0.10774515927545285,"landformPlateauShare":0.0,"settlementBasinShare":0.9482352941176471,"settlementMountainShare":0.05176470588235294,"settlementPlateauShare":0.0,"landformTypeZh":"盆地县","donorBasin":1,"donorMountain":0,"donorPlateau":0,"labelEn":"Jiange County","population10k":67,"intensity":7.05,"deathsMissing":19,"deathMissingRatePer10k":0,"collapsedHousing":237153,"collapsedHousingPer10k":3540,"affectedResidentialSites":1321,"affectedRoads":20,"threatenedRiverBlockages":1,"threatenedBridges":0,"threatenedReservoirs":1,"destroyedLandAreaKm2":4,"geologicalHazardRisk":0.69,"resettlementRatePer10k":2666,"compositeImpactIndex":0.2171,"damageIndexName":"Jiange","damageIndexLevelEn":"Severely affected area","damageIndexSource":"damage index.xlsx","landformTypeEn":"Basin county"}},{"type":"Feature","geometry":{"type":"Polygon","coordinates":[[[106.4653917,31.983054840000307],[106.44055250000002,31.98100727999997],[106.46070237999999,31.956719459999988],[106.46093674000002,31.945324320000054],[106.44361635000007,31.946729810000193],[106.42408491999998,31.924188950000314],[106.42068591999993,31.90973392000012],[106.40325151000002,31.90186542000015],[106.42047596999998,31.891799630000037],[106.40227837999993,31.87618549000007],[106.40402308000006,31.84818895000018],[106.41302635,31.836137660000304],[106.40214686000007,31.810279210000203],[106.3800620400001,31.80369070000023],[106.37399296000012,31.808793880000223],[106.37332463000007,31.828629250000233],[106.35537124000001,31.834549480000135],[106.35710667000006,31.848318610000035],[106.33148974000005,31.850520560000177],[106.32325090000012,31.83166652],[106.30645499000008,31.827684300000215],[106.29612662000011,31.812550190000138],[106.28833192999997,31.80953260000024],[106.27977391000013,31.81835057000029],[106.26718921999998,31.81400340999994],[106.27137189000001,31.79905710999998],[106.26270151000011,31.776758250000057],[106.24615134999993,31.78529107999998],[106.2385485800001,31.776318670000308],[106.22370725999991,31.78040328000003],[106.20989815000007,31.772166759999948],[106.19055161,31.788040640000304],[106.1872707,31.80346467999999],[106.19393723000002,31.822665420000078],[106.16391108000005,31.817553290000035],[106.14933637000013,31.80794297000017],[106.14770391000002,31.814779390000012],[106.13369251,31.813709940000194],[106.12589630000008,31.836982079999984],[106.10645668999996,31.79276483000001],[106.11953202000001,31.793997060000038],[106.1245241100001,31.76918447999992],[106.10787147000013,31.760518520000232],[106.10601366000009,31.74507539000018],[106.09740908000009,31.743288410000105],[106.09454414000004,31.731008659999986],[106.06381696999995,31.711789240000314],[106.07747444000006,31.700749740000106],[106.04712083999999,31.70107464],[106.03830945999994,31.692779180000002],[106.00209152999997,31.68661392000007],[105.98646661999999,31.67554856000004],[105.98766470000004,31.667173430000048],[105.96843870999999,31.66485909000005],[105.95858704,31.675379430000078],[105.91980013000011,31.666703800000278],[105.91645883000007,31.659339420000038],[105.92663068000002,31.65016433000011],[105.91511424999999,31.62835654000014],[105.90149641,31.63091980000013],[105.87940812000011,31.65131127999996],[105.87284650000004,31.642039150000016],[105.88216793999999,31.631629700000076],[105.86545155999994,31.626987530000065],[105.86169344000007,31.617085599999996],[105.83474253999998,31.642846860000077],[105.84347179999997,31.669371700000227],[105.81472005000012,31.66944669000003],[105.78832575000013,31.706862760000035],[105.77439967999999,31.7083991100003],[105.76685584000006,31.73668568000022],[105.74775486000004,31.72116624000006],[105.72703074000003,31.731050590000052],[105.72669172000008,31.738224720000005],[105.7636435,31.75096133000011],[105.76427673,31.767372100000273],[105.7781599600001,31.774001480000265],[105.75842517000007,31.79770981000007],[105.75607304999994,31.827646370000082],[105.76057836000007,31.833662520000132],[105.76679509999997,31.828005350000126],[105.78700607999997,31.834991329999923],[105.78129352000002,31.848435669999958],[105.79321405000007,31.85890917000023],[105.78784003000004,31.868828470000096],[105.80013320000006,31.883315440000047],[105.80238093000008,31.898942710000256],[105.8217140800001,31.91507241000005],[105.80327054999992,31.945210060000022],[105.81496919999995,31.949407960000258],[105.83397101000008,31.937187510000058],[105.84713067000001,31.938060029999974],[105.84954305999997,31.948532530000307],[105.83726075999999,31.95971193000014],[105.83390162000006,31.97381119000022],[105.8433023,31.982270150000033],[105.85121920000012,31.97431447000008],[105.86337061000012,31.993715900000268],[105.85634828000013,32.020669490000046],[105.90398975000005,32.015817389999995],[105.9211740400001,32.02816719000026],[105.9175454600001,32.01930552999994],[105.93473038999997,32.02084735],[105.93016509000012,32.01178413000008],[105.93708166000005,31.998756230000026],[105.96366625999997,31.989389480000057],[105.97265824000004,31.997848040000008],[105.96393611000013,32.00946348000008],[105.94573470000012,32.014904660000184],[105.94708006000008,32.03236106999998],[105.96257211000005,32.01637371000004],[105.97848641999997,32.014459170000066],[106.00730195,32.06261977999998],[106.00877701999997,32.06993706000003],[105.99649450999999,32.07641471000028],[106.01377102000004,32.08190505000016],[106.02304173000005,32.1079014500001],[106.03942924000006,32.103482900000074],[106.05380679000001,32.10946380000024],[106.06291736000014,32.13727910000006],[106.12440076000001,32.148582900000065],[106.13957441000014,32.12129537000004],[106.19158970000012,32.13686263000005],[106.20810769000008,32.12944377000014],[106.20988702000005,32.11301161000017],[106.23856311000003,32.10792976999994],[106.24463832999999,32.11479517000009],[106.26971262000006,32.11309502000012],[106.30230446000002,32.135348350000186],[106.32529808000004,32.14080359000019],[106.32418644000006,32.14808915000009],[106.33919555000011,32.148273860000074],[106.34601041999997,32.15871468000012],[106.37233376999995,32.15880031000012],[106.36917344999995,32.15069421999999],[106.39566297000005,32.14933774000002],[106.41769096000013,32.113105739999924],[106.43431793000008,32.10733404000024],[106.4234036900001,32.09481047999998],[106.43118577000007,32.07511813000008],[106.45307979000006,32.08217699000028],[106.44770811000006,32.069279310000184],[106.45849931999993,32.055365610000024],[106.44900959000006,32.04291890000013],[106.4653917,31.983054840000307]],[[106.41641241000002,31.93336656000008],[106.40353485999998,31.92581403000031],[106.41214275000004,31.91410098000017],[106.41668109000005,31.925586949999968],[106.42284272000006,31.92491172000007],[106.41641241000002,31.93336656000008]],[[105.86237631000006,32.01037949000022],[105.86074220000006,32.00952707000022],[105.86031673000002,32.00765303000003],[105.86414857,32.010268770000096],[105.86237631000006,32.01037949000022]]]},"properties":{"nameZh":"苍溪县","nameEn":"Cangxi County","code":"510824000000","severity":"severe","severityZh":"重灾区","severityEn":"Severely affected","disasterTypeZh":"重灾区","landformBasinShare":0.7383297644539615,"landformMountainShare":0.2616702355460385,"landformPlateauShare":0.0,"settlementBasinShare":0.7920154539600772,"settlementMountainShare":0.20798454603992272,"settlementPlateauShare":0.0,"landformTypeZh":"盆地县","donorBasin":1,"donorMountain":0,"donorPlateau":0,"labelEn":"Cangxi County","population10k":77,"intensity":7,"deathsMissing":11,"deathMissingRatePer10k":0,"collapsedHousing":153410,"collapsedHousingPer10k":1992,"affectedResidentialSites":137,"affectedRoads":10,"threatenedRiverBlockages":0,"threatenedBridges":0,"threatenedReservoirs":null,"destroyedLandAreaKm2":0,"geologicalHazardRisk":0.06,"resettlementRatePer10k":3401,"compositeImpactIndex":0.1877,"damageIndexName":"Cangxi","damageIndexLevelEn":"Severely affected area","damageIndexSource":"damage index.xlsx","landformTypeEn":"Basin county"}},{"type":"Feature","geometry":{"type":"Polygon","coordinates":[[[106.67123356000008,30.841405900000098],[106.68196287,30.83163806000016],[106.70463809999995,30.83805386000023],[106.72682848,30.834888450000165],[106.73505099999994,30.810367150000218],[106.75306580999995,30.810899320000203],[106.75172943000007,30.794768709999914],[106.79868863000007,30.778845000000103],[106.79972184000013,30.76367160000018],[106.82712693999991,30.759684449999952],[106.82447149000012,30.75328472000001],[106.83998223000009,30.739258459999917],[106.8765065,30.736641779999957],[106.87967427000007,30.718336340000064],[106.89229290999998,30.721392100000116],[106.9166980600001,30.706786739999984],[106.94551108000007,30.710154600000067],[106.92278977000001,30.687538740000036],[106.90004277000014,30.705279379999922],[106.88651315999999,30.70054804000017],[106.90118036000013,30.664376020000077],[106.9208887800001,30.653161179999927],[106.88456019000006,30.641661390000024],[106.86001245000006,30.58805122000024],[106.83199625999993,30.581898660000093],[106.83075700000006,30.55813880000028],[106.81629323000004,30.55700207000001],[106.80889996999997,30.571871320000014],[106.79104320000005,30.578521400000056],[106.79506271000008,30.60488459999999],[106.77894427000012,30.61025541000015],[106.7490311200001,30.58912418],[106.75838217,30.550435530000073],[106.72011182000006,30.551279310000268],[106.70196049999993,30.523540690000004],[106.64559543999991,30.511077210000167],[106.6573967700001,30.491207560000134],[106.63990935000004,30.47054692000006],[106.65726337000007,30.471521080000002],[106.6922654,30.448835510000265],[106.71201944,30.471812759999978],[106.73395552000011,30.450317380000115],[106.70496727000005,30.432722360000014],[106.72904905000001,30.41803125000024],[106.72160562000005,30.404136810000068],[106.69592504000008,30.401010590000226],[106.68436489999999,30.379231450000134],[106.67433577000008,30.380951880000225],[106.66741744000001,30.39647837000001],[106.65862437000004,30.394245520000027],[106.66760594999994,30.379742969999995],[106.65922298000004,30.35737551000011],[106.63555723999997,30.382163600000126],[106.62095621999998,30.37563973000016],[106.61547850000011,30.36094544000008],[106.58043323999999,30.371406570000204],[106.57674476999995,30.38066451000003],[106.56901185999999,30.37523613999997],[106.56058401000007,30.40389212000008],[106.53568150000001,30.423264620000168],[106.54568008000007,30.43977724000024],[106.54037616999994,30.447534080000025],[106.54544568,30.45563904000028],[106.53698304000005,30.4619508400001],[106.56976422000008,30.49391466999998],[106.56052958999999,30.50846768000025],[106.53502093000009,30.52275426999995],[106.54435222999996,30.527520820000007],[106.54458595000011,30.53941952000025],[106.55425478000006,30.54888691000002],[106.54351857000012,30.577287250000097],[106.56486058000007,30.601203130000044],[106.58191414999993,30.606032889999994],[106.57059695000004,30.639084579999974],[106.58010033999994,30.64851647000023],[106.56721321000003,30.658371540000303],[106.58204450000005,30.665937989999975],[106.58758112000004,30.680925479999985],[106.5761689200001,30.703401920000033],[106.58462290000006,30.740907720000166],[106.57896342000004,30.757963019999977],[106.61549238999999,30.76995592000003],[106.62267041000007,30.792019039999957],[106.61179580000004,30.80609176000013],[106.61255021000011,30.830058099999974],[106.62582126000001,30.823668170000133],[106.67123356000008,30.841405900000098]]]},"properties":{"nameZh":"广安区","nameEn":"广安区","code":"511602000000","severity":"general","severityZh":"一般灾区","severityEn":"Generally affected","disasterTypeZh":"一般灾区","landformBasinShare":1.0,"landformMountainShare":0.0,"landformPlateauShare":0.0,"settlementBasinShare":1.0,"settlementMountainShare":0.0,"settlementPlateauShare":0.0,"landformTypeZh":"盆地县","donorBasin":1,"donorMountain":0,"donorPlateau":0,"labelEn":"","landformTypeEn":"Basin county"}},{"type":"Feature","geometry":{"type":"Polygon","coordinates":[[[107.0388158400001,30.64521441000022],[107.01339560000002,30.551174800000126],[106.98042764000002,30.54913076000031],[106.98062729000003,30.54178060999999],[106.97047195999994,30.5363866000003],[106.97933328000005,30.502118660000008],[106.96440453000014,30.47497204000007],[106.93408834000013,30.43956144999993],[106.91875345,30.439632089999918],[106.90607343999994,30.425081610000234],[106.8953383000001,30.42115485000022],[106.86331197999999,30.44818418],[106.83260309000008,30.45635907999997],[106.82239526000012,30.47494029000012],[106.79192419000009,30.467633980000073],[106.78577795000012,30.47560918000005],[106.7695768800001,30.456255130000272],[106.75581589999996,30.45453218000017],[106.73076830999997,30.45493895000004],[106.70813470999991,30.471646740000097],[106.6922654,30.448835510000265],[106.65726337000007,30.471521080000002],[106.63990935000004,30.47054692000006],[106.6573967700001,30.491207560000134],[106.64542924000006,30.505226210000274],[106.64790926000006,30.512994600000184],[106.70196049999993,30.523540690000004],[106.72011182000006,30.551279310000268],[106.75838217,30.550435530000073],[106.7490311200001,30.58912418],[106.77894427000012,30.61025541000015],[106.79506271000008,30.60488459999999],[106.78834643000005,30.58143245000025],[106.80889996999997,30.571871320000014],[106.81629323000004,30.55700207000001],[106.82590118000013,30.556175399999972],[106.8325133300001,30.56082414000025],[106.83199625999993,30.581898660000093],[106.86001245000006,30.58805122000024],[106.86500106,30.60860293000019],[106.88948188000012,30.645481010000253],[106.9208887800001,30.653161179999927],[106.93911504000005,30.650933980000048],[106.94614478000011,30.63801577000021],[106.96444904000009,30.648158869999918],[106.98088781000007,30.638523570000302],[107.0388158400001,30.64521441000022]]]},"properties":{"nameZh":"前锋区","nameEn":"前锋区","code":"511603000000","severity":"general","severityZh":"一般灾区","severityEn":"Generally affected","disasterTypeZh":"一般灾区","landformBasinShare":0.7693836978131213,"landformMountainShare":0.23061630218687873,"landformPlateauShare":0.0,"settlementBasinShare":0.8698979591836735,"settlementMountainShare":0.13010204081632654,"settlementPlateauShare":0.0,"landformTypeZh":"盆地县","donorBasin":1,"donorMountain":0,"donorPlateau":0,"labelEn":"","landformTypeEn":"Basin county"}},{"type":"Feature","geometry":{"type":"Polygon","coordinates":[[[106.58387584000008,30.742454630000054],[106.5761689200001,30.703401920000033],[106.58758112000004,30.680925479999985],[106.58204450000005,30.665937989999975],[106.56721321000003,30.658371540000303],[106.58010033999994,30.64851647000023],[106.57059695000004,30.639084579999974],[106.58191414999993,30.606032889999994],[106.56486058000007,30.601203130000044],[106.54351857000012,30.577287250000097],[106.55425478000006,30.54888691000002],[106.54458595000011,30.53941952000025],[106.54435222999996,30.527520820000007],[106.53502093000009,30.52275426999995],[106.56153681,30.507629389999977],[106.56996342000002,30.49297314000023],[106.53698304000005,30.4619508400001],[106.54544568,30.45563904000028],[106.54037616999994,30.447534080000025],[106.54568008000007,30.43977724000024],[106.53568150000001,30.423264620000168],[106.56058401000007,30.40389212000008],[106.56934112000005,30.374984550000306],[106.57674476999995,30.38066451000003],[106.58043323999999,30.371406570000204],[106.61547850000011,30.36094544000008],[106.62095621999998,30.37563973000016],[106.63555723999997,30.382163600000126],[106.66249599000014,30.353744820000088],[106.69942390000006,30.34515220000003],[106.69972776999992,30.335452040000177],[106.71715171000011,30.324123660000055],[106.71775144999998,30.31047761000002],[106.70764529999991,30.305843140000093],[106.70133487000004,30.28840285000001],[106.68096008999999,30.286437690000128],[106.67867689000008,30.279339580000283],[106.68720155000005,30.278029090000018],[106.68676808000004,30.272288340000046],[106.66246183999993,30.260791960000233],[106.62380238000014,30.268728409999994],[106.62494769,30.276126440000155],[106.61947098011973,30.275499609983797],[106.60794226000002,30.295244210000305],[106.58917012000006,30.295404930000075],[106.58263139999997,30.30579253999997],[106.55367490000003,30.318655019999994],[106.54329422,30.313111409999976],[106.54106258000007,30.299512010000285],[106.5217523,30.305129290000195],[106.50578802000001,30.291998890000002],[106.47951459000006,30.299394150000296],[106.47220729999992,30.309553390000303],[106.46736067,30.302009000000112],[106.44576878999999,30.300317989999996],[106.45289701000002,30.308513450000078],[106.43485560999994,30.310752009999987],[106.41854180000001,30.33277780000003],[106.44409296000009,30.358177390000208],[106.43566004000007,30.417214720000175],[106.40893655999997,30.429849520000005],[106.40161718000013,30.452424099999973],[106.38929727000004,30.453326400000037],[106.39329106000008,30.459690649999914],[106.38140517000005,30.46643450000016],[106.31845755,30.470862230000023],[106.26931364000006,30.449826590000043],[106.26237000000003,30.438565350000147],[106.24297242,30.454596649999985],[106.21820158000003,30.443069429999923],[106.18523693999992,30.442098410000256],[106.16026301,30.464876720000234],[106.14810889,30.46589753000012],[106.14649472000002,30.486360400000194],[106.13383765000009,30.50730550000003],[106.16046302000007,30.519509910000124],[106.16291094000007,30.532988230000115],[106.14475010000007,30.54312440000018],[106.11920881000009,30.535677880000094],[106.1192431400001,30.546858260000022],[106.15758010000008,30.604462090000027],[106.17633638999996,30.598177550000003],[106.18666840000009,30.606885870000042],[106.18834389999995,30.615449409999997],[106.17554942000004,30.621329000000117],[106.16248556000005,30.655087409999965],[106.17318880999994,30.653110309999988],[106.21399278000013,30.680211100000008],[106.21041705000005,30.690276270000254],[106.22144821000006,30.690671800000302],[106.22234242999997,30.69849993000014],[106.23366006000009,30.6900213400001],[106.23402496000006,30.70967425000015],[106.21367977,30.707173189999935],[106.20391620000004,30.72723203999999],[106.23585562000005,30.722508799999957],[106.23879748000007,30.73150732000005],[106.24967278999998,30.713628680000113],[106.25413364000013,30.72806761000021],[106.25893322000007,30.712031460000105],[106.28296609000012,30.70768861000016],[106.28931115,30.693675450000114],[106.30090699000004,30.688009570000304],[106.31298908999997,30.693764139999985],[106.31033310999999,30.70075281000004],[106.32064558000002,30.701572940000233],[106.31013397999999,30.710455560000298],[106.33311073000004,30.711177550000173],[106.35053347999991,30.724539950000178],[106.36285167000005,30.715949630000125],[106.35580220999992,30.70748082],[106.36029062000006,30.699722900000097],[106.37693409999991,30.695365700000025],[106.38595453000005,30.681916590000128],[106.39837033000009,30.69745912000002],[106.41901689000002,30.695609590000288],[106.41706352000006,30.71294863000014],[106.4370061300001,30.729519010000217],[106.4440395200001,30.755704750000007],[106.46255709000013,30.763278979999995],[106.48359270999998,30.79045307000007],[106.50425179000013,30.78664366999999],[106.50268954,30.764311700000007],[106.52504051000011,30.73508232000006],[106.53905811999999,30.745625810000092],[106.58387584000008,30.742454630000054]]]},"properties":{"nameZh":"岳池县","nameEn":"岳池县","code":"511621000000","severity":"general","severityZh":"一般灾区","severityEn":"Generally affected","disasterTypeZh":"一般灾区","landformBasinShare":1.0,"landformMountainShare":0.0,"landformPlateauShare":0.0,"settlementBasinShare":1.0,"settlementMountainShare":0.0,"settlementPlateauShare":0.0,"landformTypeZh":"盆地县","donorBasin":1,"donorMountain":0,"donorPlateau":0,"labelEn":"","landformTypeEn":"Basin county"}},{"type":"Feature","geometry":{"type":"Polygon","coordinates":[[[106.25601109914527,30.211354016067958],[106.25774596225108,30.20883648083435],[106.25664490000008,30.206658040000093],[106.25336386948612,30.20947299209388],[106.25601109914527,30.211354016067958]]]},"properties":{"nameZh":"武胜县","nameEn":"武胜县","code":"511622000000","severity":"general","severityZh":"一般灾区","severityEn":"Generally affected","disasterTypeZh":"一般灾区","landformBasinShare":1.0,"landformMountainShare":0.0,"landformPlateauShare":0.0,"settlementBasinShare":1.0,"settlementMountainShare":0.0,"settlementPlateauShare":0.0,"landformTypeZh":"盆地县","donorBasin":1,"donorMountain":0,"donorPlateau":0,"labelEn":"","landformTypeEn":"Basin county"}},{"type":"Feature","geometry":{"type":"Polygon","coordinates":[[[106.43548054999997,30.310366070000043],[106.44026528000006,30.292769140000132],[106.42962041000004,30.298214480000013],[106.4245411500001,30.294040389999964],[106.43206064000015,30.280339670000046],[106.40381795999997,30.278455100000087],[106.42437586400007,30.265133614000092],[106.42379484000014,30.256251680000105],[106.41200442999997,30.255607380000242],[106.39966587999999,30.244651970000064],[106.38395162000006,30.258112440000218],[106.37872477999997,30.25650625000003],[106.38410525999996,30.24549418999993],[106.38025327000014,30.25032348000002],[106.36150026999996,30.243819150000093],[106.34482369,30.247600270000135],[106.33282707000001,30.24045566999996],[106.33067316,30.228518420000114],[106.29669098000011,30.241149210000174],[106.30238513000012,30.229007300000262],[106.28769842999998,30.221472040000094],[106.29253275999992,30.20738050000017],[106.27496636754302,30.197852848416744],[106.27504640000012,30.211861220000173],[106.25861481000004,30.21673373000027],[106.26791019426696,30.20664309805693],[106.26256365000006,30.194970400000102],[106.26716419000007,30.188029370000095],[106.25975156895913,30.18916819071069],[106.25885771000003,30.198706340000285],[106.24393876000005,30.200168439999914],[106.23827116426918,30.179438075991243],[106.23650038000011,30.187982270000077],[106.22827237668247,30.18997099958409],[106.2365005260001,30.202810685000145],[106.22841989000011,30.215190210000287],[106.20308390000008,30.206809720000194],[106.18849055800001,30.218528996000146],[106.19713012000005,30.23560642000001],[106.17649309220496,30.235423655898046],[106.17521261000007,30.250670340000113],[106.16665365453144,30.253129063143263],[106.17744253800004,30.27427365300025],[106.17161817000004,30.273449940000035],[106.1765684520002,30.280694493],[106.16701220200014,30.288276912000242],[106.1713610700001,30.299382100000003],[106.16342341733372,30.29954511100152],[106.16746279000012,30.308759780000003],[106.15798438000013,30.306147390000035],[106.15259144999999,30.316181470000174],[106.12959367000013,30.31491913000002],[106.12869978000009,30.32615264000026],[106.12059923000004,30.32736802000028],[106.13043604356199,30.31109264719862],[106.12202313273622,30.304772108985617],[106.11889724000008,30.3161936300001],[106.10923474999998,30.31971144000022],[106.1023495086551,30.312919868890447],[106.09476980100015,30.320375548000072],[106.09928439999999,30.323385800000096],[106.08361327364537,30.326026446874266],[106.08461115000006,30.348421070000143],[106.06828474999998,30.33653276000024],[106.06591497,30.344789530000014],[106.05648280000014,30.341286889999935],[106.0467226400001,30.353926290000004],[106.03980222909462,30.352673489436995],[106.02704047999998,30.376810420000027],[105.99702255,30.378890549999994],[105.99730888000005,30.38916389000002],[105.98749987000008,30.391747180000266],[105.99660590000013,30.39876228999998],[105.97898413999997,30.401017830000114],[105.98763851999996,30.405822130000047],[105.98613546000013,30.415236800000116],[105.97614512000007,30.4188015700002],[105.97568505000004,30.43024048000001],[105.9673702,30.43415786000014],[105.96015775000012,30.42745918000014],[105.94413546999994,30.450176380000187],[105.95036664000003,30.458183360000078],[105.96760396000002,30.45887648000007],[105.96704855000007,30.479815640000083],[105.97716023000004,30.49105822000024],[105.99191678000011,30.488411870000107],[106.00005036000005,30.49443649999995],[106.02168461000002,30.484461560000113],[106.02906153000004,30.497894939999924],[106.02416585000014,30.50780814000001],[106.03468771000013,30.520530029999975],[106.04207584,30.515409340000303],[106.03592068,30.51016315000004],[106.05010648000012,30.51184678000004],[106.04856079000012,30.502799450000225],[106.06150584000005,30.501942359999987],[106.06262628000002,30.494202949999988],[106.08355967000011,30.495304760000067],[106.08808325000012,30.505989990000046],[106.10880687000008,30.505598739999982],[106.11443377000006,30.533652200000176],[106.14810912000002,30.542571300000247],[106.16422088000013,30.52728149000029],[106.15882187999995,30.51833621999998],[106.13383765000009,30.50730550000003],[106.14649472000002,30.486360400000194],[106.14750172999999,30.46697221000005],[106.16026301,30.464876720000234],[106.18523693999992,30.442098410000256],[106.21820158000003,30.443069429999923],[106.24297242,30.454596649999985],[106.26237000000003,30.438565350000147],[106.26931364000006,30.449826590000043],[106.32483751000012,30.471868729999983],[106.39251848000009,30.460662590000254],[106.38929727000004,30.453326400000037],[106.40161718000013,30.452424099999973],[106.40893655999997,30.429849520000005],[106.43566004000007,30.417214720000175],[106.44409296000009,30.358177390000208],[106.41845467000007,30.333887580000237],[106.43548054999997,30.310366070000043]],[[106.25336386948612,30.20947299209388],[106.25622822800005,30.206751121000025],[106.25753025,30.20740855100007],[106.25583717000006,30.211558150000144],[106.25336386948612,30.20947299209388]]]},"properties":{"nameZh":"武胜县","nameEn":"武胜县","code":"511622000000","severity":"general","severityZh":"一般灾区","severityEn":"Generally affected","disasterTypeZh":"一般灾区","landformBasinShare":1.0,"landformMountainShare":0.0,"landformPlateauShare":0.0,"settlementBasinShare":1.0,"settlementMountainShare":0.0,"settlementPlateauShare":0.0,"landformTypeZh":"盆地县","donorBasin":1,"donorMountain":0,"donorPlateau":0,"labelEn":"","landformTypeEn":"Basin county"}},{"type":"Feature","geometry":{"type":"Polygon","coordinates":[[[106.90607343999994,30.425081610000234],[106.85828347999995,30.357349690000092],[106.83532596000009,30.344864229999985],[106.81880640999998,30.31193246000015],[106.78778924000011,30.29487782000018],[106.77879421999995,30.281582600000036],[106.77093790000009,30.211658070000055],[106.7455516,30.194264499999917],[106.72950746999993,30.165091630000234],[106.71694455,30.158844420000264],[106.69921749000002,30.120804240000155],[106.66940664000009,30.12481353000004],[106.67331326700099,30.162097578007433],[106.66191557427663,30.161718355211462],[106.65836477000005,30.17294486000003],[106.64466899834747,30.167749709071188],[106.64932125500007,30.177402320000056],[106.63517341280954,30.181930565782352],[106.64320116200008,30.193828424000117],[106.62686607000012,30.189758919999974],[106.62986105200014,30.202477466000005],[106.61922858536502,30.207253948754953],[106.62849284000009,30.22035561000007],[106.62002722766255,30.22221453878342],[106.62030424000005,30.230349830000307],[106.60336321700015,30.234402054000213],[106.63917375000005,30.249862253000174],[106.63049453999997,30.269881790000227],[106.6660207700001,30.261833120000233],[106.68774039000004,30.27346551000005],[106.67867689000008,30.279339580000283],[106.68096008999999,30.286437690000128],[106.70133487000004,30.28840285000001],[106.70764529999991,30.305843140000093],[106.71751697000013,30.30916900000011],[106.71715171000011,30.324123660000055],[106.69972776999992,30.335452040000177],[106.69942390000006,30.34515220000003],[106.66249599000014,30.353744820000088],[106.66760594999994,30.379742969999995],[106.65862437000004,30.394245520000027],[106.66741744000001,30.39647837000001],[106.67433577000008,30.380951880000225],[106.68800700000008,30.379852820000224],[106.69592504000008,30.401010590000226],[106.7194874000001,30.403094000000124],[106.72898834,30.41492493000004],[106.70593897000015,30.43426765999999],[106.73283519000012,30.445967950000124],[106.73197563000008,30.45626494999999],[106.76882271000005,30.455818600000043],[106.78577795000012,30.47560918000005],[106.79192419000009,30.467633980000073],[106.79258457000003,30.47237076000016],[106.82404370000006,30.474336560000097],[106.83260309000008,30.45635907999997],[106.86331197999999,30.44818418],[106.8953383000001,30.42115485000022],[106.90607343999994,30.425081610000234]]]},"properties":{"nameZh":"华蓥市","nameEn":"华蓥市","code":"511681000000","severity":"general","severityZh":"一般灾区","severityEn":"Generally affected","disasterTypeZh":"一般灾区","landformBasinShare":0.6349892008639308,"landformMountainShare":0.3650107991360691,"landformPlateauShare":0.0,"settlementBasinShare":0.8453947368421053,"settlementMountainShare":0.15460526315789475,"settlementPlateauShare":0.0,"landformTypeZh":"盆地县","donorBasin":1,"donorMountain":1,"donorPlateau":0,"labelEn":"","landformTypeEn":"Basin county"}},{"type":"Feature","geometry":{"type":"Polygon","coordinates":[[[104.57309513000001,31.20213984999998],[104.58282455,31.202442250000104],[104.58246900000006,31.19419798000007],[104.55408702000005,31.18021679000003],[104.55064075000001,31.172550170000022],[104.55826152999998,31.16626885000028],[104.54131024000003,31.158507710000265],[104.55700263000006,31.155683120000162],[104.55937255000003,31.147178340000096],[104.55090165000013,31.139112680000096],[104.56881549000013,31.133175680000022],[104.57226958000012,31.1206581000003],[104.5642592000001,31.11847961000001],[104.55743650000011,31.103472290000127],[104.52032199000001,31.10693128000014],[104.52076459000006,31.074260380000055],[104.49940206999997,31.031864730000166],[104.49218844999996,31.029058779999957],[104.4780569300001,31.039304510000022],[104.45111094000009,31.03155023000005],[104.44149974999993,31.035792640000068],[104.41555094,31.02657069999998],[104.41109685000009,31.018738449999944],[104.39945520999999,31.042666920000045],[104.38182215000012,31.042123000000004],[104.36595306999999,31.055610690000094],[104.35719414000005,31.053804069999956],[104.35061394000007,31.07162366],[104.27537324000002,31.144106350000072],[104.2583964000001,31.18632050000008],[104.26073130000003,31.206832610000106],[104.24838825,31.223088510000252],[104.27099948,31.23908879999999],[104.27536362000012,31.266979740000238],[104.31218412000004,31.292123350000168],[104.32290466000012,31.31075402999994],[104.32142861000005,31.332627059999993],[104.33973677999995,31.343338720000247],[104.34427633000007,31.355546520000075],[104.35065727000011,31.354725750000227],[104.36591003000001,31.32776898000003],[104.40660072000003,31.320469530000025],[104.41074184000001,31.306926139999973],[104.43806280999996,31.28703383000004],[104.44128425000008,31.267196470000044],[104.44856798,31.267379570000287],[104.45301290000009,31.252505410000254],[104.47203359999997,31.248553759999936],[104.48214564,31.230747210000118],[104.49577472000004,31.233577369999978],[104.51744940000003,31.222821160000137],[104.52210980999996,31.205421270000215],[104.53950468000005,31.20680897000028],[104.54113631000001,31.215406690000236],[104.55077083999998,31.21804462],[104.57309513000001,31.20213984999998]]]},"properties":{"nameZh":"旌阳区","nameEn":"Jingyang District","code":"510603000000","severity":"severe","severityZh":"重灾区","severityEn":"Severely affected","disasterTypeZh":"重灾区","landformBasinShare":1.0,"landformMountainShare":0.0,"landformPlateauShare":0.0,"settlementBasinShare":1.0,"settlementMountainShare":0.0,"settlementPlateauShare":0.0,"landformTypeZh":"盆地县","donorBasin":1,"donorMountain":0,"donorPlateau":0,"labelEn":"Jingyang District","population10k":64,"intensity":7.11,"deathsMissing":54,"deathMissingRatePer10k":1,"collapsedHousing":497836,"collapsedHousingPer10k":7779,"affectedResidentialSites":26,"affectedRoads":9,"threatenedRiverBlockages":8,"threatenedBridges":0,"threatenedReservoirs":1,"destroyedLandAreaKm2":0,"geologicalHazardRisk":0.27,"resettlementRatePer10k":3565,"compositeImpactIndex":0.2393,"damageIndexName":"Jingyang","damageIndexLevelEn":"Severely affected area","damageIndexSource":"damage index.xlsx","landformTypeEn":"Basin county"}},{"type":"Feature","geometry":{"type":"Polygon","coordinates":[[[104.70880987000004,31.272667700000113],[104.70444324000005,31.257565100000022],[104.69351388000013,31.25090422000028],[104.6564562100001,31.248095440000043],[104.63701965000007,31.22167736],[104.60923835000006,31.24506509000014],[104.59024738000005,31.24753665999998],[104.59334371000011,31.23666689999999],[104.57511671999998,31.222107470000253],[104.57309513000001,31.20213984999998],[104.55077083999998,31.21804462],[104.54113631000001,31.215406690000236],[104.53950468000005,31.20680897000028],[104.52210980999996,31.205421270000215],[104.51744940000003,31.222821160000137],[104.49577472000004,31.233577369999978],[104.48375199000003,31.229705360000253],[104.47203359999997,31.248553759999936],[104.45343775000003,31.252026570000055],[104.44856798,31.267379570000287],[104.44128425000008,31.267196470000044],[104.43806280999996,31.28703383000004],[104.41074184000001,31.306926139999973],[104.40660072000003,31.320469530000025],[104.36591003000001,31.32776898000003],[104.35065727000011,31.354725750000227],[104.32195908000006,31.376908929999956],[104.33766212000012,31.388564739999993],[104.34485847000008,31.383911940000132],[104.35548403000013,31.388412850000236],[104.36254165000003,31.378086350000046],[104.37888828000001,31.376509300000123],[104.38431508999997,31.38491481000017],[104.42229677000006,31.371806059999983],[104.42836547999997,31.384300380000127],[104.43136056000003,31.37855804999998],[104.47592282000011,31.3872467500002],[104.48598417,31.394948660000296],[104.47516781999997,31.40935373000002],[104.49852772999992,31.41285934000001],[104.50893540000004,31.429849360000162],[104.50282355000007,31.43457611000008],[104.5123815500001,31.430556300000205],[104.50954261000004,31.438842140000077],[104.51537629000006,31.432350550000137],[104.52115731000004,31.44487016000005],[104.55726464000008,31.42289755000013],[104.56243726000014,31.411781329999997],[104.58127239999999,31.407454100000052],[104.58811157000008,31.378094379999993],[104.58378907000002,31.36007803000024],[104.65430285000014,31.33348213000005],[104.65507537000008,31.314282520000063],[104.67020592,31.29920652000021],[104.66596105999997,31.28988826999995],[104.67331332000009,31.269686270000193],[104.69132649999995,31.27074962000023],[104.69456450000001,31.2765747200001],[104.70880987000004,31.272667700000113]]]},"properties":{"nameZh":"罗江区","nameEn":"Luojiang District","code":"510604000000","severity":"severe","severityZh":"重灾区","severityEn":"Severely affected","disasterTypeZh":"重灾区","landformBasinShare":1.0,"landformMountainShare":0.0,"landformPlateauShare":0.0,"settlementBasinShare":1.0,"settlementMountainShare":0.0,"settlementPlateauShare":0.0,"landformTypeZh":"盆地县","donorBasin":1,"donorMountain":0,"donorPlateau":0,"labelEn":"Luojiang District","population10k":24,"intensity":7.04,"deathsMissing":15,"deathMissingRatePer10k":1,"collapsedHousing":160832,"collapsedHousingPer10k":6701,"affectedResidentialSites":null,"affectedRoads":null,"threatenedRiverBlockages":null,"threatenedBridges":null,"threatenedReservoirs":null,"destroyedLandAreaKm2":null,"geologicalHazardRisk":0,"resettlementRatePer10k":6398,"compositeImpactIndex":0.2211,"damageIndexName":"Luojiang","damageIndexLevelEn":"Severely affected area","damageIndexSource":"damage index.xlsx","landformTypeEn":"Basin county"}},{"type":"Feature","geometry":{"type":"Polygon","coordinates":[[[104.73302277000005,31.283438060000094],[104.74512452000005,31.278450170000042],[104.74719967999994,31.26790137000029],[104.73728454000008,31.25047373000001],[104.73837574999993,31.23356174999992],[104.71122930000001,31.219624589999967],[104.72110019999997,31.197266990000003],[104.71587332000007,31.19201500000031],[104.71697606999999,31.164968090000116],[104.72454575999996,31.16051994999998],[104.7284527000001,31.168177050000054],[104.74111905000007,31.169604240000012],[104.75178854,31.159350950000032],[104.75632013,31.135189500000024],[104.78678328000007,31.131639650000125],[104.78762540000008,31.116928570000084],[104.77216407999998,31.097310540000308],[104.82182870999998,31.059052070000064],[104.82214058000005,31.02781732000011],[104.83562997000007,31.01633516000004],[104.82314799000011,31.000124050000068],[104.82632482000002,30.98963507999997],[104.84357303000002,30.983930110000074],[104.85325943999999,30.967261000000235],[104.83970940000012,30.945414490000076],[104.85387557000001,30.95251450000012],[104.88680640000013,30.93764121000015],[104.89561627000006,30.939427140000134],[104.89703940000004,30.947006920000035],[104.92958813999996,30.94789959999997],[104.94390866000003,30.918614690000084],[104.94192934000006,30.900843689999988],[104.96456548000015,30.897499240000002],[104.95971307000013,30.851583610000034],[104.98896921999994,30.87261472000023],[104.98774930000013,30.82805027000012],[105.00522311999993,30.796928000000094],[105.02155146000001,30.78450463000013],[105.03099643999991,30.785863420000112],[105.03095291000005,30.780518350000193],[105.03742911999996,30.78569849000013],[105.04435706999993,30.774430600000073],[105.05938511000011,30.77663018999999],[105.05679762000005,30.76763011000014],[105.0682752400001,30.774110140000005],[105.07778186999991,30.75825394000009],[105.09612715000009,30.762317280000218],[105.09542443000004,30.753881569999976],[105.11186751000002,30.761993480000058],[105.11527905000003,30.752384999999947],[105.15308672000009,30.734894269999984],[105.15936381000006,30.715882020000038],[105.15251457,30.710345200000233],[105.17189841999999,30.701444350000088],[105.15989352000003,30.67685022000012],[105.14009199999998,30.6695291100001],[105.13814645000014,30.65744341000004],[105.15044849000014,30.64268303],[105.13693982000012,30.63810983999997],[105.12802392999993,30.621194469999978],[105.11667697000007,30.62421806000009],[105.11558314000001,30.60673706000017],[105.09340967999998,30.59628022000004],[105.0979414300001,30.578865819999976],[105.08339060000003,30.567268760000047],[105.07882339000014,30.548162140000272],[105.06923017000008,30.550415420000036],[105.05925478,30.535488020000003],[105.0345902300001,30.552017360000036],[105.01979795000005,30.548627039999985],[105.0200835600001,30.531894660000034],[104.98271425000007,30.530678020000096],[104.96022532000006,30.568667390000087],[104.96748172000002,30.58915113000012],[104.95776922000005,30.609568200000297],[104.94843017000005,30.60760120000026],[104.9494719000001,30.616496480000137],[104.93599201000012,30.61202386000008],[104.9353764,30.601934780000022],[104.92845835000014,30.603624249999996],[104.9293530600001,30.62044643000013],[104.92040431000004,30.630167840000126],[104.89054546000006,30.61843021000027],[104.88604998000005,30.60628392999996],[104.87718875000002,30.633098789999963],[104.87555657000013,30.62010858000002],[104.85552315000007,30.613022130000104],[104.85865724000001,30.585975160000032],[104.85274446,30.589990619999924],[104.84633388000003,30.584257100000002],[104.83802409000009,30.590994850000072],[104.83746988000007,30.58415837000001],[104.81453877000007,30.580076020000092],[104.81734656000003,30.601165340000307],[104.84457800000007,30.633821700000112],[104.84511598999995,30.643402630000026],[104.83963965000004,30.652203160000056],[104.81852855999995,30.646517210000184],[104.80838984000007,30.68276370000001],[104.79999517000005,30.69288867000023],[104.78653880000007,30.694877610000106],[104.79060143999993,30.722413130000064],[104.76527006000015,30.720694820000176],[104.76392412000013,30.729263780000053],[104.74599668000008,30.73031428000013],[104.7305609600001,30.779738549999934],[104.70765119000009,30.775594140000067],[104.71227012000003,30.781869810000273],[104.69704254000004,30.81706498000017],[104.7002548800001,30.82672259000003],[104.63788605999997,30.840570760000105],[104.62823710000009,30.855043250000108],[104.6076289500001,30.850366680000263],[104.59235329000006,30.867829980000295],[104.51826409000012,30.88495462999998],[104.52998216000015,30.92284271999995],[104.50945375000015,30.93833151000024],[104.4966599600001,30.93929983000004],[104.48421172000008,30.965417670000306],[104.48603415000002,30.975693090000163],[104.47540960000009,30.9862963300003],[104.47558220999997,31.003988680000077],[104.4654692100001,31.008751580000194],[104.44582313000006,31.001315510000268],[104.44623142000012,31.030147870000008],[104.4780569300001,31.039304510000022],[104.49218844999996,31.029058779999957],[104.50061733999996,31.033457470000144],[104.52076459000006,31.074260380000055],[104.51683249000013,31.10103962000011],[104.52159004999993,31.108249100000307],[104.55743650000011,31.103472290000127],[104.5642592000001,31.11847961000001],[104.57226958000012,31.1206581000003],[104.56881549000013,31.133175680000022],[104.55090165000013,31.139112680000096],[104.55937255000003,31.147178340000096],[104.55700263000006,31.155683120000162],[104.54131024000003,31.158507710000265],[104.55826152999998,31.16626885000028],[104.55064075000001,31.172550170000022],[104.55408702000005,31.18021679000003],[104.58369262000008,31.196366610000098],[104.57191444000006,31.208405690000234],[104.57759066,31.20870377],[104.57553376999999,31.222729560000005],[104.58171388000011,31.22169464000001],[104.59334371000011,31.23666689999999],[104.58971772000012,31.247137710000004],[104.60923835000006,31.24506509000014],[104.63601237,31.221350020000102],[104.65720285000009,31.24860183000021],[104.69351388000013,31.25090422000028],[104.70444324000005,31.257565100000022],[104.71377515,31.27699963000026],[104.72215314000005,31.273636070000123],[104.73302277000005,31.283438060000094]],[[104.90389592999998,30.942542080000067],[104.90438220000004,30.942988710000122],[104.90438217000008,30.94360335000016],[104.90363129000008,30.943107810000186],[104.90389592999998,30.942542080000067]],[[104.90331478000002,30.942125440000268],[104.90340965000007,30.942181390000087],[104.90342761000011,30.942353280000077],[104.90317598000007,30.94218143000012],[104.90331478000002,30.942125440000268]],[[104.89085964000014,30.937498059999996],[104.89092059000001,30.937604020000265],[104.89071175999999,30.937492010000028],[104.89076372,30.937485030000005],[104.89085964000014,30.937498059999996]],[[104.8742381300001,30.938853940000115],[104.87401311999997,30.939185530000202],[104.87379612000012,30.93919930000027],[104.87414313000005,30.938797880000095],[104.8742381300001,30.938853940000115]],[[104.87289323000005,30.93687271999994],[104.87291020999999,30.937243530000273],[104.87247618999999,30.937287050000123],[104.87247621,30.936916260000203],[104.87289323000005,30.93687271999994]],[[104.87267615000002,30.938393620000227],[104.87266712999997,30.938708430000133],[104.87239812000007,30.93869615],[104.87231113000001,30.938415220000024],[104.87267615000002,30.938393620000227]],[[104.75306506999993,31.146508750000066],[104.75358560000006,31.14732444000026],[104.75252648999998,31.147374190000107],[104.75251753999993,31.14657960000028],[104.75306506999993,31.146508750000066]]]},"properties":{"nameZh":"中江县","nameEn":"Zhongjiang County","code":"510623000000","severity":"severe","severityZh":"重灾区","severityEn":"Severely affected","disasterTypeZh":"重灾区","landformBasinShare":1.0,"landformMountainShare":0.0,"landformPlateauShare":0.0,"settlementBasinShare":1.0,"settlementMountainShare":0.0,"settlementPlateauShare":0.0,"landformTypeZh":"盆地县","donorBasin":1,"donorMountain":0,"donorPlateau":0,"labelEn":"Zhongjiang County","population10k":142,"intensity":6.93,"deathsMissing":21,"deathMissingRatePer10k":0,"collapsedHousing":372502,"collapsedHousingPer10k":2623,"affectedResidentialSites":null,"affectedRoads":null,"threatenedRiverBlockages":null,"threatenedBridges":null,"threatenedReservoirs":null,"destroyedLandAreaKm2":null,"geologicalHazardRisk":0,"resettlementRatePer10k":1085,"compositeImpactIndex":0.1797,"damageIndexName":"Zhongjiang","damageIndexLevelEn":"Severely affected area","damageIndexSource":"damage index.xlsx","landformTypeEn":"Basin county"}},{"type":"Feature","geometry":{"type":"Polygon","coordinates":[[[104.45111094000009,31.03155023000005],[104.44334891,31.02780460999992],[104.45030346000004,31.01063944000009],[104.44582313000006,31.001315510000268],[104.4654692100001,31.008751580000194],[104.47616473000005,31.00337966999996],[104.47540960000009,30.9862963300003],[104.48603415000002,30.975693090000163],[104.49604329000005,30.938594379999927],[104.46259528999997,30.953185229999974],[104.44271502999999,30.942732360000207],[104.42392844000005,30.945967600000017],[104.40068751000001,30.939285320000295],[104.39337746000001,30.944615080000005],[104.38542488999997,30.926555990000054],[104.36868719000012,30.939870610000014],[104.34930210000005,30.90465643000016],[104.34399833999998,30.90798376999993],[104.31852095999994,30.894102720000205],[104.28776760000005,30.90547240000018],[104.26256230000001,30.90119008000005],[104.25782251000004,30.907872559999987],[104.22616836000003,30.89731940000007],[104.19993426000013,30.915555880000113],[104.17180754999993,30.91424722000022],[104.16559042999995,30.920996609999975],[104.14750780000003,30.91540517000027],[104.14006813999998,30.92810976000021],[104.15024276000003,30.93176445000006],[104.15037245000008,30.943526890000044],[104.16433152000008,30.954225070000234],[104.16646684,30.992077240000242],[104.14090246000006,31.01382569000009],[104.1133730200001,31.022790900000246],[104.12577922000003,31.03332572000005],[104.14095359000004,31.034434010000098],[104.14545118000001,31.027239370000075],[104.16867124999999,31.031033130000083],[104.14041557000013,31.059919800000273],[104.1625177300001,31.07228143000026],[104.17565983999998,31.067109960000096],[104.18669275000002,31.071466699999974],[104.18558150000007,31.077921150000236],[104.19505132000006,31.080713849999995],[104.19259506000003,31.087157240000067],[104.2266459700001,31.11136534000002],[104.23030847000012,31.137432100000126],[104.25060120000012,31.135017549999986],[104.27236194000011,31.1421872600003],[104.27356775000004,31.150663760000157],[104.35061394000007,31.07162366],[104.35719414000005,31.053804069999956],[104.36595306999999,31.055610690000094],[104.38182215000012,31.042123000000004],[104.39945520999999,31.042666920000045],[104.40922194000001,31.018904469999995],[104.44149974999993,31.035792640000068],[104.45111094000009,31.03155023000005]]]},"properties":{"nameZh":"广汉市","nameEn":"Guanghan City","code":"510681000000","severity":"severe","severityZh":"重灾区","severityEn":"Severely affected","disasterTypeZh":"重灾区","landformBasinShare":1.0,"landformMountainShare":0.0,"landformPlateauShare":0.0,"settlementBasinShare":1.0,"settlementMountainShare":0.0,"settlementPlateauShare":0.0,"landformTypeZh":"盆地县","donorBasin":1,"donorMountain":0,"donorPlateau":0,"labelEn":"Guanghan City","population10k":59,"intensity":7,"deathsMissing":54,"deathMissingRatePer10k":1,"collapsedHousing":141486,"collapsedHousingPer10k":2398,"affectedResidentialSites":null,"affectedRoads":null,"threatenedRiverBlockages":null,"threatenedBridges":null,"threatenedReservoirs":null,"destroyedLandAreaKm2":null,"geologicalHazardRisk":0,"resettlementRatePer10k":335,"compositeImpactIndex":0.1619,"damageIndexName":"Guanghan","damageIndexLevelEn":"Severely affected area","damageIndexSource":"damage index.xlsx","landformTypeEn":"Basin county"}},{"type":"Feature","geometry":{"type":"Polygon","coordinates":[[[103.91896616000008,31.54043166000031],[103.93895523000003,31.494402980000018],[103.96014146000005,31.487055120000093],[103.96715513000004,31.4883348700003],[103.96858698000005,31.49806559000001],[103.97447246000007,31.48706697],[103.98927995999992,31.490887900000132],[104.00512124000005,31.462790590000054],[103.99361995000004,31.44380228000017],[104.02783851999993,31.420777009999995],[104.01566760000014,31.398365800000022],[104.02900998000007,31.370616429999984],[104.02543271000002,31.35218477000012],[104.04073784000002,31.348207330000037],[104.04334181000002,31.340815890000044],[104.0182970300001,31.315628310000022],[104.02442496999998,31.289989719999994],[104.04213598000007,31.28074269000001],[104.0401892700001,31.265311440000232],[104.08218014000005,31.23757394000006],[104.10983125999996,31.233458949999942],[104.16910625000008,31.201267840000128],[104.23536001000008,31.177855330000057],[104.27356775000004,31.150663760000157],[104.27236194000011,31.1421872600003],[104.25060120000012,31.135017549999986],[104.23030847000012,31.137432100000126],[104.2266459700001,31.11136534000002],[104.19259506000003,31.087157240000067],[104.19505132000006,31.080713849999995],[104.18558150000007,31.077921150000236],[104.18669275000002,31.071466699999974],[104.17565983999998,31.067109960000096],[104.1625177300001,31.07228143000026],[104.14041557000013,31.059919800000273],[104.16744795,31.03037819000008],[104.14545118000001,31.027239370000075],[104.14095359000004,31.034434010000098],[104.11434522000008,31.031564619999983],[104.09233796000012,31.03495663000018],[104.08423863000002,31.03974259000023],[104.07627682999993,31.059739840000304],[104.05777687000011,31.06648975000013],[104.05510213000014,31.0803906700001],[104.01735686000012,31.10638944000027],[104.02782566000013,31.113679339999976],[104.01491807000008,31.116941880000297],[104.02257379000008,31.125662340000076],[104.02046421,31.144939210000075],[104.00708783000005,31.155540050000013],[104.01260013000001,31.167805390000012],[104.00581140999998,31.180774299999996],[103.99932754999998,31.17978750000003],[103.96944972,31.209593080000047],[103.94548530999992,31.206712489999916],[103.94815009000001,31.217526040000052],[103.93897496000005,31.219028870000102],[103.94414797000013,31.22109844000005],[103.92704989000015,31.23470947000004],[103.93248498000008,31.24604817000011],[103.92384864000013,31.260703920000026],[103.92962110000008,31.270447870000112],[103.89012047000011,31.30620504000018],[103.89232607999998,31.3284378000003],[103.92620201999995,31.357527470000036],[103.89658834000005,31.402470100000187],[103.8948095500001,31.420157360000076],[103.87390896000005,31.417369890000202],[103.86481191000001,31.423892720000254],[103.82865041000008,31.413619710000035],[103.81214881000005,31.435418879999986],[103.79951802,31.433296580000274],[103.79421455999994,31.47570593000023],[103.82556199999999,31.511520610000048],[103.83999747999997,31.513213180000093],[103.85261830000007,31.540421940000215],[103.89613857000012,31.515257420000125],[103.91896616000008,31.54043166000031]]]},"properties":{"nameZh":"什邡市","nameEn":"Shifang City","code":"510682000000","severity":"extreme","severityZh":"极重灾区","severityEn":"Extremely affected","disasterTypeZh":"极重灾区","landformBasinShare":0.44806763285024154,"landformMountainShare":0.37318840579710144,"landformPlateauShare":0.178743961352657,"settlementBasinShare":0.866822429906542,"settlementMountainShare":0.13317757009345793,"settlementPlateauShare":0.0,"landformTypeZh":"混合县","donorBasin":1,"donorMountain":1,"donorPlateau":1,"labelEn":"Shifang City","population10k":43,"intensity":8.68,"deathsMissing":6132,"deathMissingRatePer10k":143,"collapsedHousing":1006921,"collapsedHousingPer10k":23417,"affectedResidentialSites":82,"affectedRoads":233,"threatenedRiverBlockages":380,"threatenedBridges":2,"threatenedReservoirs":3,"destroyedLandAreaKm2":7,"geologicalHazardRisk":2.81,"resettlementRatePer10k":8529,"compositeImpactIndex":0.5953,"damageIndexName":"Shifang","damageIndexLevelEn":"Extremely severely affected area","damageIndexSource":"damage index.xlsx","landformTypeEn":"Mixed landform county"}},{"type":"Feature","geometry":{"type":"Polygon","coordinates":[[[104.09144505999996,31.69558269999999],[104.11391305000001,31.685001430000057],[104.09618459000006,31.65233049000011],[104.09907503999995,31.63519917000002],[104.1302154500001,31.60735259000012],[104.12727223000013,31.600136990000294],[104.14092857999992,31.588623370000107],[104.14354079000009,31.56696049000027],[104.15859376999998,31.558196280000004],[104.14976541999994,31.543816580000055],[104.1533849700001,31.520275300000208],[104.16809878000004,31.514474099999973],[104.18013016000003,31.522379690000037],[104.20045056000004,31.516690980000078],[104.23296433999997,31.46618727000009],[104.26844674,31.461523530000022],[104.28330683000007,31.438498870000103],[104.30847822999999,31.429871350000212],[104.3246151300001,31.41386584999998],[104.32431953000014,31.401420599999994],[104.33766212000012,31.388564739999993],[104.32195908000006,31.376908929999956],[104.34320008000003,31.356409170000063],[104.33973677999995,31.343338720000247],[104.32142861000005,31.332627059999993],[104.31927585000005,31.302151180000124],[104.29839212000002,31.278237030000128],[104.27536362000012,31.266979740000238],[104.27099948,31.23908879999999],[104.24838825,31.223088510000252],[104.26073130000003,31.206832610000106],[104.2583964000001,31.18632050000008],[104.27171943000008,31.152100740000037],[104.23536001000008,31.177855330000057],[104.16910625000008,31.201267840000128],[104.10983125999996,31.233458949999942],[104.08218014000005,31.23757394000006],[104.0401892700001,31.265311440000232],[104.04213598000007,31.28074269000001],[104.02442496999998,31.289989719999994],[104.0182970300001,31.315628310000022],[104.04334181000002,31.340815890000044],[104.04073784000002,31.348207330000037],[104.02543271000002,31.35218477000012],[104.02900998000007,31.370616429999984],[104.01566760000014,31.398365800000022],[104.02783851999993,31.420777009999995],[103.99361995000004,31.44380228000017],[104.00512124000005,31.462790590000054],[103.98927995999992,31.490887900000132],[103.97447246000007,31.48706697],[103.96858698000005,31.49806559000001],[103.96715513000004,31.4883348700003],[103.96014146000005,31.487055120000093],[103.93895523000003,31.494402980000018],[103.91981714999997,31.54003893999993],[103.91008728999998,31.54748599000027],[103.90531429000009,31.56684837000023],[103.92119860000003,31.6056683500002],[103.91629453000002,31.624927570000125],[103.92790740000004,31.635772050000014],[103.92615395000007,31.641899369999976],[103.96058657000015,31.658892229999992],[103.98704353,31.68457906000009],[104.01364095999998,31.680703510000058],[104.0410115900001,31.700311240000076],[104.08058220000004,31.690299940000045],[104.09144505999996,31.69558269999999]]]},"properties":{"nameZh":"绵竹市","nameEn":"Mianzhu City","code":"510683000000","severity":"extreme","severityZh":"极重灾区","severityEn":"Extremely affected","disasterTypeZh":"极重灾区","landformBasinShare":0.46897663174858983,"landformMountainShare":0.38920225624496374,"landformPlateauShare":0.14182111200644643,"settlementBasinShare":0.9293739967897271,"settlementMountainShare":0.07062600321027288,"settlementPlateauShare":0.0,"landformTypeZh":"混合县","donorBasin":1,"donorMountain":1,"donorPlateau":1,"labelEn":"Mianzhu City","population10k":51,"intensity":9.14,"deathsMissing":11380,"deathMissingRatePer10k":223,"collapsedHousing":1397925,"collapsedHousingPer10k":27410,"affectedResidentialSites":24,"affectedRoads":119,"threatenedRiverBlockages":258,"threatenedBridges":0,"threatenedReservoirs":2,"destroyedLandAreaKm2":2,"geologicalHazardRisk":1.56,"resettlementRatePer10k":9029,"compositeImpactIndex":0.6612,"damageIndexName":"Mianzhu","damageIndexLevelEn":"Extremely severely affected area","damageIndexSource":"damage index.xlsx","landformTypeEn":"Mixed landform county"}},{"type":"Feature","geometry":{"type":"Polygon","coordinates":[[[104.13781893000004,30.619662490000053],[104.15603198999992,30.6064272400003],[104.15416612000007,30.595097210000233],[104.16834144,30.595574240000076],[104.15655422999998,30.578068810000104],[104.16587894000003,30.569782019999934],[104.14567583999997,30.56331101000012],[104.13804554000012,30.569835609999927],[104.12531831000013,30.56587402000008],[104.12429493999997,30.550250199999994],[104.10792731999999,30.54889313000018],[104.10691392000001,30.571881730000143],[104.07116022000008,30.574206710000112],[104.0852439300001,30.6065935700002],[104.08203773000002,30.626102550000212],[104.09109927999998,30.63004925000007],[104.08914786000014,30.639035009999986],[104.05746674000005,30.64944032000028],[104.06634982000014,30.664045640000097],[104.07348389999999,30.66159246999996],[104.08708158000007,30.672483240000304],[104.09399449000006,30.66647332000025],[104.08597211000011,30.655967959999998],[104.12525498000002,30.63708366999998],[104.12184910999991,30.62422123000016],[104.13781893000004,30.619662490000053]]]},"properties":{"nameZh":"锦江区","nameEn":"锦江区","code":"510104000000","severity":"general","severityZh":"一般灾区","severityEn":"Generally affected","disasterTypeZh":"一般灾区","landformBasinShare":1.0,"landformMountainShare":0.0,"landformPlateauShare":0.0,"settlementBasinShare":1.0,"settlementMountainShare":0.0,"settlementPlateauShare":0.0,"landformTypeZh":"盆地县","donorBasin":1,"donorMountain":0,"donorPlateau":0,"labelEn":"","landformTypeEn":"Basin county"}},{"type":"Feature","geometry":{"type":"Polygon","coordinates":[[[103.95268693000003,30.72356805000004],[103.96851421000002,30.713597580000055],[103.97846303000006,30.695432289999985],[103.98898704000004,30.697475160000295],[103.98758876,30.70662606999997],[104.00669748999991,30.701583510000034],[104.00792344000013,30.691586480000126],[104.00138465999999,30.688772589999985],[104.02996224999998,30.682077120000258],[104.03183374000014,30.671720930000106],[104.04429622000009,30.665534920000027],[104.06058862000003,30.684872580000274],[104.08708158000007,30.672483240000304],[104.07348389999999,30.66159246999996],[104.06634982000014,30.664045640000097],[104.05746674000005,30.64944032000028],[104.01989029000009,30.654098110000007],[104.01681581000008,30.659833450000292],[104.0055069,30.655379970000013],[103.99779208000007,30.66361686999994],[103.99273303000001,30.656684190000306],[103.98925853000014,30.66331482000021],[103.96704634000008,30.658910549999916],[103.96767999999997,30.665481980000095],[103.95759432,30.66698796999998],[103.92743928000004,30.661144430000036],[103.92207676000004,30.67075422000005],[103.89430626000001,30.682081740000285],[103.93011571999995,30.711332980000066],[103.92857286000003,30.723005400000034],[103.95268693000003,30.72356805000004]]]},"properties":{"nameZh":"青羊区","nameEn":"青羊区","code":"510105000000","severity":"general","severityZh":"一般灾区","severityEn":"Generally affected","disasterTypeZh":"一般灾区","landformBasinShare":1.0,"landformMountainShare":0.0,"landformPlateauShare":0.0,"settlementBasinShare":1.0,"settlementMountainShare":0.0,"settlementPlateauShare":0.0,"landformTypeZh":"盆地县","donorBasin":1,"donorMountain":0,"donorPlateau":0,"labelEn":"","landformTypeEn":"Basin county"}},{"type":"Feature","geometry":{"type":"MultiPolygon","coordinates":[[[[104.13709306000004,30.746379859999934],[104.12426566000005,30.751542510000263],[104.12445028000002,30.742329350000205],[104.11723669000003,30.742714950000106],[104.11278114999999,30.732486510000058],[104.10076442000013,30.733600350000017],[104.08607826000002,30.716088400000046],[104.06884607000012,30.720537360000094],[104.06915951000008,30.700143710000077],[104.09045437000009,30.699783699999955],[104.08624572000002,30.682066260000056],[104.09216656000001,30.679110890000118],[104.08708158000007,30.672483240000304],[104.06058862000003,30.684872580000274],[104.04429622000009,30.665534920000027],[104.03183374000014,30.671720930000106],[104.02996224999998,30.682077120000258],[104.00138465999999,30.688772589999985],[104.00792344000013,30.691586480000126],[104.00669748999991,30.701583510000034],[103.98758876,30.70662606999997],[103.98898704000004,30.697475160000295],[103.97846303000006,30.695432289999985],[103.96851421000002,30.713597580000055],[103.95159409000001,30.719675370000004],[103.96037038999998,30.72882632000028],[103.97187367999999,30.721137760000033],[103.97798451000006,30.723282420000032],[103.97471946999991,30.73268814000005],[103.99135089000004,30.73100093000005],[103.99944156999999,30.740903490000164],[103.99534400000005,30.756884820000153],[104.00160267000007,30.760948760000133],[104.01366268999999,30.757697180000036],[104.01027024000012,30.751055610000094],[104.01854167000005,30.7510833500001],[104.01854300000002,30.74359412000001],[104.03451863000004,30.732120720000182],[104.02885091000007,30.74740770000028],[104.04610130000003,30.754913470000076],[104.07153692999998,30.742424500000254],[104.09428272000008,30.76770160000001],[104.0696208600001,30.763622910000038],[104.07002636000004,30.782561590000114],[104.05380956999994,30.788270899999986],[104.05922705,30.80155048000006],[104.06711832999997,30.79829779000005],[104.08283654000002,30.80946917000017],[104.08415482000004,30.800744140000006],[104.0906974500001,30.803604189999987],[104.08884878000009,30.795971759999986],[104.12169857000009,30.784874530000195],[104.11466655000004,30.770924450000052],[104.13466775000006,30.765091820000066],[104.13709306000004,30.746379859999934]]],[[[103.95972914000004,30.7805536300001],[103.95012086999998,30.7715645400001],[103.94274207000001,30.77817698000007],[103.95320778000013,30.787817220000306],[103.95972914000004,30.7805536300001]]]]},"properties":{"nameZh":"金牛区","nameEn":"金牛区","code":"510106000000","severity":"general","severityZh":"一般灾区","severityEn":"Generally affected","disasterTypeZh":"一般灾区","landformBasinShare":1.0,"landformMountainShare":0.0,"landformPlateauShare":0.0,"settlementBasinShare":1.0,"settlementMountainShare":0.0,"settlementPlateauShare":0.0,"landformTypeZh":"盆地县","donorBasin":1,"donorMountain":0,"donorPlateau":0,"labelEn":"","landformTypeEn":"Basin county"}},{"type":"Feature","geometry":{"type":"Polygon","coordinates":[[[104.05746674000005,30.64944032000028],[104.08516928000012,30.643633600000157],[104.09167291,30.632629070000007],[104.08203773000002,30.626102550000212],[104.08559959000002,30.60807383000008],[104.07110126999999,30.574887540000134],[104.08018506000002,30.5710097300003],[104.08212089999995,30.555501840000034],[104.07220480000001,30.5501778900001],[104.07885784999996,30.540675990000295],[104.06139798000004,30.532287670000073],[104.05016070000005,30.53894925000003],[104.01797736000009,30.532861060000073],[104.00859056000007,30.54282749999993],[104.03175128000004,30.576507590000062],[104.00650714,30.589193580000256],[104.00326747999998,30.57981283999999],[103.98688049000003,30.58773961000003],[103.97541483000009,30.574937850000026],[103.96448205000002,30.576932930000282],[103.95488342000004,30.58972385000027],[103.96388053999999,30.58666294000011],[103.96457040000007,30.60927056999998],[103.95450656000014,30.611839260000067],[103.95974458000006,30.627381560000003],[103.94614530000001,30.648134440000035],[103.94778659000013,30.661583290000294],[103.95759432,30.66698796999998],[103.96767999999997,30.665481980000095],[103.96704634000008,30.658910549999916],[103.98311381999991,30.6642218100003],[103.99273303000001,30.656684190000306],[103.99779208000007,30.66361686999994],[104.0055069,30.655379970000013],[104.01681581000008,30.659833450000292],[104.01989029000009,30.654098110000007],[104.05746674000005,30.64944032000028]]]},"properties":{"nameZh":"武侯区","nameEn":"武侯区","code":"510107000000","severity":"general","severityZh":"一般灾区","severityEn":"Generally affected","disasterTypeZh":"一般灾区","landformBasinShare":1.0,"landformMountainShare":0.0,"landformPlateauShare":0.0,"settlementBasinShare":1.0,"settlementMountainShare":0.0,"settlementPlateauShare":0.0,"landformTypeZh":"盆地县","donorBasin":1,"donorMountain":0,"donorPlateau":0,"labelEn":"","landformTypeEn":"Basin county"}},{"type":"Feature","geometry":{"type":"Polygon","coordinates":[[[104.13709306000004,30.746379859999934],[104.13087486000012,30.740001350000114],[104.16087587999999,30.739786680000122],[104.16331506,30.72646180000021],[104.17416925999993,30.7327231000001],[104.17897759000004,30.724695010000232],[104.18762895999998,30.727706180000155],[104.18748128000004,30.714902130000155],[104.20646347999997,30.709144050000134],[104.22462255000005,30.716559789999963],[104.22117657000001,30.707983830000046],[104.23412668000003,30.690630330000033],[104.22070826999999,30.68428542999999],[104.19280756,30.685739980000108],[104.17024662000011,30.67159547],[104.16165423000007,30.67617032999999],[104.15673665999998,30.664030660000094],[104.14623795000011,30.66915197999998],[104.16148545999994,30.64189993000025],[104.16145817,30.62509581000006],[104.13666527999999,30.619016040000247],[104.12184910999991,30.62422123000016],[104.12525498000002,30.63708366999998],[104.08597211000011,30.655967959999998],[104.09399449000006,30.66647332000025],[104.08708158000007,30.672483240000304],[104.09045437000009,30.699783699999955],[104.06915951000008,30.700143710000077],[104.06816964000006,30.710323099999982],[104.06914458000011,30.72077989000013],[104.07093107000014,30.715515370000276],[104.08607826000002,30.716088400000046],[104.10076442000013,30.733600350000017],[104.11278114999999,30.732486510000058],[104.11723669000003,30.742714950000106],[104.12583070000005,30.743639270000017],[104.12426566000005,30.751542510000263],[104.13709306000004,30.746379859999934]]]},"properties":{"nameZh":"成华区","nameEn":"成华区","code":"510108000000","severity":"general","severityZh":"一般灾区","severityEn":"Generally affected","disasterTypeZh":"一般灾区","landformBasinShare":1.0,"landformMountainShare":0.0,"landformPlateauShare":0.0,"settlementBasinShare":1.0,"settlementMountainShare":0.0,"settlementPlateauShare":0.0,"landformTypeZh":"盆地县","donorBasin":1,"donorMountain":0,"donorPlateau":0,"labelEn":"","landformTypeEn":"Basin county"}},{"type":"Feature","geometry":{"type":"Polygon","coordinates":[[[104.32496158999999,30.723511880000046],[104.36879139000001,30.700382349999927],[104.39000851999998,30.698535700000093],[104.39325514000001,30.682398029999945],[104.40920346999991,30.67510645000027],[104.41694755999993,30.68830609000031],[104.4333903000001,30.682097629999987],[104.43758399999996,30.66707599],[104.42946650999994,30.637193680000223],[104.44972939000002,30.65406271000029],[104.45178609999999,30.634225529999924],[104.44523238000005,30.61914206],[104.42621089000005,30.614460830000098],[104.42329340000009,30.604183580000097],[104.40501909000011,30.596639620000303],[104.39984493000009,30.585272240000165],[104.40512254999993,30.565307050000058],[104.39592898000006,30.534075120000182],[104.41198953000003,30.52478710000031],[104.41211186000004,30.5179832500001],[104.39311561,30.50675508000012],[104.38874084000008,30.488868770000067],[104.36451076000003,30.49231920000011],[104.35849507000006,30.485258639999984],[104.33858030000005,30.483385980000094],[104.34016929000006,30.50143505000011],[104.32404945999997,30.519180320000032],[104.32087228,30.512639360000264],[104.33023029000015,30.509462370000108],[104.3273846300001,30.494556090000287],[104.31223586000004,30.49465081000011],[104.29245380000003,30.507527730000277],[104.27510315000006,30.49180219999994],[104.25615572999999,30.485893690000125],[104.25184191000011,30.479416510000306],[104.25704969000003,30.470779340000092],[104.22344169000002,30.471359400000154],[104.20335142000005,30.48371846000009],[104.18071936000013,30.53418276000002],[104.15117970000006,30.553510769999946],[104.15249047999998,30.565242060000003],[104.16587894000003,30.569782019999934],[104.15655422999998,30.578068810000104],[104.16920015000005,30.593632590000198],[104.15416612000007,30.595097210000233],[104.15603198999992,30.6064272400003],[104.13781893000004,30.619662490000053],[104.16145817,30.62509581000006],[104.16148545999994,30.64189993000025],[104.14542363000004,30.668436939999992],[104.15673665999998,30.664030660000094],[104.16165423000007,30.67617032999999],[104.17024662000011,30.67159547],[104.19638320000013,30.68674640000023],[104.22070826999999,30.68428542999999],[104.23238227000007,30.68997472000018],[104.23293774000007,30.68295224000019],[104.24447306000008,30.67907573000025],[104.25480927000012,30.698205000000087],[104.26177834999999,30.695717269999932],[104.25808945000011,30.70385321000026],[104.26803508,30.71904208000001],[104.31784395000011,30.717060600000025],[104.31915412000012,30.724554479999938],[104.32496158999999,30.723511880000046]]]},"properties":{"nameZh":"龙泉驿区","nameEn":"龙泉驿区","code":"510112000000","severity":"general","severityZh":"一般灾区","severityEn":"Generally affected","disasterTypeZh":"一般灾区","landformBasinShare":1.0,"landformMountainShare":0.0,"landformPlateauShare":0.0,"settlementBasinShare":1.0,"settlementMountainShare":0.0,"settlementPlateauShare":0.0,"landformTypeZh":"盆地县","donorBasin":1,"donorMountain":0,"donorPlateau":0,"labelEn":"","landformTypeEn":"Basin county"}},{"type":"Feature","geometry":{"type":"Polygon","coordinates":[[[104.34872953000013,30.904572449999932],[104.35743672000007,30.88316857000001],[104.36987654000012,30.88502669000013],[104.38159640000009,30.87713286000013],[104.38360213999994,30.86636851999998],[104.37449493999998,30.848677130000056],[104.3480959200001,30.84503821000027],[104.35137732999999,30.83437056999992],[104.36181196000001,30.84173644000009],[104.36893882999999,30.832524230000104],[104.36471974000011,30.822209209999983],[104.3808150100001,30.80441172000002],[104.37565783000008,30.788707620000082],[104.40591293,30.782892489999995],[104.42853815000007,30.795138769999994],[104.41904866000004,30.78464310000004],[104.42519550000009,30.775021320000292],[104.43758459000003,30.780701770000064],[104.44895737000007,30.773157120000064],[104.46197903000012,30.782065470000134],[104.47286501000002,30.777469570000164],[104.47666734000006,30.741746460000286],[104.46538150000009,30.723601770000187],[104.48482662999999,30.72482437000008],[104.47625044,30.695346700000016],[104.49141529000013,30.686709950000022],[104.48069464000002,30.681590720000145],[104.4806944,30.665177060000076],[104.44483314000007,30.674063960000012],[104.45453005000002,30.66228370000016],[104.44867922000014,30.66067663000024],[104.4210541700001,30.688254669999935],[104.41108737000002,30.67489842000009],[104.39458402999998,30.68152608999992],[104.39000851999998,30.698535700000093],[104.33246179000002,30.716136150000295],[104.31596046000004,30.74927224999999],[104.30744476000012,30.743191989999957],[104.28781965000007,30.74805114000003],[104.27789653000008,30.738677199999984],[104.26401966999998,30.746667250000087],[104.25661625000009,30.757751260000248],[104.26631978000006,30.77345300000019],[104.24956860999993,30.804850110000075],[104.23823300999993,30.80685159000012],[104.22870293999995,30.823571590000086],[104.23389314000008,30.835964880000233],[104.24388331000011,30.833144590000302],[104.23751294000004,30.8522424100002],[104.20376579000009,30.868330520000143],[104.19375722000007,30.86075118000025],[104.17427036999999,30.86674690000001],[104.16621752000015,30.857565889999933],[104.15791642000005,30.87032531000017],[104.19191074000008,30.915292060000127],[104.22687974999991,30.897256970000058],[104.25632073999998,30.907864130000178],[104.26256230000001,30.90119008000005],[104.28776760000005,30.90547240000018],[104.31852095999994,30.894102720000205],[104.32924967000002,30.902903150000043],[104.34872953000013,30.904572449999932]]]},"properties":{"nameZh":"青白江区","nameEn":"青白江区","code":"510113000000","severity":"general","severityZh":"一般灾区","severityEn":"Generally affected","disasterTypeZh":"一般灾区","landformBasinShare":1.0,"landformMountainShare":0.0,"landformPlateauShare":0.0,"settlementBasinShare":1.0,"settlementMountainShare":0.0,"settlementPlateauShare":0.0,"landformTypeZh":"盆地县","donorBasin":1,"donorMountain":0,"donorPlateau":0,"labelEn":"","landformTypeEn":"Basin county"}},{"type":"Feature","geometry":{"type":"Polygon","coordinates":[[[104.14750780000003,30.91540517000027],[104.16559042999995,30.920996609999975],[104.18609292999992,30.912532540000086],[104.17946179,30.89452882000029],[104.1675777000001,30.888286090000122],[104.16686594999999,30.875237159999983],[104.15816781000007,30.871787950000225],[104.16297829000001,30.861056899999937],[104.16698597999999,30.857655280000245],[104.17845417000012,30.86727241000017],[104.1947297700001,30.860830740000267],[104.20376579000009,30.868330520000143],[104.23269586000009,30.857688160000123],[104.24520270000005,30.839457240000172],[104.24304152000008,30.832302930000083],[104.23346806000006,30.835517910000192],[104.2292582500001,30.822071789999995],[104.23823300999993,30.80685159000012],[104.24956860999993,30.804850110000075],[104.26631978000006,30.77345300000019],[104.25756167999998,30.753297180000118],[104.27752515000009,30.738662620000014],[104.28781965000007,30.74805114000003],[104.30744476000012,30.743191989999957],[104.31596046000004,30.74927224999999],[104.32463163,30.741630570000098],[104.32496158999999,30.723511880000046],[104.31915412000012,30.724554479999938],[104.31844234000005,30.71741030000021],[104.26921350999999,30.719632860000047],[104.25808945000011,30.70385321000026],[104.26177834999999,30.695717269999932],[104.25480927000012,30.698205000000087],[104.25037463000001,30.683577650000075],[104.24161758000002,30.67890635000026],[104.23293774000007,30.68295224000019],[104.23387557000001,30.691949600000157],[104.22117657000001,30.707983830000046],[104.22462255000005,30.716559789999963],[104.20646347999997,30.709144050000134],[104.18700444000001,30.715177160000167],[104.18915664999992,30.726308529999983],[104.17897759000004,30.724695010000232],[104.17921572000006,30.731515109999975],[104.16331506,30.72646180000021],[104.15975577,30.740271360000065],[104.13087486000012,30.740001350000114],[104.13884275000004,30.74420557999997],[104.13530166999993,30.76435011000001],[104.11438933,30.77161888000012],[104.12169857000009,30.784874530000195],[104.08884878000009,30.795971759999986],[104.0906974500001,30.803604189999987],[104.08415482000004,30.800744140000006],[104.08315826,30.809481980000157],[104.06711832999997,30.79829779000005],[104.05922705,30.80155048000006],[104.05382757000001,30.7873163700001],[104.07002636000004,30.782561590000114],[104.0693482800001,30.76378215000011],[104.08652942000003,30.770633910000015],[104.09403200999998,30.76305601000024],[104.06472607000006,30.742896680000058],[104.0298499000001,30.764582320000216],[104.0269147300001,30.781587290000175],[104.04055353000007,30.779068310000298],[104.04347009000014,30.784093069999983],[104.02898951999998,30.79033713000007],[104.03218493000003,30.79794976000005],[104.01698452,30.8098250700001],[104.01669817999993,30.81777659000005],[103.98829797000008,30.825972579999984],[103.96375920000008,30.83876507000008],[103.96281677000007,30.84788742000029],[103.94512828000006,30.851198839999995],[103.93466167000003,30.86966396000014],[103.94452255000004,30.87966701000005],[103.94018246999997,30.884159550000106],[103.94524232000009,30.89083225000013],[103.93300460000006,30.89985032000004],[103.93841830999997,30.908476740000083],[103.90102955999998,30.929621069999996],[103.95950390000007,30.91945112000019],[103.96237660000008,30.930818390000127],[103.97479728999997,30.939339010000083],[104.00736629,30.94374403000006],[104.04504142000013,30.96734776000011],[104.06036374999991,30.952579610000157],[104.06480839999995,30.927499529999977],[104.0758838800001,30.918663030000175],[104.14750780000003,30.91540517000027]]]},"properties":{"nameZh":"新都区","nameEn":"新都区","code":"510114000000","severity":"general","severityZh":"一般灾区","severityEn":"Generally affected","disasterTypeZh":"一般灾区","landformBasinShare":1.0,"landformMountainShare":0.0,"landformPlateauShare":0.0,"settlementBasinShare":1.0,"settlementMountainShare":0.0,"settlementPlateauShare":0.0,"landformTypeZh":"盆地县","donorBasin":1,"donorMountain":0,"donorPlateau":0,"labelEn":"","landformTypeEn":"Basin county"}},{"type":"Feature","geometry":{"type":"Polygon","coordinates":[[[103.71359708000006,30.86375227000002],[103.72394569000011,30.844026370000222],[103.75406435000008,30.83035669999998],[103.76556148000009,30.81103729000006],[103.78537984000013,30.809341630000063],[103.79439471000012,30.784156689999918],[103.81628486,30.779723400000307],[103.85561646000002,30.751899300000105],[103.87789760000004,30.748622530000034],[103.87616165999992,30.75843197000006],[103.94155079000001,30.73136297000019],[103.9375201200001,30.71999758000004],[103.92857286000003,30.723005400000034],[103.93011571999995,30.711332980000066],[103.89415022000009,30.682653450000146],[103.92447453000005,30.668171830000063],[103.89379579000007,30.667758040000308],[103.88760482999993,30.65023030000009],[103.87490891000004,30.650853449999943],[103.87127850000002,30.666333920000056],[103.85448803000008,30.645558160000235],[103.85491328000006,30.63206145999993],[103.84053049000005,30.637478859999987],[103.84365501000008,30.621872810000184],[103.8340628200001,30.616858370000045],[103.78558286000003,30.627486080000097],[103.76173712000002,30.662783260000083],[103.75086224999995,30.718794070000115],[103.7294805900001,30.743287400000042],[103.71343933000014,30.817281180000293],[103.69869355000009,30.837735920000227],[103.68619772,30.886071240000206],[103.71359708000006,30.86375227000002]]]},"properties":{"nameZh":"温江区","nameEn":"温江区","code":"510115000000","severity":"general","severityZh":"一般灾区","severityEn":"Generally affected","disasterTypeZh":"一般灾区","landformBasinShare":1.0,"landformMountainShare":0.0,"landformPlateauShare":0.0,"settlementBasinShare":1.0,"settlementMountainShare":0.0,"settlementPlateauShare":0.0,"landformTypeZh":"盆地县","donorBasin":1,"donorMountain":0,"donorPlateau":0,"labelEn":"","landformTypeEn":"Basin county"}},{"type":"Feature","geometry":{"type":"Polygon","coordinates":[[[103.92447453000005,30.668171830000063],[103.92743928000004,30.661144430000036],[103.94826339999997,30.660745670000267],[103.94614530000001,30.648134440000035],[103.95974458000006,30.627381560000003],[103.95450656000014,30.611839260000067],[103.96457040000007,30.60927056999998],[103.96388053999999,30.58666294000011],[103.95488342000004,30.58972385000027],[103.96448205000002,30.576932930000282],[103.97541483000009,30.574937850000026],[103.98688049000003,30.58773961000003],[104.00326747999998,30.57981283999999],[104.00650714,30.589193580000256],[104.03175128000004,30.576507590000062],[104.00859056000007,30.54282749999993],[104.01797736000009,30.532861060000073],[104.05016070000005,30.53894925000003],[104.06139798000004,30.532287670000073],[104.07759531999994,30.539471370000058],[104.07230561,30.55102051000017],[104.08212089999995,30.555501840000034],[104.07721763,30.564112420000015],[104.08338802999998,30.571625510000104],[104.10780826000013,30.571094450000203],[104.10792731999999,30.54889313000018],[104.12429493999997,30.550250199999994],[104.1232872600001,30.564570210000056],[104.13890483,30.569711960000006],[104.15208182999993,30.563642900000048],[104.15355806000002,30.550444010000092],[104.18128341000005,30.53346302],[104.20344855999991,30.483584640000004],[104.24547923,30.466624130000014],[104.24621729000012,30.460063800000057],[104.26710985000005,30.459371610000005],[104.24586971999997,30.430256620000307],[104.24724156000013,30.423273140000163],[104.22677514999998,30.41528489000001],[104.22550011999999,30.399870880000094],[104.21572680999992,30.394553440000095],[104.21582264000006,30.377960430000144],[104.19538937999994,30.356125380000037],[104.1959448500001,30.342375210000114],[104.17612641000005,30.32081989000028],[104.17337199000008,30.304552510000065],[104.14978916000013,30.26787338000031],[104.14773657000012,30.247328270000196],[104.12330649000006,30.230261440000277],[104.11232587999996,30.230170670000234],[104.08809917000008,30.251962859999935],[104.06672668000004,30.257587020000074],[104.06035502000009,30.268360370000096],[104.05051215999998,30.26550998000016],[104.04704759000003,30.273039419999975],[103.99479125999994,30.268000780000193],[103.97250572000007,30.293515290000244],[103.97374987,30.308473310000295],[103.94115913999991,30.335408260000122],[103.93295748000008,30.35083971000006],[103.94010446000004,30.360634650000122],[103.91696158000013,30.36154523999994],[103.93230202000001,30.41586658],[103.92124033999994,30.440236810000044],[103.90714278000007,30.45256312999993],[103.9139790700001,30.47041843000028],[103.90598489999996,30.488939230000028],[103.89288760000005,30.498339509999937],[103.88130856999999,30.496966780000093],[103.86913143999999,30.510381080000286],[103.82688425999999,30.50633499999998],[103.81366114000014,30.53390696999992],[103.81871015000007,30.576386920000232],[103.79016421000006,30.624307569999985],[103.8340628200001,30.616858370000045],[103.84365501000008,30.621872810000184],[103.84053049000005,30.637478859999987],[103.85491328000006,30.63206145999993],[103.85448803000008,30.645558160000235],[103.87127850000002,30.666333920000056],[103.87490891000004,30.650853449999943],[103.88760482999993,30.65023030000009],[103.89379579000007,30.667758040000308],[103.92447453000005,30.668171830000063]]]},"properties":{"nameZh":"双流区","nameEn":"双流区","code":"510116000000","severity":"general","severityZh":"一般灾区","severityEn":"Generally affected","disasterTypeZh":"一般灾区","landformBasinShare":1.0,"landformMountainShare":0.0,"landformPlateauShare":0.0,"settlementBasinShare":1.0,"settlementMountainShare":0.0,"settlementPlateauShare":0.0,"landformTypeZh":"盆地县","donorBasin":1,"donorMountain":0,"donorPlateau":0,"labelEn":"","landformTypeEn":"Basin county"}},{"type":"Feature","geometry":{"type":"Polygon","coordinates":[[[103.77679761000002,30.960293399999955],[103.79711711999994,30.945645660000025],[103.81946117000007,30.943146179999985],[103.82829527000001,30.930822890000172],[103.86077356000004,30.940236180000056],[103.90102955999998,30.929621069999996],[103.93841830999997,30.908476740000083],[103.93300460000006,30.89985032000004],[103.94524232000009,30.89083225000013],[103.94018246999997,30.884159550000106],[103.94452255000004,30.87966701000005],[103.93466167000003,30.86966396000014],[103.94512828000006,30.851198839999995],[103.96281677000007,30.84788742000029],[103.96375920000008,30.83876507000008],[103.98829797000008,30.825972579999984],[104.01454476999993,30.819600879999996],[104.03218493000003,30.79794976000005],[104.02982287000003,30.78936145],[104.04195114000004,30.788200310000207],[104.04143001000011,30.779487080000308],[104.02661176000004,30.78082151000001],[104.0298499000001,30.764582320000216],[104.04680439999998,30.755907480000076],[104.02885091000007,30.74740770000028],[104.03480176000005,30.73218498000017],[104.01854300000002,30.74359412000001],[104.01854167000005,30.7510833500001],[104.01027024000012,30.751055610000094],[104.01449078000007,30.75630046000009],[104.0080090400001,30.761389129999998],[103.99534400000005,30.756884820000153],[103.99944156999999,30.740903490000164],[103.99208017000001,30.73173436000019],[103.97471946999991,30.73268814000005],[103.97798451000006,30.723282420000032],[103.97187367999999,30.721137760000033],[103.96108020999992,30.728957489999914],[103.94535511000004,30.723099760000025],[103.91772897000004,30.74551770000005],[103.9044831700001,30.742504990000157],[103.87616165999992,30.75843197000006],[103.87789760000004,30.748622530000034],[103.85561646000002,30.751899300000105],[103.81628486,30.779723400000307],[103.79439471000012,30.784156689999918],[103.78122865,30.813099510000143],[103.76627689999998,30.81054603000007],[103.75406435000008,30.83035669999998],[103.72794409,30.84011227000019],[103.71359708000006,30.86375227000002],[103.72601815999997,30.86674391000031],[103.73328303000011,30.880488160000084],[103.75852454999995,30.88601993000003],[103.74575154000007,30.9007225900001],[103.75712833000011,30.907658070000025],[103.76497924000006,30.925512620000063],[103.7647798100001,30.956345709999994],[103.77679761000002,30.960293399999955]],[[103.95972914000004,30.7805536300001],[103.95320778000013,30.787817220000306],[103.94274207000001,30.77817698000007],[103.95012086999998,30.7715645400001],[103.95972914000004,30.7805536300001]]]},"properties":{"nameZh":"郫都区","nameEn":"郫都区","code":"510117000000","severity":"general","severityZh":"一般灾区","severityEn":"Generally affected","disasterTypeZh":"一般灾区","landformBasinShare":1.0,"landformMountainShare":0.0,"landformPlateauShare":0.0,"settlementBasinShare":1.0,"settlementMountainShare":0.0,"settlementPlateauShare":0.0,"landformTypeZh":"盆地县","donorBasin":1,"donorMountain":0,"donorPlateau":0,"labelEn":"","landformTypeEn":"Basin county"}},{"type":"Feature","geometry":{"type":"Polygon","coordinates":[[[104.4966599600001,30.93929983000004],[104.50945375000015,30.93833151000024],[104.53053743000004,30.92181774000005],[104.51826409000012,30.88495462999998],[104.59235329000006,30.867829980000295],[104.6076289500001,30.850366680000263],[104.62823710000009,30.855043250000108],[104.63788605999997,30.840570760000105],[104.7002548800001,30.82672259000003],[104.69704254000004,30.81706498000017],[104.71227012000003,30.781869810000273],[104.70765119000009,30.775594140000067],[104.7305609600001,30.779738549999934],[104.74599668000008,30.73031428000013],[104.76392412000013,30.729263780000053],[104.76527006000015,30.720694820000176],[104.77321352000013,30.724163470000292],[104.79060143999993,30.722413130000064],[104.78653880000007,30.694877610000106],[104.79999517000005,30.69288867000023],[104.80838984000007,30.68276370000001],[104.81852855999995,30.646517210000184],[104.83963965000004,30.652203160000056],[104.84511598999995,30.643402630000026],[104.84457800000007,30.633821700000112],[104.81734656000003,30.601165340000307],[104.81434254999999,30.580423530000076],[104.83746988000007,30.58415837000001],[104.83802409000009,30.590994850000072],[104.84633388000003,30.584257100000002],[104.85390925000013,30.589809530000252],[104.87420184000013,30.553960740000264],[104.88893065000002,30.555844719999982],[104.88982561,30.54366116],[104.87299588000002,30.511820880000016],[104.81040304999999,30.51194397000029],[104.80366622000003,30.507156550000104],[104.80439448000004,30.493990550000206],[104.76280744000013,30.486887950000153],[104.76695966000011,30.49410964000009],[104.7566778200001,30.507771269999978],[104.72932699,30.517053230000045],[104.72462189000004,30.54172208999995],[104.68291861000006,30.56017756],[104.68409993000012,30.58091703000025],[104.69813583000007,30.599517820000244],[104.67028634000008,30.6120543400001],[104.65263905000012,30.608298030000185],[104.63493602999995,30.621070210000028],[104.62552040000003,30.61626859000029],[104.62141914999995,30.622687590000282],[104.6088374900001,30.621095480000008],[104.59506958000009,30.63634618000009],[104.58331726000006,30.63276047000005],[104.57584494999998,30.64633053],[104.56317242000006,30.6306035100003],[104.54532589000013,30.63773075000006],[104.53652631999995,30.627778949999993],[104.52717905999998,30.63281624000024],[104.5310790100001,30.627321629999983],[104.52269884000003,30.62612588000019],[104.52404445000002,30.617488040000296],[104.4907727000001,30.596707820000063],[104.45029331000012,30.592651700000033],[104.41848121999999,30.6009182600003],[104.42684436000008,30.614901420000137],[104.44484978000003,30.61874947000001],[104.45149163000013,30.632552570000087],[104.44791511,30.65600009000019],[104.43566499000002,30.638290250000182],[104.42818131000001,30.63879935],[104.43708018000001,30.670881470000097],[104.44954675999998,30.6604775400001],[104.45453005000002,30.66228370000016],[104.44483314000007,30.674063960000012],[104.48222238999995,30.66641494000021],[104.48069464000002,30.681590720000145],[104.49145042000004,30.6860043800001],[104.47625044,30.695346700000016],[104.48559076999993,30.723070470000096],[104.47709204,30.72875210000018],[104.47647573,30.722755290000123],[104.46538150000009,30.723601770000187],[104.47666734000006,30.741746460000286],[104.46970507000009,30.78073125000003],[104.4480367700001,30.773036269999977],[104.43758459000003,30.780701770000064],[104.42519550000009,30.775021320000292],[104.41904866000004,30.78464310000004],[104.42853815000007,30.795138769999994],[104.4042204700001,30.782693189999975],[104.37455563999998,30.789964039999916],[104.3808150100001,30.80441172000002],[104.36471974000011,30.822209209999983],[104.36893882999999,30.832524230000104],[104.36181196000001,30.84173644000009],[104.35137732999999,30.83437056999992],[104.3480959200001,30.84503821000027],[104.37449493999998,30.848677130000056],[104.38360213999994,30.86636851999998],[104.38159640000009,30.87713286000013],[104.36987654000012,30.88502669000013],[104.35743672000007,30.88316857000001],[104.34872953000013,30.904572449999932],[104.36868719000012,30.939870610000014],[104.38542488999997,30.926555990000054],[104.39337746000001,30.944615080000005],[104.40068751000001,30.939285320000295],[104.42392844000005,30.945967600000017],[104.44271502999999,30.942732360000207],[104.46259528999997,30.953185229999974],[104.4966599600001,30.93929983000004]]]},"properties":{"nameZh":"金堂县","nameEn":"金堂县","code":"510121000000","severity":"general","severityZh":"一般灾区","severityEn":"Generally affected","disasterTypeZh":"一般灾区","landformBasinShare":1.0,"landformMountainShare":0.0,"landformPlateauShare":0.0,"settlementBasinShare":1.0,"settlementMountainShare":0.0,"settlementPlateauShare":0.0,"landformTypeZh":"盆地县","donorBasin":1,"donorMountain":0,"donorPlateau":0,"labelEn":"","landformTypeEn":"Basin county"}},{"type":"Feature","geometry":{"type":"Polygon","coordinates":[[[103.1181411600001,30.796373099999983],[103.12231347,30.77892433000028],[103.16913902999994,30.744826289999992],[103.19848099999996,30.736011010000198],[103.23802933000002,30.758999930000186],[103.24762636000003,30.744605950000278],[103.25712399000003,30.74315696000008],[103.27140613000006,30.718674120000117],[103.29343867,30.71752686000025],[103.31390323,30.734025710000083],[103.33578835000014,30.71160297],[103.3394586500001,30.723878200000115],[103.36121882000003,30.739455190000058],[103.38293420000014,30.72719247000009],[103.41122701000006,30.73794975000021],[103.43325930000009,30.721486700000128],[103.44574260000002,30.725362319999988],[103.46000414999997,30.719703570000036],[103.46833736000008,30.726020720000122],[103.49708210000006,30.715505619999988],[103.50674265000004,30.702378690000103],[103.51963617000013,30.70511181000029],[103.55257790000013,30.67529638999997],[103.55179256999998,30.64888946000019],[103.56299974000001,30.62688338000015],[103.56156181000006,30.602791770000238],[103.56767631000002,30.59965340000008],[103.55548583000001,30.575630939999996],[103.56366436000008,30.55729432000021],[103.55698834999998,30.547454220000134],[103.56185583000001,30.537138340000126],[103.60006874000004,30.534787160000292],[103.62331856000014,30.54715476000024],[103.62634823999997,30.530213750000257],[103.63261293,30.52877011999999],[103.63008432999999,30.512556449999977],[103.67215527000002,30.54951832000006],[103.71617167000005,30.56452022999997],[103.74727459999997,30.539119959999937],[103.76255820000011,30.504290519999927],[103.74171349000011,30.498760930000003],[103.72784158000002,30.45644192000026],[103.70559053,30.437219110000115],[103.69644152000006,30.45471323000004],[103.65102238999998,30.473755309999945],[103.63389513999999,30.461933950000287],[103.62591561000005,30.464434720000042],[103.61684481000003,30.453441699999985],[103.62655631000013,30.444702660000075],[103.62346698999994,30.430792300000007],[103.57656551000014,30.4297713200001],[103.56276498000011,30.43772259000002],[103.55373363999996,30.43200402000008],[103.55225757000005,30.444800439999995],[103.52747275000002,30.454646319999995],[103.51203946000004,30.48077655000003],[103.48524520000001,30.49000637000006],[103.47512891999997,30.478422430000307],[103.45717768000009,30.485715010000263],[103.44555539999999,30.512085470000272],[103.39769261000004,30.546926900000017],[103.37918443000001,30.548863299999994],[103.36969442999998,30.54183432000002],[103.34719494000001,30.555964180000103],[103.33288055000008,30.543624560000183],[103.29731727000012,30.54290293000014],[103.29952991000005,30.512772700000085],[103.26951509000014,30.52300867000025],[103.25219440000001,30.503590010000266],[103.23410691999999,30.510884830000236],[103.21496971000005,30.508244520000062],[103.20853036999995,30.522923120000087],[103.19752345999996,30.521870250000006],[103.18885847999996,30.530811970000002],[103.16227891000005,30.526967030000208],[103.15566543,30.5325071500003],[103.16224133999998,30.56465858000024],[103.14831263000002,30.586872620000065],[103.13515834999998,30.58536748000023],[103.12472816000013,30.59639408000004],[103.13343715000008,30.626517170000227],[103.13133329000004,30.65407681000022],[103.12159161999995,30.66967260000007],[103.09601558999998,30.67862320000029],[103.07553076000005,30.702604660000134],[103.07115952000004,30.718859399999985],[103.03073928999999,30.70484411999996],[103.03171691000006,30.72312082999997],[103.0058385100001,30.745747480000034],[102.99223621999994,30.772542140000155],[102.99107482999995,30.78088831000025],[103.00545832000006,30.792918269999973],[103.06868179000003,30.816009330000043],[103.1181411600001,30.796373099999983]]]},"properties":{"nameZh":"大邑县","nameEn":"Dayi County","code":"510129000000","severity":"severe","severityZh":"重灾区","severityEn":"Severely affected","disasterTypeZh":"重灾区","landformBasinShare":0.4072043852779953,"landformMountainShare":0.5379796397807362,"landformPlateauShare":0.0548159749412686,"settlementBasinShare":0.8397976391231029,"settlementMountainShare":0.16020236087689713,"settlementPlateauShare":0.0,"landformTypeZh":"混合县","donorBasin":1,"donorMountain":1,"donorPlateau":1,"labelEn":"Dayi County","population10k":51,"intensity":7.21,"deathsMissing":25,"deathMissingRatePer10k":0,"collapsedHousing":82385,"collapsedHousingPer10k":1615,"affectedResidentialSites":28,"affectedRoads":19,"threatenedRiverBlockages":33,"threatenedBridges":0,"threatenedReservoirs":0,"destroyedLandAreaKm2":1,"geologicalHazardRisk":0.21,"resettlementRatePer10k":257,"compositeImpactIndex":0.1779,"damageIndexName":"Dayi","damageIndexLevelEn":"Severely affected area","damageIndexSource":"damage index.xlsx","landformTypeEn":"Mixed landform county"}},{"type":"Feature","geometry":{"type":"Polygon","coordinates":[[[103.68133495000001,30.27418497000008],[103.69095929000014,30.24867635999999],[103.64921818000005,30.23735269000008],[103.64512289999999,30.228201190000163],[103.65092758000009,30.20300322999998],[103.62651144999995,30.21792880000021],[103.61248443000005,30.19647105000007],[103.60626964000011,30.19748961000016],[103.60982000000001,30.204544500000168],[103.59527291000006,30.20637471000026],[103.53181691000009,30.18091120000014],[103.54093027000005,30.160223599999995],[103.51276238000003,30.1406434700001],[103.51002775000006,30.130888529999993],[103.5020158700001,30.131235700000104],[103.48305772999998,30.106179390000136],[103.47127534999998,30.12304311999992],[103.47189652000003,30.13447676000004],[103.44862495000012,30.13477929000004],[103.46757924000008,30.11134626000006],[103.45465256000006,30.097321430000136],[103.44611880000008,30.100980289999995],[103.43788885999999,30.12207330000001],[103.43427051000009,30.112907580000297],[103.42137669999994,30.11768761000002],[103.39898699999998,30.09680843999996],[103.37803882000009,30.111715600000082],[103.35820222000001,30.13723777000024],[103.36976490000012,30.150014000000056],[103.36961754000004,30.16525695000024],[103.35678694000012,30.175679379999963],[103.36232493000006,30.183490010000185],[103.35829760000007,30.194379570000024],[103.37106761000007,30.21633175000005],[103.36892317000013,30.230209620000096],[103.34638734999993,30.23891918000004],[103.31892169000008,30.235376880000047],[103.31781905000003,30.253610880000053],[103.30649177999999,30.264296980000154],[103.32406052000005,30.275815350000016],[103.32705539000006,30.29176422000012],[103.33335720000008,30.279090340000266],[103.33902617000001,30.286130090000256],[103.33536294999993,30.294791140000086],[103.36641413000001,30.30384020000008],[103.37718759,30.315247000000113],[103.39778050000001,30.31482722000021],[103.40436973000004,30.3264451900003],[103.42429427000013,30.33665767000008],[103.43996429000009,30.32482938999999],[103.47327382000014,30.33609677000004],[103.48225019999995,30.32902110000009],[103.48665170999999,30.33588712000011],[103.51847412000006,30.330782830000203],[103.52432403000006,30.3383861100001],[103.55184795000008,30.34162219999996],[103.55843599000002,30.335671600000012],[103.55593673999999,30.320005289999983],[103.56677761999993,30.315709190000177],[103.60007311000004,30.323875489999978],[103.62270948999998,30.322991890000026],[103.63506973000005,30.315177100000028],[103.64668372,30.3189782500001],[103.65200472000004,30.309754950000297],[103.66076242000008,30.311338630000023],[103.68445648,30.29716615999996],[103.69041497000006,30.286351470000284],[103.68133495000001,30.27418497000008]],[[103.44449887999997,30.12745811000002],[103.4413616600001,30.130009270000073],[103.43372426000002,30.12692471999992],[103.43621961000008,30.121887590000256],[103.44449887999997,30.12745811000002]]]},"properties":{"nameZh":"蒲江县","nameEn":"蒲江县","code":"510131000000","severity":"general","severityZh":"一般灾区","severityEn":"Generally affected","disasterTypeZh":"一般灾区","landformBasinShare":1.0,"landformMountainShare":0.0,"landformPlateauShare":0.0,"settlementBasinShare":1.0,"settlementMountainShare":0.0,"settlementPlateauShare":0.0,"landformTypeZh":"盆地县","donorBasin":1,"donorMountain":0,"donorPlateau":0,"labelEn":"","landformTypeEn":"Basin county"}},{"type":"Feature","geometry":{"type":"Polygon","coordinates":[[[103.81816306000013,30.528983820000064],[103.82688425999999,30.50633499999998],[103.86913143999999,30.510381080000286],[103.88130856999999,30.496966780000093],[103.89288760000005,30.498339509999937],[103.90598489999996,30.488939230000028],[103.9139790700001,30.47041843000028],[103.90714278000007,30.45256312999993],[103.92124033999994,30.440236810000044],[103.93230202000001,30.41586658],[103.91187250000007,30.35684230000004],[103.9163878600001,30.34487207000012],[103.90738053000001,30.332884550000188],[103.88238797999998,30.33283254000014],[103.87084061000002,30.358716320000212],[103.86465030999994,30.350612940000303],[103.84522627000007,30.34626447000022],[103.79536359999997,30.349525680000227],[103.76463149000006,30.33075804000009],[103.74786785000003,30.34152950999993],[103.74286789000001,30.33445395000001],[103.73159877,30.336706280000215],[103.75329455000013,30.35698586000001],[103.74452629000012,30.379342100000258],[103.70259555999996,30.43351934000026],[103.72784158000002,30.45644192000026],[103.74397135000004,30.500872880000145],[103.79554644000001,30.502742570000123],[103.78622344000013,30.515626500000167],[103.79432263000001,30.52421832999994],[103.81816306000013,30.528983820000064]]]},"properties":{"nameZh":"新津县","nameEn":"新津县","code":"510132000000","severity":"general","severityZh":"一般灾区","severityEn":"Generally affected","disasterTypeZh":"一般灾区","landformBasinShare":1.0,"landformMountainShare":0.0,"landformPlateauShare":0.0,"settlementBasinShare":1.0,"settlementMountainShare":0.0,"settlementPlateauShare":0.0,"landformTypeZh":"盆地县","donorBasin":1,"donorMountain":0,"donorPlateau":0,"labelEn":"","landformTypeEn":"Basin county"}},{"type":"Feature","geometry":{"type":"Polygon","coordinates":[[[103.77679761000002,30.960293399999955],[103.7647798100001,30.956345709999994],[103.76497924000006,30.925512620000063],[103.75712833000011,30.907658070000025],[103.74575154000007,30.9007225900001],[103.75852454999995,30.88601993000003],[103.73328303000011,30.880488160000084],[103.72601815999997,30.86674391000031],[103.71359708000006,30.86375227000002],[103.69176870999996,30.88673897000001],[103.68556426999999,30.885048970000184],[103.69869355000009,30.837735920000227],[103.71343933000014,30.817281180000293],[103.72778605000002,30.75209619000003],[103.71435862999999,30.751339719999976],[103.70203153,30.76929438000019],[103.67923518999999,30.776886990000094],[103.60929920000012,30.764622359999976],[103.60190199000004,30.775014130000216],[103.60829009999992,30.791959650000024],[103.59129273000008,30.813226269999973],[103.5591904900001,30.826310960000285],[103.54704661000005,30.822097900000017],[103.53956998000012,30.838698380000267],[103.50209472000006,30.845614710000007],[103.49752352000002,30.857273580000083],[103.4764936900001,30.857806490000144],[103.46831615000008,30.870334060000175],[103.42897495,30.87701918000016],[103.44906338999999,30.894901179999977],[103.45237054000006,30.927039840000134],[103.46280518999993,30.94388276000018],[103.51666549000004,30.977095520000034],[103.51501542000011,31.032588019999935],[103.5024344900001,31.042958029999966],[103.51798259000009,31.06594374000025],[103.51834192999996,31.082324700000072],[103.52651913999995,31.092671560000156],[103.52358272999999,31.103540730000077],[103.55515800000006,31.15156702000013],[103.56278622000008,31.17748830000005],[103.58120212000006,31.193886750000104],[103.57472559999997,31.218318150000073],[103.57937009,31.249064320000286],[103.56709683000008,31.264454510000007],[103.57771641999994,31.29370879000004],[103.56831807000003,31.31475240000003],[103.56934094000013,31.343052770000213],[103.59334777999993,31.34452461000012],[103.60337243999999,31.35384139000024],[103.62503014999999,31.34653427000012],[103.64159351,31.355295330000104],[103.6553565700001,31.352535339999974],[103.67689393000006,31.368928360000098],[103.69473216000006,31.35105768000011],[103.69265733999998,31.338961190000248],[103.70876285000008,31.320051820000288],[103.70643588999991,31.304291819999946],[103.71946065000009,31.286629559999994],[103.72005540000009,31.272829489999992],[103.69345757000008,31.245306089999985],[103.68168364000007,31.21514372000013],[103.69592946999995,31.18952359000002],[103.71846816000004,31.170687620000308],[103.73727644000013,31.166554659999917],[103.73275991000003,31.14810624000029],[103.74523833000006,31.117092190000108],[103.76139393000005,31.10438518999996],[103.76118644000013,31.090971369999977],[103.78273265000013,31.086008710000044],[103.72467194000012,31.07209777000014],[103.73787657000003,31.061959140000056],[103.75140170000003,31.031613480000146],[103.74798186000004,31.017286440000078],[103.78033636000009,30.98243445999998],[103.77679761000002,30.960293399999955]]]},"properties":{"nameZh":"都江堰市","nameEn":"Dujiangyan City","code":"510181000000","severity":"extreme","severityZh":"极重灾区","severityEn":"Extremely affected","disasterTypeZh":"极重灾区","landformBasinShare":0.416597510373444,"landformMountainShare":0.4987551867219917,"landformPlateauShare":0.08464730290456432,"settlementBasinShare":0.7953410981697171,"settlementMountainShare":0.20465890183028287,"settlementPlateauShare":0.0,"landformTypeZh":"混合县","donorBasin":1,"donorMountain":1,"donorPlateau":1,"labelEn":"Dujiangyan City","population10k":61,"intensity":9.13,"deathsMissing":3388,"deathMissingRatePer10k":56,"collapsedHousing":655265,"collapsedHousingPer10k":10742,"affectedResidentialSites":57,"affectedRoads":63,"threatenedRiverBlockages":9,"threatenedBridges":0,"threatenedReservoirs":5,"destroyedLandAreaKm2":1,"geologicalHazardRisk":1.27,"resettlementRatePer10k":7174,"compositeImpactIndex":0.491,"damageIndexName":"Dujiangyan","damageIndexLevelEn":"Extremely severely affected area","damageIndexSource":"damage index.xlsx","landformTypeEn":"Mixed landform county"}},{"type":"Feature","geometry":{"type":"Polygon","coordinates":[[[104.11924188000006,31.03209851000031],[104.11484910000001,31.019776740000054],[104.14090246000006,31.01382569000009],[104.16687468999999,30.99043695000006],[104.16433152000008,30.954225070000234],[104.15037245000008,30.943526890000044],[104.15024276000003,30.93176445000006],[104.14006813999998,30.92810976000021],[104.14750780000003,30.91540517000027],[104.0758838800001,30.918663030000175],[104.06480839999995,30.927499529999977],[104.06036374999991,30.952579610000157],[104.04504142000013,30.96734776000011],[104.00736629,30.94374403000006],[103.97479728999997,30.939339010000083],[103.96237660000008,30.930818390000127],[103.96042309000012,30.91993957000028],[103.95078090000004,30.918163100000015],[103.85892879,30.940520350000156],[103.82829527000001,30.930822890000172],[103.81946117000007,30.943146179999985],[103.79711711999994,30.945645660000025],[103.77737721000005,30.959678360000055],[103.78033636000009,30.98243445999998],[103.74798186000004,31.017286440000078],[103.75140170000003,31.031613480000146],[103.73787657000003,31.061959140000056],[103.72467194000012,31.07209777000014],[103.78273265000013,31.086008710000044],[103.76118644000013,31.090971369999977],[103.76139393000005,31.10438518999996],[103.74523833000006,31.117092190000108],[103.73275991000003,31.14810624000029],[103.73727644000013,31.166554659999917],[103.71846816000004,31.170687620000308],[103.69592946999995,31.18952359000002],[103.68168364000007,31.21514372000013],[103.69345757000008,31.245306089999985],[103.71893414000004,31.27013075000019],[103.72027667000009,31.28221948000015],[103.70643588999991,31.304291819999946],[103.70876285000008,31.320051820000288],[103.69265733999998,31.338961190000248],[103.69473216000006,31.35105768000011],[103.67689393000006,31.368928360000098],[103.67973264000011,31.37426940000006],[103.69860089000002,31.393401719999986],[103.73762093000005,31.401080659999934],[103.74800319000002,31.42137850000023],[103.78346727999997,31.436298840000177],[103.81099459000012,31.436031660000083],[103.82865041000008,31.413619710000035],[103.86481191000001,31.423892720000254],[103.8754444700001,31.417257450000307],[103.89245714999998,31.42232823000029],[103.90587574,31.38459131000002],[103.92620201999995,31.357527470000036],[103.89232607999998,31.3284378000003],[103.88985133,31.30751944000002],[103.93069729000013,31.268444230000057],[103.92384864000013,31.260703920000026],[103.93248498000008,31.24604817000011],[103.9278566800001,31.232417490000103],[103.94815009000001,31.217526040000052],[103.94625741000004,31.206011279999984],[103.96944972,31.209593080000047],[103.99932754999998,31.17978750000003],[104.00612326999999,31.180396540000004],[104.01260013000001,31.167805390000012],[104.00708783000005,31.155540050000013],[104.02046421,31.144939210000075],[104.02257379000008,31.125662340000076],[104.01491807000008,31.116941880000297],[104.02782566000013,31.113679339999976],[104.01746150000002,31.106213240000045],[104.02620241000011,31.105744970000046],[104.0413508900001,31.092926870000156],[104.04112490000006,31.08502272000021],[104.05510213000014,31.0803906700001],[104.05777687000011,31.06648975000013],[104.07627682999993,31.059739840000304],[104.08423863000002,31.03974259000023],[104.11924188000006,31.03209851000031]],[[104.10587220000014,31.033814249999978],[104.10463988999999,31.03421752000014],[104.10382376000013,31.03370151000007],[104.10437088000009,31.033275950000018],[104.10587220000014,31.033814249999978]]]},"properties":{"nameZh":"彭州市","nameEn":"Pengzhou City","code":"510182000000","severity":"extreme","severityZh":"极重灾区","severityEn":"Extremely affected","disasterTypeZh":"极重灾区","landformBasinShare":0.5215243472124206,"landformMountainShare":0.32815808045165845,"landformPlateauShare":0.15031757233592097,"settlementBasinShare":0.8459657701711492,"settlementMountainShare":0.1528117359413203,"settlementPlateauShare":0.0012224938875305623,"landformTypeZh":"混合县","donorBasin":1,"donorMountain":1,"donorPlateau":1,"labelEn":"Pengzhou City","population10k":78,"intensity":8.53,"deathsMissing":1131,"deathMissingRatePer10k":15,"collapsedHousing":622066,"collapsedHousingPer10k":7975,"affectedResidentialSites":257,"affectedRoads":45,"threatenedRiverBlockages":183,"threatenedBridges":0,"threatenedReservoirs":1,"destroyedLandAreaKm2":26,"geologicalHazardRisk":1.86,"resettlementRatePer10k":5754,"compositeImpactIndex":0.4333,"damageIndexName":"Pengzhou","damageIndexLevelEn":"Extremely severely affected area","damageIndexSource":"damage index.xlsx","landformTypeEn":"Mixed landform county"}},{"type":"Feature","geometry":{"type":"Polygon","coordinates":[[[103.70559053,30.437219110000115],[103.70273550000002,30.428346239999996],[103.74452629000012,30.379342100000258],[103.75329455000013,30.35698586000001],[103.73159877,30.336706280000215],[103.74286789000001,30.33445395000001],[103.74786785000003,30.34152950999993],[103.76607256000011,30.323118880000038],[103.7507242100001,30.321217170000068],[103.7486760000001,30.310092290000114],[103.72579109000003,30.31090052000002],[103.73469804000013,30.289036770000052],[103.71526986000009,30.285446509999986],[103.70312028000006,30.27169392000002],[103.68133495000001,30.27418497000008],[103.69041497000006,30.286351470000284],[103.68445648,30.29716615999996],[103.66076242000008,30.311338630000023],[103.65200472000004,30.309754950000297],[103.64668372,30.3189782500001],[103.63506973000005,30.315177100000028],[103.62270948999998,30.322991890000026],[103.60007311000004,30.323875489999978],[103.56677761999993,30.315709190000177],[103.55593673999999,30.320005289999983],[103.55843599000002,30.335671600000012],[103.55184795000008,30.34162219999996],[103.52432403000006,30.3383861100001],[103.51847412000006,30.330782830000203],[103.48665170999999,30.33588712000011],[103.48225019999995,30.32902110000009],[103.47327382000014,30.33609677000004],[103.43996429000009,30.32482938999999],[103.42302642000004,30.336234380000064],[103.40436973000004,30.3264451900003],[103.39778050000001,30.31482722000021],[103.37718759,30.315247000000113],[103.36641413000001,30.30384020000008],[103.33536294999993,30.294791140000086],[103.33902617000001,30.286130090000256],[103.33335720000008,30.279090340000266],[103.32705539000006,30.29176422000012],[103.32406052000005,30.275815350000016],[103.30649177999999,30.264296980000154],[103.27899550000006,30.266015650000043],[103.24382129999998,30.248250709999922],[103.23136564000004,30.216140660000235],[103.22143082000014,30.209510170000158],[103.21399473999998,30.211931140000274],[103.20497434000009,30.240359970000043],[103.19395743999996,30.239405929999975],[103.18072051000007,30.250924910000037],[103.14510091000005,30.20956203999998],[103.07467265000008,30.22279149000002],[103.06949130000004,30.263443700000266],[103.0597859400001,30.269293900000037],[103.06653842999998,30.29679162000008],[103.06175421000006,30.312372849999974],[103.07699931000008,30.327091889999963],[103.08902421000005,30.329000580000184],[103.12587101000003,30.36966781000001],[103.11419619000003,30.382501569999988],[103.11910369999998,30.39777898],[103.11392677999993,30.416414110000005],[103.12088514999994,30.42782376000008],[103.11622633000013,30.43698856000003],[103.12057938000004,30.44385194000006],[103.13928315000004,30.44235400000008],[103.12338818000012,30.455259160000082],[103.14445441999999,30.47711472000009],[103.16018702000002,30.475121880000245],[103.18354806000008,30.51255907000001],[103.17782545999995,30.525981489999992],[103.18885847999996,30.530811970000002],[103.19752345999996,30.521870250000006],[103.20853036999995,30.522923120000087],[103.21496971000005,30.508244520000062],[103.23601966000001,30.510619819999988],[103.24940769,30.50337341000028],[103.26951509000014,30.52300867000025],[103.29952991000005,30.512772700000085],[103.29731727000012,30.54290293000014],[103.33288055000008,30.543624560000183],[103.34719494000001,30.555964180000103],[103.36969442999998,30.54183432000002],[103.37918443000001,30.548863299999994],[103.39769261000004,30.546926900000017],[103.44555539999999,30.512085470000272],[103.45813985000012,30.48514344000023],[103.47512891999997,30.478422430000307],[103.48524520000001,30.49000637000006],[103.51414967000005,30.479581000000053],[103.52747275000002,30.454646319999995],[103.55225757000005,30.444800439999995],[103.55381578000004,30.431972169999938],[103.56276498000011,30.43772259000002],[103.57513057000006,30.429923020000047],[103.62346698999994,30.430792300000007],[103.62655631000013,30.444702660000075],[103.61684481000003,30.453441699999985],[103.62591561000005,30.464434720000042],[103.63389513999999,30.461933950000287],[103.65102238999998,30.473755309999945],[103.69644152000006,30.45471323000004],[103.70559053,30.437219110000115]]]},"properties":{"nameZh":"邛崃市","nameEn":"邛崃市","code":"510183000000","severity":"general","severityZh":"一般灾区","severityEn":"Generally affected","disasterTypeZh":"一般灾区","landformBasinShare":0.7228300510576222,"landformMountainShare":0.27716994894237784,"landformPlateauShare":0.0,"settlementBasinShare":0.9122994652406418,"settlementMountainShare":0.0877005347593583,"settlementPlateauShare":0.0,"landformTypeZh":"盆地县","donorBasin":1,"donorMountain":0,"donorPlateau":0,"labelEn":"","landformTypeEn":"Basin county"}},{"type":"Feature","geometry":{"type":"Polygon","coordinates":[[[103.43060043000003,30.880611299999998],[103.46831615000008,30.870334060000175],[103.4764936900001,30.857806490000144],[103.49518138000002,30.858784710000066],[103.50209472000006,30.845614710000007],[103.53956998000012,30.838698380000267],[103.54704661000005,30.822097900000017],[103.5591904900001,30.826310960000285],[103.59129273000008,30.813226269999973],[103.60829009999992,30.791959650000024],[103.60190199000004,30.775014130000216],[103.60929920000012,30.764622359999976],[103.67923518999999,30.776886990000094],[103.70203153,30.76929438000019],[103.71435862999999,30.751339719999976],[103.72778605000002,30.75209619000003],[103.73336225000008,30.73421549000011],[103.75086224999995,30.718794070000115],[103.76173712000002,30.662783260000083],[103.81871015000007,30.576386920000232],[103.81210089000001,30.54030608000005],[103.81816306000013,30.528983820000064],[103.79432263000001,30.52421832999994],[103.78622344000013,30.515626500000167],[103.79607627000001,30.503025310000055],[103.76255820000011,30.504290519999927],[103.74727459999997,30.539119959999937],[103.71617167000005,30.56452022999997],[103.67215527000002,30.54951832000006],[103.63008432999999,30.512556449999977],[103.63261293,30.52877011999999],[103.62634823999997,30.530213750000257],[103.62331856000014,30.54715476000024],[103.60006874000004,30.534787160000292],[103.56185583000001,30.537138340000126],[103.55698834999998,30.547454220000134],[103.56366436000008,30.55729432000021],[103.55548583000001,30.575630939999996],[103.56767631000002,30.59965340000008],[103.56156181000006,30.602791770000238],[103.56299974000001,30.62688338000015],[103.55179256999998,30.64888946000019],[103.55257790000013,30.67529638999997],[103.51963617000013,30.70511181000029],[103.50674265000004,30.702378690000103],[103.49708210000006,30.715505619999988],[103.46833736000008,30.726020720000122],[103.46000414999997,30.719703570000036],[103.44574260000002,30.725362319999988],[103.43325930000009,30.721486700000128],[103.41122701000006,30.73794975000021],[103.38293420000014,30.72719247000009],[103.36121882000003,30.739455190000058],[103.3394586500001,30.723878200000115],[103.33578835000014,30.71160297],[103.31390323,30.734025710000083],[103.29343867,30.71752686000025],[103.27140613000006,30.718674120000117],[103.25712399000003,30.74315696000008],[103.24762636000003,30.744605950000278],[103.23802933000002,30.758999930000186],[103.19583395000001,30.736193680000213],[103.16913902999994,30.744826289999992],[103.12020746000002,30.78172274999997],[103.1181411600001,30.796373099999983],[103.12662408,30.79731440000006],[103.13819875000002,30.818790410000133],[103.17350819,30.84935400000012],[103.22794971000002,30.838906840000107],[103.25625382999993,30.844904360000214],[103.30307341000014,30.812987210000074],[103.33541352000003,30.827088150000293],[103.35225234000012,30.853222640000126],[103.38144335000004,30.865367320000075],[103.40710069000005,30.86725705000015],[103.43060043000003,30.880611299999998]]]},"properties":{"nameZh":"崇州市","nameEn":"Chongzhou City","code":"510184000000","severity":"severe","severityZh":"重灾区","severityEn":"Severely affected","disasterTypeZh":"重灾区","landformBasinShare":0.6020128087831657,"landformMountainShare":0.38151875571820676,"landformPlateauShare":0.01646843549862763,"settlementBasinShare":0.9457831325301205,"settlementMountainShare":0.05421686746987952,"settlementPlateauShare":0.0,"landformTypeZh":"盆地县","donorBasin":1,"donorMountain":1,"donorPlateau":1,"labelEn":"Chongzhou City","population10k":67,"intensity":7.41,"deathsMissing":80,"deathMissingRatePer10k":1,"collapsedHousing":141205,"collapsedHousingPer10k":2108,"affectedResidentialSites":90,"affectedRoads":64,"threatenedRiverBlockages":43,"threatenedBridges":1,"threatenedReservoirs":0,"destroyedLandAreaKm2":5,"geologicalHazardRisk":0.61,"resettlementRatePer10k":1151,"compositeImpactIndex":0.2195,"damageIndexName":"Congzhou","damageIndexLevelEn":"Severely affected area","damageIndexSource":"damage index.xlsx","landformTypeEn":"Basin county"}},{"type":"Feature","geometry":{"type":"MultiPolygon","coordinates":[[[[104.87299588000002,30.511820880000016],[104.86745817999991,30.428577850000124],[104.87718144999991,30.411223680000262],[104.87141857000006,30.39176863000006],[104.87600169000001,30.3884668500001],[104.87901282000013,30.39641006000005],[104.89484421999992,30.380559940000296],[104.88184303000014,30.374796980000042],[104.87830154000005,30.363692970000216],[104.85921501000001,30.36801506000006],[104.84978000000007,30.347642399999984],[104.83083991000007,30.36369514000023],[104.84774871000002,30.341713800000093],[104.84607388,30.309628819999944],[104.82352216999993,30.306388780000304],[104.82011913999992,30.296284400000218],[104.80451999000013,30.299584800000275],[104.79398089999995,30.281737340000063],[104.78496952000006,30.297474210000246],[104.77127910000013,30.30460364000021],[104.75066957000001,30.304092400000002],[104.73583272000002,30.29295795000013],[104.72509373000003,30.29698843],[104.72034499000006,30.311046299999987],[104.70131588999993,30.304363290000026],[104.68787756000006,30.277553210000065],[104.6615934300001,30.279304590000038],[104.64557876000003,30.288838750000195],[104.63511038000001,30.27368264000029],[104.65030939000007,30.254083290000267],[104.65065685000008,30.243023379999954],[104.59726691999998,30.24732286000028],[104.59775351000013,30.22328413000008],[104.5707599000001,30.209006390000013],[104.56123905999993,30.196232430000236],[104.53915513000004,30.187032019999947],[104.52788324,30.197357710000063],[104.51242389000004,30.185723970000083],[104.50340786999993,30.185820300000273],[104.49842190000004,30.19442507000008],[104.48456771000002,30.187457089999953],[104.48593955000001,30.161890700000242],[104.46986220999992,30.162562079999987],[104.46303894000005,30.149115450000124],[104.45358524,30.148400839999965],[104.44626665000004,30.13720042000017],[104.45515648000014,30.12320161000008],[104.43274144000003,30.112097059999996],[104.44757740000011,30.103663180000126],[104.43555397000006,30.104089350000038],[104.43163921999997,30.09247646],[104.41293848000004,30.10237660000007],[104.41766123000002,30.106960899999933],[104.40746858000006,30.12798398000001],[104.39364796000001,30.12782843000008],[104.38539137000004,30.135843960000216],[104.38373317000014,30.164324650000196],[104.35112638999999,30.18178095999997],[104.36195131,30.18852610999994],[104.32621293000011,30.206736739999997],[104.30839186999998,30.203478370000084],[104.27986917000004,30.223546909999982],[104.2701744200001,30.220511780000038],[104.26217198000006,30.244266130000312],[104.23071698999996,30.254006510000124],[104.24101072000008,30.270110780000152],[104.22818762999998,30.28382154000002],[104.23208782000006,30.31388306000025],[104.21070171000002,30.323134080000045],[104.1991918,30.31918024999993],[104.18927042000013,30.332607269999983],[104.19538937999994,30.356125380000037],[104.21582264000006,30.377960430000144],[104.21572680999992,30.394553440000095],[104.22550011999999,30.399870880000094],[104.22677514999998,30.41528489000001],[104.24724156000013,30.423273140000163],[104.24586971999997,30.430256620000307],[104.26689215999994,30.458464990000152],[104.24344888000002,30.46299782],[104.25795191000009,30.471551790000262],[104.25184191000011,30.479416510000306],[104.25615572999999,30.485893690000125],[104.27510315000006,30.49180219999994],[104.29245380000003,30.507527730000277],[104.31223586000004,30.49465081000011],[104.3273846300001,30.494556090000287],[104.33023029000015,30.509462370000108],[104.32087228,30.512639360000264],[104.32404945999997,30.519180320000032],[104.34016929000006,30.50143505000011],[104.33858030000005,30.483385980000094],[104.35849507000006,30.485258639999984],[104.36451076000003,30.49231920000011],[104.38986060999997,30.48927616000003],[104.39311561,30.50675508000012],[104.41310976,30.521527750000075],[104.39592898000006,30.534075120000182],[104.40512254999993,30.565307050000058],[104.3994973500001,30.580605950000063],[104.40501909000011,30.596639620000303],[104.4907727000001,30.596707820000063],[104.52404445000002,30.617488040000296],[104.52269884000003,30.62612588000019],[104.5310790100001,30.627321629999983],[104.52717905999998,30.63281624000024],[104.53652631999995,30.627778949999993],[104.54532589000013,30.63773075000006],[104.56317242000006,30.6306035100003],[104.57419561000012,30.646331030000056],[104.58331726000006,30.63276047000005],[104.59506958000009,30.63634618000009],[104.6088374900001,30.621095480000008],[104.62141914999995,30.622687590000282],[104.62552040000003,30.61626859000029],[104.63493602999995,30.621070210000028],[104.65263905000012,30.608298030000185],[104.67028634000008,30.6120543400001],[104.69813583000007,30.599517820000244],[104.68409993000012,30.58091703000025],[104.68291861000006,30.56017756],[104.72462189000004,30.54172208999995],[104.72932699,30.517053230000045],[104.7566778200001,30.507771269999978],[104.76695966000011,30.49410964000009],[104.76280744000013,30.486887950000153],[104.80439448000004,30.493990550000206],[104.80366622000003,30.507156550000104],[104.81040304999999,30.51194397000029],[104.87299588000002,30.511820880000016]],[[104.23139393000002,30.28364165000005],[104.23088469999999,30.284835230000056],[104.22966328000001,30.283935540000016],[104.22975531999998,30.283864610000023],[104.23139393000002,30.28364165000005]]],[[[104.46952185999999,30.152334320000023],[104.46897854999997,30.152521860000263],[104.46952383000001,30.15296532000019],[104.46956295000001,30.152442430000065],[104.46952185999999,30.152334320000023]]],[[[104.46767842000008,30.153270399999997],[104.46870285000011,30.1533261200002],[104.46858764999996,30.15160683000005],[104.46681340000009,30.15281413000008],[104.46767842000008,30.153270399999997]]]]},"properties":{"nameZh":"简阳市","nameEn":"简阳市","code":"510185000000","severity":"general","severityZh":"一般灾区","severityEn":"Generally affected","disasterTypeZh":"一般灾区","landformBasinShare":1.0,"landformMountainShare":0.0,"landformPlateauShare":0.0,"settlementBasinShare":1.0,"settlementMountainShare":0.0,"settlementPlateauShare":0.0,"landformTypeZh":"盆地县","donorBasin":1,"donorMountain":0,"donorPlateau":0,"labelEn":"","landformTypeEn":"Basin county"}},{"type":"Feature","geometry":{"type":"MultiPolygon","coordinates":[[[[101.80167516,26.605488420000142],[101.79062450999999,26.571386909999944],[101.79303826,26.528472389999934],[101.78150173000012,26.52155965999998],[101.76298874000008,26.52275909000008],[101.72945515999999,26.553580409999938],[101.71909094000006,26.53867580000025],[101.70942427999995,26.536680089999948],[101.69856992000001,26.552616310000303],[101.67430464000012,26.558077890000106],[101.66160857,26.56985904000021],[101.6604078900001,26.60527406],[101.66886303999996,26.607622289999938],[101.67060809999998,26.622655399999985],[101.68973097999998,26.626111000000094],[101.73067113000008,26.662618210000005],[101.79777682000002,26.65020970000006],[101.80677036000009,26.663229170000307],[101.81844589000013,26.66515931999993],[101.82421008000011,26.64501824000024],[101.7995484700001,26.614953930000127],[101.80167516,26.605488420000142]]],[[[101.72296491999998,26.683337849999987],[101.72231051,26.68267146000011],[101.72180694000008,26.68335796000008],[101.72266417999998,26.68347712999997],[101.72296491999998,26.683337849999987]]],[[[101.72030231999992,26.683718470000258],[101.72145429000005,26.682437300000288],[101.72045825000004,26.681393280000236],[101.71869991000005,26.683490150000182],[101.72030231999992,26.683718470000258]]]]},"properties":{"nameZh":"东区","nameEn":"东区","code":"510402000000","severity":"unaffected","severityZh":"???","severityEn":"Unaffected","disasterTypeZh":"未受灾","landformBasinShare":0.0,"landformMountainShare":1.0,"landformPlateauShare":0.0,"settlementBasinShare":0.0,"settlementMountainShare":1.0,"settlementPlateauShare":0.0,"landformTypeZh":"中山县","donorBasin":0,"donorMountain":1,"donorPlateau":0,"labelEn":"","landformTypeEn":"Mountain county"}},{"type":"Feature","geometry":{"type":"Polygon","coordinates":[[[101.6604078900001,26.60527406],[101.65956612000008,26.58580523000012],[101.6360984800001,26.5687595],[101.62450397999999,26.575919569999996],[101.61785142000008,26.592119459999935],[101.59403509000003,26.586890390000008],[101.57511833999996,26.59664970999995],[101.53231103000013,26.590616330000103],[101.52108488999994,26.601409579999995],[101.49834781000004,26.592621829999928],[101.47822694000001,26.563302169999986],[101.47275535000011,26.541016820000152],[101.46259326,26.537030369999968],[101.45398871000003,26.543300240000065],[101.47470677000007,26.583268359999977],[101.45970158161066,26.60995045724843],[101.46426780000002,26.6298576100001],[101.45934553943164,26.64418439029913],[101.47954644999993,26.676722260000133],[101.52350343000006,26.661102810000045],[101.53612492000002,26.64177774000018],[101.57181632999999,26.63936031999998],[101.58067850999993,26.63170775000026],[101.62195316999998,26.63285566000002],[101.64114519000003,26.644934089999992],[101.63846303000003,26.628794150000033],[101.66107604999996,26.62295654000002],[101.6604078900001,26.60527406]]]},"properties":{"nameZh":"西区","nameEn":"西区","code":"510403000000","severity":"unaffected","severityZh":"???","severityEn":"Unaffected","disasterTypeZh":"未受灾","landformBasinShare":0.061068702290076333,"landformMountainShare":0.9389312977099237,"landformPlateauShare":0.0,"settlementBasinShare":0.06521739130434782,"settlementMountainShare":0.9347826086956522,"settlementPlateauShare":0.0,"landformTypeZh":"中山县","donorBasin":0,"donorMountain":1,"donorPlateau":0,"labelEn":"","landformTypeEn":"Mountain county"}},{"type":"Feature","geometry":{"type":"MultiPolygon","coordinates":[[[[101.65956612000008,26.58580523000012],[101.66507829,26.583079440000006],[101.66560382999995,26.565220760000102],[101.69645637000008,26.55404303000023],[101.70942427999995,26.536680089999948],[101.71909094000006,26.53867580000025],[101.72945515999999,26.553580409999938],[101.7714312,26.520148290000066],[101.79190122000011,26.52599019000013],[101.79487783000002,26.592897170000185],[101.80167516,26.605488420000142],[101.81607723000008,26.602648439999996],[101.85180663000011,26.572316530000137],[101.84919450000001,26.556244500000105],[101.87274567999998,26.450722440000163],[101.89542964999993,26.448273860000086],[101.90234598000006,26.42619479000001],[101.92997440000005,26.422507090000067],[101.93770942000003,26.414465679999978],[101.92624293,26.36592914000005],[101.93380444000002,26.32653910000016],[101.92327429000005,26.305215739999937],[101.9204183,26.273917080000047],[101.90034056000002,26.24568229000016],[101.89892464000013,26.224865200000067],[101.90920946,26.211356550000062],[101.90820190999995,26.198774309999976],[101.8709545000001,26.185023370000124],[101.83764587999997,26.16206502],[101.84322623999998,26.14288078000004],[101.83048941000004,26.118322230000217],[101.83968024000006,26.105037400000242],[101.83850808000005,26.085836299999926],[101.81804691000013,26.09050521000006],[101.79502632000003,26.118185270000254],[101.79576393000013,26.14563140000007],[101.80664196000009,26.163114450000137],[101.77160492999997,26.171667869999965],[101.77604111,26.183512340000163],[101.76590171000004,26.179150350000214],[101.73529241999995,26.22272865000025],[101.70349398000008,26.22786663000028],[101.69095018999997,26.24552130999996],[101.6701425,26.235381210000128],[101.64853620999997,26.23783155000001],[101.63088094000005,26.227831850000257],[101.61190371999999,26.258305160000077],[101.59304114000003,26.265150870000014],[101.5958631100001,26.27887455000007],[101.58403883,26.28608402000026],[101.59606228415532,26.3070921746629],[101.6142473160001,26.31641901200021],[101.64820468700003,26.308532265000167],[101.6596110700001,26.312962030000165],[101.63847390000001,26.32376668000029],[101.64987998900006,26.33081328700024],[101.65914189,26.35044176000008],[101.62908141000003,26.364834690000066],[101.63532261000006,26.398690339999973],[101.61760618000005,26.400301640000066],[101.61881272000005,26.41231317000006],[101.58673924999994,26.429527979999932],[101.56424696000005,26.45820662000017],[101.52667142000001,26.47213239000024],[101.50627212000006,26.50290148000022],[101.4570012800001,26.4988510500001],[101.43804067999997,26.516042270000185],[101.44353594000012,26.531754430000092],[101.43773736999992,26.54137225000005],[101.42113904000007,26.53507562000027],[101.41309984999998,26.54184600000019],[101.41361867000006,26.55424264000004],[101.39944393000002,26.544135930000095],[101.40479162999998,26.559735180000075],[101.39314209999998,26.563167520000036],[101.39845512099998,26.608474531000013],[101.4503344860002,26.604422565000334],[101.45970158161066,26.60995045724843],[101.46753953000001,26.604427660000113],[101.47389750000008,26.57936856000009],[101.45398871000003,26.543300240000065],[101.46259326,26.537030369999968],[101.47275535000011,26.541016820000152],[101.47822694000001,26.563302169999986],[101.49834781000004,26.592621829999928],[101.52108488999994,26.601409579999995],[101.53231103000013,26.590616330000103],[101.57511833999996,26.59664970999995],[101.59403509000003,26.586890390000008],[101.61785142000008,26.592119459999935],[101.62450397999999,26.575919569999996],[101.6360984800001,26.5687595],[101.65956612000008,26.58580523000012]]],[[[101.78113513999995,26.654302060000077],[101.77012774000013,26.650946220000264],[101.75859029999992,26.661010910000073],[101.73067113000008,26.662618210000005],[101.68973097999998,26.626111000000094],[101.67275173000002,26.62533952000001],[101.66886303999996,26.607622289999938],[101.6604078900001,26.60527406],[101.66107604999996,26.62295654000002],[101.63846303000003,26.628794150000033],[101.64114519000003,26.644934089999992],[101.62711812999993,26.634063999999967],[101.58550479000013,26.631305580000003],[101.57181632999999,26.63936031999998],[101.53612492000002,26.64177774000018],[101.52350343000006,26.661102810000045],[101.48012724000006,26.67634290999996],[101.45116839000013,26.698812080000152],[101.4710997740001,26.724927972000216],[101.49730700400005,26.73580742799993],[101.50492838000008,26.747343630000046],[101.52282677000005,26.748933390000104],[101.52331300000009,26.75665716000003],[101.55035193999998,26.764127480000127],[101.56632267999998,26.784394050000117],[101.57732068999996,26.76533494000023],[101.61182305000005,26.734605040000304],[101.64510316999997,26.7218543300001],[101.66591015000012,26.701923190000002],[101.66940081000007,26.679911530000027],[101.67812463999996,26.672800750000192],[101.70362030000007,26.707560539999918],[101.71248334000012,26.73433625000007],[101.7252355600001,26.732995700000004],[101.73047039,26.75554321000004],[101.7426855600001,26.758899390000295],[101.75220883000003,26.73497657000013],[101.78264265000001,26.714030250000008],[101.79759521000011,26.691366400000106],[101.78321885000008,26.671498100000235],[101.78113513999995,26.654302060000077]],[[101.72296491999998,26.683337849999987],[101.72266417999998,26.68347712999997],[101.72180694000008,26.68335796000008],[101.72231051,26.68267146000011],[101.72296491999998,26.683337849999987]],[[101.72030231999992,26.683718470000258],[101.71869991000005,26.683490150000182],[101.72045825000004,26.681393280000236],[101.72145429000005,26.682437300000288],[101.72030231999992,26.683718470000258]]]]},"properties":{"nameZh":"仁和区","nameEn":"仁和区","code":"510411000000","severity":"unaffected","severityZh":"???","severityEn":"Unaffected","disasterTypeZh":"未受灾","landformBasinShare":0.0035067212156633548,"landformMountainShare":0.9964932787843367,"landformPlateauShare":0.0,"settlementBasinShare":0.001834862385321101,"settlementMountainShare":0.998165137614679,"settlementPlateauShare":0.0,"landformTypeZh":"中山县","donorBasin":0,"donorMountain":1,"donorPlateau":0,"labelEn":"","landformTypeEn":"Mountain county"}},{"type":"Feature","geometry":{"type":"Polygon","coordinates":[[[102.23928039999998,27.11008240000001],[102.24589856000011,27.100103520000005],[102.23589893000013,27.086549400000308],[102.23672415000004,27.065393490000076],[102.21572754000005,27.04660368000009],[102.22887835000012,27.00543385000003],[102.21220562999997,26.962035100000094],[102.22763879000007,26.94869892000014],[102.22787331000012,26.93960621000008],[102.22327352000002,26.925563570000293],[102.20875103999992,26.923198609999986],[102.20384751000012,26.913904730000013],[102.21260544,26.890853420000212],[102.20901341999996,26.86008860000004],[102.20019459000002,26.84570928000028],[102.21496031999999,26.818682690000173],[102.19116661000004,26.82396986000009],[102.18798198000013,26.813330800000017],[102.17228776000007,26.815792540000132],[102.17261685,26.805833500000176],[102.18855482000009,26.794475220000095],[102.17308676999994,26.77959444000021],[102.19227977000008,26.76632459000001],[102.18828650000012,26.753054750000047],[102.19412022999995,26.748089140000047],[102.17352134000004,26.729602070000055],[102.17432901000006,26.704739420000294],[102.15594434000002,26.69581327999998],[102.15245491999997,26.681553039999926],[102.13017056999996,26.674640479999994],[102.13063944000004,26.641122740000128],[102.11299080000015,26.6374628600002],[102.08282219000012,26.657894340000155],[102.06684837000006,26.659437899999944],[102.07177978000004,26.674284320000197],[102.05299273000008,26.693691810000132],[102.06070927000013,26.724963610000145],[102.04560355000012,26.740917220000142],[102.03483986000003,26.716858570000284],[102.00500375999997,26.719962750000263],[101.99820719000002,26.699975820000134],[101.9772953100001,26.71053394000012],[101.9777630800001,26.74049630000013],[101.96927364000004,26.738149070000077],[101.95880569000008,26.71382189000002],[101.92844296999999,26.70479767000012],[101.91233268999997,26.70822098000008],[101.91133438999998,26.72709485000007],[101.86005179,26.72786642000017],[101.83744729000006,26.74865520000003],[101.83278575999998,26.767192050000233],[101.81845381000005,26.768886010000074],[101.8120822300001,26.79685235000011],[101.77114146999998,26.8277011400001],[101.7278913400001,26.840716810000004],[101.70591075000004,26.877288080000085],[101.69993797000006,26.90564145000002],[101.70383508000009,26.933320410000306],[101.6973239400001,26.9479492400003],[101.77114032000009,26.994896110000127],[101.77228608000001,27.013717290000272],[101.80254741000005,27.054653940000037],[101.80944719000001,27.097425300000282],[101.83162636999998,27.126188730000024],[101.87232817000006,27.136302639999997],[101.87804023999996,27.17346561000022],[101.86672186999999,27.175732630000198],[101.86156524,27.18638395000005],[101.87682501999996,27.19347239000001],[101.88148637,27.21362441000008],[101.87640841999996,27.22874434000005],[101.88488031999998,27.240970300000185],[101.88483775000003,27.259193119999964],[101.89536686000008,27.27072719000006],[101.89954121999995,27.255609080000113],[101.91256108000005,27.24413345000005],[101.9009476,27.224235399999998],[101.91295975999998,27.216786720000073],[101.90705729000013,27.196285300000227],[101.9207798000001,27.184290060000194],[101.9395631800001,27.148754429999997],[101.92587487999992,27.14075419000011],[101.93805177000007,27.106964160000302],[101.97462138000003,27.125869990000126],[101.99237221000004,27.11867174000014],[101.99868239000006,27.100367600000197],[102.01230188000005,27.103523600000017],[102.02432644000004,27.096848800000203],[102.03619113000008,27.078357640000206],[102.0645088500001,27.1068449400002],[102.08458076999995,27.14976174000003],[102.11309805000013,27.162682050000058],[102.1209553000001,27.175163380000185],[102.1407473000001,27.17677436000008],[102.15484539000005,27.18654059000005],[102.16376923999997,27.18184218000016],[102.17658883000001,27.138592580000136],[102.20181387000008,27.134833270000115],[102.21181223000008,27.117753780000044],[102.23928039999998,27.11008240000001]],[[102.15460945000007,26.85112526000023],[102.1587727800001,26.857471710000254],[102.15101303,26.86251492000025],[102.14801363999999,26.85711972000007],[102.15460945000007,26.85112526000023]]]},"properties":{"nameZh":"米易县","nameEn":"米易县","code":"510421000000","severity":"unaffected","severityZh":"???","severityEn":"Unaffected","disasterTypeZh":"未受灾","landformBasinShare":0.05771050141911069,"landformMountainShare":0.9422894985808893,"landformPlateauShare":0.0,"settlementBasinShare":0.17269076305220885,"settlementMountainShare":0.8273092369477911,"settlementPlateauShare":0.0,"landformTypeZh":"中山县","donorBasin":0,"donorMountain":1,"donorPlateau":0,"labelEn":"","landformTypeEn":"Mountain county"}},{"type":"Feature","geometry":{"type":"Polygon","coordinates":[[[101.81592377999999,27.105318890000035],[101.80797199,27.094204570000045],[101.80254741000005,27.054653940000037],[101.77228608000001,27.013717290000272],[101.77114032000009,26.994896110000127],[101.6973239400001,26.9479492400003],[101.70383508000009,26.933320410000306],[101.69993797000006,26.90564145000002],[101.70591075000004,26.877288080000085],[101.7278913400001,26.840716810000004],[101.77114146999998,26.8277011400001],[101.8120822300001,26.79685235000011],[101.81845381000005,26.768886010000074],[101.83278575999998,26.767192050000233],[101.83744729000006,26.74865520000003],[101.86005179,26.72786642000017],[101.91133438999998,26.72709485000007],[101.91917366000007,26.639218889999995],[101.93742824000003,26.643109470000013],[101.94515242,26.711383750000266],[101.95880569000008,26.71382189000002],[101.96927364000004,26.738149070000077],[101.98048027000004,26.739457519999974],[101.97601884,26.713502490000053],[101.9959300700001,26.702438710000024],[101.98719676000013,26.662061730000175],[101.99403433000009,26.653850780000255],[101.9822201400001,26.641167460000304],[101.99946617000012,26.63780046000005],[102.00955861000006,26.602023680000002],[102.03255839000008,26.59474405000003],[102.03275959000001,26.53985166000001],[102.05141554,26.505662570000027],[102.03175319000007,26.474190130000125],[102.02739580000014,26.43442900000008],[102.02027767000004,26.425973790000228],[101.99350554,26.434965900000122],[101.97645709000005,26.461639010000113],[101.94310753000008,26.454223970000157],[101.92763990999998,26.42320530000012],[101.90482842000011,26.42491898999998],[101.89542964999993,26.448273860000086],[101.87274567999998,26.450722440000163],[101.84919450000001,26.556244500000105],[101.85080843000014,26.574934280000207],[101.7999394200001,26.610111080000024],[101.82421008000011,26.64501824000024],[101.81844589000013,26.66515931999993],[101.80677036000009,26.663229170000307],[101.80086812000002,26.65061169000012],[101.78113513999995,26.654302060000077],[101.78321885000008,26.671498100000235],[101.79759521000011,26.691366400000106],[101.78264265000001,26.714030250000008],[101.75220883000003,26.73497657000013],[101.7426855600001,26.758899390000295],[101.73047039,26.75554321000004],[101.7252355600001,26.732995700000004],[101.71248334000012,26.73433625000007],[101.70362030000007,26.707560539999918],[101.67812463999996,26.672800750000192],[101.66940081000007,26.679911530000027],[101.66591015000012,26.701923190000002],[101.64510316999997,26.7218543300001],[101.61182305000005,26.734605040000304],[101.57732068999996,26.76533494000023],[101.56632267999998,26.784394050000117],[101.55035193999998,26.764127480000127],[101.52331300000009,26.75665716000003],[101.52282677000005,26.748933390000104],[101.50492838000008,26.747343630000046],[101.49860004696768,26.739822123165595],[101.49056182994008,26.749974457060205],[101.49681266000005,26.759961295000153],[101.50904236100018,26.75800103200004],[101.51103929999994,26.773274650000076],[101.45887676000001,26.790018750000115],[101.44416227600004,26.777641360000075],[101.4573922560001,26.75081276200018],[101.45534392000008,26.733191230000216],[101.43243388000008,26.74406880999993],[101.42154786000015,26.738545279999983],[101.41806661000004,26.726651870000012],[101.3891056700001,26.725955779999993],[101.38698747000001,26.756296050000003],[101.3769776800001,26.753341930000033],[101.36599703999997,26.76989302000004],[101.35554487000007,26.77266394999998],[101.37808101299998,26.78983135700014],[101.37905357000011,26.79835159999999],[101.37021594699797,26.803755036186317],[101.39787480000001,26.843786599999987],[101.36364448,26.887057830000003],[101.32433000999998,26.890622700000108],[101.30990264999997,26.906373530000224],[101.28848936999998,26.89954264000005],[101.26619882000006,26.906532430000027],[101.2540123,26.92744438000011],[101.26290881999995,26.959036620000177],[101.23134890000011,26.957356780000282],[101.22509033000006,26.96420452000001],[101.22406606000004,26.9890915000002],[101.13490909000001,27.026882080000064],[101.14264457081168,27.073965110165943],[101.15552077999996,27.096864970000297],[101.14317714477153,27.10957336946086],[101.16647366413366,27.168579161553453],[101.19587637000001,27.186638930000015],[101.23232443,27.180448090000084],[101.27815439,27.200844040000106],[101.29218110000005,27.19300098000008],[101.31395974999992,27.20091914000011],[101.33128663000002,27.183312629999932],[101.35440298000009,27.187431170000025],[101.39246460000004,27.148499600000036],[101.41116605000002,27.16348582000012],[101.41334933000002,27.1795788200003],[101.42519154000001,27.194065120000005],[101.4179235200001,27.219846899999993],[101.4665807400001,27.2420279400003],[101.49415954000006,27.231459940000207],[101.51308282000008,27.2332868700002],[101.52288307000009,27.27487539000009],[101.5418405900001,27.284286440000187],[101.57988449999999,27.32828945],[101.57971913,27.336006950000126],[101.59699121,27.34404067000014],[101.63269264000002,27.344726980000075],[101.63249234,27.33078569000014],[101.64463597000002,27.327058970000166],[101.64413316000002,27.316709720000063],[101.65778670999993,27.317110610000213],[101.66322069999995,27.292431270000122],[101.65235191000005,27.259818350000046],[101.64168440000009,27.24869695999996],[101.64983458000012,27.227976150000075],[101.64359411999999,27.21577965000006],[101.68046748,27.153925410000284],[101.70892270000002,27.132013820000054],[101.7428831100001,27.128290880000065],[101.75711071000012,27.13668236000018],[101.76824882000011,27.134633730000132],[101.81592377999999,27.105318890000035]]]},"properties":{"nameZh":"盐边县","nameEn":"盐边县","code":"510422000000","severity":"unaffected","severityZh":"???","severityEn":"Unaffected","disasterTypeZh":"未受灾","landformBasinShare":0.0,"landformMountainShare":0.9443761524277812,"landformPlateauShare":0.055623847572218804,"settlementBasinShare":0.0,"settlementMountainShare":0.9976359338061466,"settlementPlateauShare":0.002364066193853428,"landformTypeZh":"中山县","donorBasin":0,"donorMountain":1,"donorPlateau":0,"labelEn":"","landformTypeEn":"Mountain county"}},{"type":"Feature","geometry":{"type":"Polygon","coordinates":[[[105.33409503999997,28.936897510000108],[105.34216771000001,28.95029604000007],[105.35656989000006,28.950198010000122],[105.35822851,28.932313590000263],[105.37696311000008,28.928470060000222],[105.37164164000012,28.914214430000015],[105.4100946800001,28.900903340000184],[105.40435565000007,28.89097679000008],[105.41523489999997,28.884453150000127],[105.4296381900001,28.886510840000028],[105.45790708999999,28.911373110000113],[105.46848970000002,28.911339200000157],[105.4884481900001,28.88333379000005],[105.51140809999998,28.87187685000015],[105.56054401,28.900911010000073],[105.56362461000015,28.910211230000073],[105.54554564999995,28.94443616000018],[105.56266109,28.959206450000124],[105.58138183,28.961911970000187],[105.59756884000012,28.953934790000062],[105.62009233000015,28.928389300000106],[105.64208611000004,28.922202100000106],[105.64325837000001,28.90243250000003],[105.62224454000005,28.87269790000005],[105.64125404000009,28.84856658000001],[105.66057526000003,28.849663210000188],[105.66005495000013,28.843710600000065],[105.67192077999994,28.841270729999962],[105.66178233000005,28.826522880000084],[105.65914375000006,28.83623281000024],[105.65122714999995,28.83771438000025],[105.65435216000009,28.818988269999977],[105.63963039000004,28.819636310000135],[105.6254487000001,28.796477789999983],[105.60000948000004,28.792468710000094],[105.62855554999993,28.77940769999998],[105.61635251000013,28.75801767000013],[105.6199201600001,28.749453890000154],[105.61354028999995,28.747655890000033],[105.60585903999998,28.749220810000224],[105.60602374000013,28.77031468000007],[105.59115608000008,28.773359340000297],[105.59078345,28.788245070000016],[105.58044575999998,28.791437830000064],[105.56329620999998,28.77956380000029],[105.55472965000013,28.794015469999977],[105.53099068000006,28.79919566999996],[105.53001900999993,28.808931320000113],[105.52087845000005,28.810439900000233],[105.52528868000007,28.817631750000032],[105.5074247500001,28.813364190000073],[105.50292824000002,28.82269313000012],[105.48479414000008,28.81744375000011],[105.48007202000002,28.797727930000065],[105.48641806,28.78669122000008],[105.47260521000004,28.785888980000152],[105.43655853000001,28.813647290000233],[105.42901391999999,28.810905890000242],[105.43290372000013,28.81714499000026],[105.42352690000001,28.826869680000016],[105.41069467,28.826227589999974],[105.40932298000001,28.845367900000042],[105.38813757000003,28.838877630000013],[105.38632303000003,28.823317850000308],[105.37642612000002,28.820111320000024],[105.37347384000003,28.804725140000073],[105.36399427000009,28.800552209999978],[105.36923759999996,28.791900750000195],[105.3620662300001,28.77766568000027],[105.32998127000013,28.76216098000009],[105.30905271000012,28.759930160000067],[105.26100972000012,28.735138230000132],[105.21099037000005,28.757320970000023],[105.23729818000004,28.778084250000063],[105.22718670000006,28.78166543000009],[105.22275100000007,28.810478790000047],[105.21206639000007,28.82161073000009],[105.21976503000008,28.83164282000024],[105.2087946100001,28.834998930000097],[105.2122229100001,28.85105339000029],[105.20452356000004,28.85723174000003],[105.21118981000006,28.866575550000277],[105.19899446999995,28.87419584999998],[105.20081729000015,28.89985103000015],[105.18248449999993,28.903052890000026],[105.17188606000002,28.921258130000183],[105.14184928000009,28.945248210000045],[105.14912446,28.95261658000004],[105.15882142999993,28.950498709999977],[105.16444588000007,28.93300993000014],[105.18497557,28.927287540000066],[105.19916754000008,28.93296079999999],[105.20100760000008,28.95408994000013],[105.21457390000012,28.958741150000037],[105.22354237999997,28.93707607999994],[105.24038744,28.941880370000092],[105.25103711999992,28.930284740000275],[105.26429026999995,28.94220574000002],[105.25919554000012,28.96830003000008],[105.27460202999998,28.973851920000072],[105.29058144999999,28.943485770000052],[105.27743969000011,28.935548180000012],[105.27940975000001,28.923656230000176],[105.29518151000008,28.930083220000085],[105.30557163000003,28.92224976999995],[105.32552662999996,28.921355000000005],[105.33409503999997,28.936897510000108]]]},"properties":{"nameZh":"江阳区","nameEn":"江阳区","code":"510502000000","severity":"unaffected","severityZh":"???","severityEn":"Unaffected","disasterTypeZh":"未受灾","landformBasinShare":0.995398773006135,"landformMountainShare":0.004601226993865031,"landformPlateauShare":0.0,"settlementBasinShare":0.9983361064891847,"settlementMountainShare":0.0016638935108153079,"settlementPlateauShare":0.0,"landformTypeZh":"盆地县","donorBasin":1,"donorMountain":0,"donorPlateau":0,"labelEn":"","landformTypeEn":"Basin county"}},{"type":"Feature","geometry":{"type":"Polygon","coordinates":[[[105.62006774000002,28.752485750000005],[105.62332218,28.74909844000024],[105.61940543000014,28.741815400000178],[105.59678669000004,28.740585169999974],[105.59205730000008,28.723851869999976],[105.57383026000008,28.728114890000256],[105.57918530000012,28.720778790000054],[105.56391037999998,28.711319090000018],[105.57014149000003,28.705407310000282],[105.55223725000013,28.679182680000054],[105.57344900999999,28.67247709000003],[105.57926345000004,28.661093200000096],[105.55545662000003,28.66098869999996],[105.54901610000007,28.646809700000063],[105.55852027000003,28.625345789999983],[105.54473747000009,28.6188626],[105.5568111,28.608416510000268],[105.55547430000007,28.59123749999992],[105.56472656,28.588330850000148],[105.56399696000005,28.56816395000004],[105.56015292000012,28.55261706999994],[105.54485905000001,28.55467446],[105.53710860000001,28.53403651000002],[105.52661511000002,28.52840842000012],[105.52770049999998,28.51148352000024],[105.46931447000009,28.509280840000088],[105.46640663,28.476943810000023],[105.45589346000003,28.467376410000156],[105.43310235000001,28.48095870000003],[105.43190512000012,28.50242582000004],[105.41501738000011,28.512731560000304],[105.40196800000007,28.512685900000065],[105.39170677999994,28.495188840000083],[105.38383195000011,28.49348311],[105.35361924,28.501390290000188],[105.34925288000005,28.510533239999972],[105.32769828000005,28.52066895000013],[105.31870550999992,28.501129200000264],[105.29476617,28.483072740000182],[105.24673357,28.474727700000017],[105.24719419000013,28.452959020000094],[105.18668761000009,28.450327780000123],[105.1866621100001,28.45961115],[105.2030061000001,28.459948499999996],[105.23071116,28.495951240000295],[105.23427791000006,28.526808070000243],[105.22302964,28.543931950000058],[105.2099410300001,28.542283660000294],[105.20629516000008,28.550285619999954],[105.20137378000004,28.546294240000122],[105.20621770000008,28.558536069999946],[105.19712910999999,28.564674029999935],[105.20500221000003,28.576485580000053],[105.19258990999992,28.58092647000018],[105.18362338000003,28.596052880000116],[105.17377084999998,28.594210590000273],[105.17806781000007,28.600657530000262],[105.16853558000008,28.612855720000027],[105.16471661000014,28.65358127000013],[105.18696433000008,28.67586589000007],[105.20301382000002,28.68112378000012],[105.20811730000003,28.699637870000004],[105.2008528500001,28.714684450000107],[105.21612851999993,28.719184489999975],[105.21364587000005,28.742304999999988],[105.20250184000008,28.753211239999985],[105.21099037000005,28.757320970000023],[105.26532417000004,28.735319410000216],[105.30905271000012,28.759930160000067],[105.32998127000013,28.76216098000009],[105.3620662300001,28.77766568000027],[105.36923759999996,28.791900750000195],[105.36399427000009,28.800552209999978],[105.37347384000003,28.804725140000073],[105.37642612000002,28.820111320000024],[105.38632303000003,28.823317850000308],[105.38813757000003,28.838877630000013],[105.40932298000001,28.845367900000042],[105.41069467,28.826227589999974],[105.42352690000001,28.826869680000016],[105.43290372000013,28.81714499000026],[105.42901391999999,28.810905890000242],[105.43655853000001,28.813647290000233],[105.47260521000004,28.785888980000152],[105.48641806,28.78669122000008],[105.48007202000002,28.797727930000065],[105.48479414000008,28.81744375000011],[105.50475914999998,28.82268660000011],[105.5074247500001,28.813364190000073],[105.52050505000005,28.81954435],[105.53099068000006,28.79919566999996],[105.55472965000013,28.794015469999977],[105.56329620999998,28.77956380000029],[105.58044575999998,28.791437830000064],[105.59131324999998,28.787986330000308],[105.59115608000008,28.773359340000297],[105.60569409000004,28.770655610000233],[105.60976469000002,28.761918180000066],[105.60585903999998,28.749220810000224],[105.62006774000002,28.752485750000005]],[[105.22759526999994,28.455564659999993],[105.22691040000012,28.456697849999955],[105.2254607700001,28.455724040000234],[105.22735239999992,28.454416810000055],[105.22759526999994,28.455564659999993]]]},"properties":{"nameZh":"纳溪区","nameEn":"纳溪区","code":"510503000000","severity":"unaffected","severityZh":"???","severityEn":"Unaffected","disasterTypeZh":"未受灾","landformBasinShare":0.9532467532467532,"landformMountainShare":0.046753246753246755,"landformPlateauShare":0.0,"settlementBasinShare":0.9811023622047244,"settlementMountainShare":0.01889763779527559,"settlementPlateauShare":0.0,"landformTypeZh":"盆地县","donorBasin":1,"donorMountain":0,"donorPlateau":0,"labelEn":"","landformTypeEn":"Basin county"}},{"type":"Feature","geometry":{"type":"Polygon","coordinates":[[[105.54700401000002,28.946146800000122],[105.5633816400001,28.90546157],[105.52665069999995,28.87702349],[105.50134728999996,28.87283135000007],[105.47581736000006,28.907892110000034],[105.46222186000011,28.91192935999993],[105.4296381900001,28.886510840000028],[105.41224806000008,28.88577812999995],[105.40435565000007,28.89097679000008],[105.4100946800001,28.900903340000184],[105.37164164000012,28.914214430000015],[105.37696311000008,28.928470060000222],[105.35822851,28.932313590000263],[105.35656989000006,28.950198010000122],[105.34216771000001,28.95029604000007],[105.33409503999997,28.936897510000108],[105.32593506,28.94502664999999],[105.32439860000005,28.96915251000007],[105.34915620000004,29.02493648000018],[105.33792265999995,29.039668629999994],[105.35979958999997,29.03892357000018],[105.36754312000011,29.05109453],[105.37971507000003,29.0537021800003],[105.37352473999994,29.05795737000011],[105.37571257000013,29.071954070000004],[105.41815066999999,29.054246480000018],[105.45095151000004,29.07004115000001],[105.46750823000002,29.024784820000036],[105.48120732999996,29.028471220000256],[105.50035684000011,29.05349115000007],[105.51399303,29.03498321000029],[105.52533796000006,29.038671809999926],[105.51238824000012,29.02800916000001],[105.51256133000004,29.016190129999984],[105.52475676000012,29.01683476000005],[105.55320859,29.000959060000298],[105.55707144000007,28.986800990000177],[105.5404761900001,28.96851714000013],[105.53976462000003,28.953697280000313],[105.54700401000002,28.946146800000122]]]},"properties":{"nameZh":"龙马潭区","nameEn":"龙马潭区","code":"510504000000","severity":"unaffected","severityZh":"???","severityEn":"Unaffected","disasterTypeZh":"未受灾","landformBasinShare":1.0,"landformMountainShare":0.0,"landformPlateauShare":0.0,"settlementBasinShare":1.0,"settlementMountainShare":0.0,"settlementPlateauShare":0.0,"landformTypeZh":"盆地县","donorBasin":1,"donorMountain":0,"donorPlateau":0,"labelEn":"","landformTypeEn":"Basin county"}},{"type":"Feature","geometry":{"type":"MultiPolygon","coordinates":[[[[105.46391185215043,29.32030125981703],[105.46305233499999,29.314182844000186],[105.47077887924013,29.311965846431008],[105.45534304800009,29.29181063699997],[105.47202950500008,29.28226580600011],[105.5056843820002,29.28831869500027],[105.510364000484,29.284589120087162],[105.50580647400017,29.27433251200023],[105.51498199300005,29.267390071000193],[105.55403173700017,29.281418821000102],[105.57637926800015,29.273237230000234],[105.6022266,29.27789586300014],[105.60463919500006,29.258810046000235],[105.62842968000001,29.28343986200008],[105.64021725876927,29.277301782578093],[105.63604149000008,29.26460413000001],[105.640729094,29.258499897000036],[105.6630545490001,29.255915601000083],[105.6681236390001,29.263852367000254],[105.6616569470001,29.279574975000116],[105.67588838300003,29.276765647000218],[105.6918479040001,29.29884081800003],[105.71187644800011,29.298460270000135],[105.7123099000001,29.293760980000172],[105.6916308700001,29.290274010000132],[105.68874033000003,29.281994590000238],[105.70531325835697,29.240930505779943],[105.70237024400012,29.225902468000243],[105.70840421292235,29.2221357330464],[105.70027830600003,29.179960553000114],[105.71671310400006,29.174307134000344],[105.72708843999999,29.13522867600011],[105.74113515500005,29.14082266900016],[105.74866198402464,29.136357651860465],[105.73157688999993,29.12539258000021],[105.72528240999998,29.104634169999997],[105.74140550300007,29.078480589000094],[105.75418273880189,29.072049274192295],[105.73804379,29.042256620000273],[105.7586798255328,29.020121325536593],[105.74190940000011,29.003287870000065],[105.71301663999992,28.936934889999975],[105.69842356000004,28.942835620000267],[105.69111401999993,28.914149160000306],[105.67745904000009,28.9184695900002],[105.66918605999996,28.913536220000026],[105.62009233000015,28.928389300000106],[105.59756884000012,28.953934790000062],[105.58138183,28.961911970000187],[105.54367018000005,28.947876500000064],[105.5404761900001,28.96851714000013],[105.55707144000007,28.986800990000177],[105.55139490000005,29.0025155000003],[105.52475676000012,29.01683476000005],[105.51256133000004,29.016190129999984],[105.51238824000012,29.02800916000001],[105.52533796000006,29.038671809999926],[105.51399303,29.03498321000029],[105.49807370000002,29.053082630000006],[105.48120732999996,29.028471220000256],[105.46420886000004,29.025348710000003],[105.45095151000004,29.07004115000001],[105.41815066999999,29.054246480000018],[105.37468762000009,29.07168125999999],[105.37352473999994,29.05795737000011],[105.37971507000003,29.0537021800003],[105.36754312000011,29.05109453],[105.35979958999997,29.03892357000018],[105.33792265999995,29.039668629999994],[105.34915620000004,29.02493648000018],[105.32439860000005,28.96915251000007],[105.32593506,28.94502664999999],[105.33409503999997,28.936897510000108],[105.32552662999996,28.921355000000005],[105.30557163000003,28.92224976999995],[105.29518151000008,28.930083220000085],[105.27940975000001,28.923656230000176],[105.27743969000011,28.935548180000012],[105.29058144999999,28.943485770000052],[105.27624241999996,28.973417540000014],[105.25919554000012,28.96830003000008],[105.26183434999996,28.946242090000055],[105.23862505000005,28.95601475000001],[105.23879940000006,28.966112800000303],[105.26510657,28.984503630000177],[105.26460274000004,29.01788244000005],[105.24620218000013,29.01653679000009],[105.24873694000001,29.025102820000086],[105.23112552000003,29.029691860000185],[105.21027766000009,29.018209759999934],[105.18458485000002,29.030327089999957],[105.18640691000013,29.061144670000033],[105.24443064000008,29.118524570000204],[105.24241741999992,29.139490020000096],[105.26851670000008,29.163089960000207],[105.26560864999999,29.174602450000066],[105.25246802000004,29.183787799999948],[105.28261971000006,29.193831940000052],[105.28421728000006,29.221138800000062],[105.31332938000008,29.264880020000078],[105.33476101000002,29.283870209999975],[105.36195091000013,29.2956397600002],[105.37905345000001,29.283138140000176],[105.39172959000007,29.291848149999964],[105.38439334000003,29.301422160000072],[105.39742478,29.303655320000075],[105.39160765000008,29.311195479999924],[105.44568009800014,29.32020307600004],[105.45107111700008,29.331807081000136],[105.46391185215043,29.32030125981703]]],[[[105.38353824999996,29.291681150000215],[105.38447083000005,29.29058630000003],[105.38445387000007,29.29035046000024],[105.38230029000005,29.291637000000094],[105.38353824999996,29.291681150000215]]],[[[105.38309017000006,29.288379640000244],[105.38203094999994,29.28804558000013],[105.38434106999995,29.289876849999928],[105.38434107999996,29.289659990000132],[105.38309017000006,29.288379640000244]]],[[[105.36138628000015,29.29639105000018],[105.36084763999997,29.296362820000127],[105.36041376999998,29.295739850000302],[105.36074387999992,29.296779700000002],[105.36138628000015,29.29639105000018]]]]},"properties":{"nameZh":"泸县","nameEn":"泸县","code":"510521000000","severity":"general","severityZh":"一般灾区","severityEn":"Generally affected","disasterTypeZh":"一般灾区","landformBasinShare":1.0,"landformMountainShare":0.0,"landformPlateauShare":0.0,"settlementBasinShare":1.0,"settlementMountainShare":0.0,"settlementPlateauShare":0.0,"landformTypeZh":"盆地县","donorBasin":1,"donorMountain":0,"donorPlateau":0,"labelEn":"","landformTypeEn":"Basin county"}},{"type":"Feature","geometry":{"type":"Polygon","coordinates":[[[105.76262110939422,29.01644138026751],[105.75886242799999,28.994423020999932],[105.78464680500008,28.98134165800019],[105.80529177400001,28.95970974873046],[105.80026507000014,28.950774370000033],[105.78974378000004,28.950783020000245],[105.794006309,28.939105451000273],[105.82697652000013,28.94749835100015],[105.84924086199999,28.930650617000254],[105.87734572300008,28.93675312000005],[105.88462726841686,28.9301485164807],[105.88507835500002,28.91368561000013],[105.90612583700016,28.90353084900005],[105.91214900000017,28.907400936999977],[105.90629962500014,28.923769064999988],[105.91965607000009,28.936366400000225],[105.93982653900002,28.94233648700009],[105.96537822100015,28.96897142200004],[105.97423126000018,28.96151394900022],[105.98429168900009,28.966643453000245],[105.9710541610001,28.976741785000172],[105.98182659600013,28.98215143700014],[105.99783302000009,28.976710380000156],[106.01743447000007,28.953568293000217],[106.04181974600016,28.955536864000123],[106.04352967000005,28.946589289999963],[106.03463205000014,28.938484270000117],[106.04491103999993,28.930148259999953],[106.03444109999998,28.93009932000001],[106.04446742300007,28.90974701600004],[106.0666590080001,28.92277909700016],[106.08173153500013,28.913278859000343],[106.0847350790001,28.917531057000076],[106.08383330400005,28.907172507000098],[106.09559684200008,28.902245887000163],[106.14259161100011,28.904396330000168],[106.1698844190002,28.923881472000346],[106.22372597955331,28.89249450062266],[106.23403641800013,28.87107231600021],[106.24949380200013,28.868930365000153],[106.26134124020746,28.849887449286882],[106.25645487000003,28.83684348000014],[106.24297560000008,28.82967065000031],[106.25191542175673,28.82110231201557],[106.2406503900001,28.817843830000015],[106.2486606576839,28.789062546075115],[106.26371086032003,28.783491480474822],[106.26946679300005,28.74305817400011],[106.28298815400018,28.736649655000235],[106.30108580075063,28.70942143031499],[106.30235275000013,28.679031399999985],[106.31764740000011,28.667888760000153],[106.30026087000005,28.653160589999914],[106.30700527700003,28.643252036000263],[106.32567641000009,28.63807270999996],[106.3207985300001,28.6191278900003],[106.34273425999999,28.58702120000015],[106.33545156000014,28.569620380000117],[106.34094671000003,28.565263170000037],[106.32794261000004,28.556041410000148],[106.3375265640002,28.53627630400007],[106.3483251610001,28.543203354000184],[106.3599926220001,28.530116264000014],[106.3703673479302,28.52883565533807],[106.37496023000006,28.482935089999955],[106.34902007000011,28.483537870000305],[106.34519204000009,28.477068470000233],[106.3268754138453,28.485450680372594],[106.31986982999996,28.498231919999967],[106.30164220898496,28.507872061748515],[106.28887372000003,28.540688050000256],[106.27430186999999,28.542241579999995],[106.27185355000012,28.536150419999956],[106.25629155999997,28.546716660000072],[106.25114470000011,28.54278876999996],[106.21861500000011,28.57499578000028],[106.20082271000007,28.57155208000006],[106.18152691096645,28.590934995357827],[106.16192643,28.63945721999994],[106.11830228000008,28.64827890000015],[106.11152109999995,28.646888980000256],[106.11775548999992,28.636197840000136],[106.0995231989092,28.639250419453845],[106.09433933000014,28.658027650000122],[106.07885878362697,28.663275053432585],[106.08641145700011,28.67259874400014],[106.07940580999997,28.687104019999992],[106.06184543000006,28.695935450000093],[106.06231099000007,28.68904089000023],[106.02850380000007,28.696344690000046],[106.03213281000012,28.709817160000284],[106.01731368200001,28.713865700000042],[106.0251270600001,28.722905369999978],[106.01416282773738,28.725875409085404],[105.99808513999994,28.747185930000057],[105.9756731600001,28.749869250000074],[105.96423322999999,28.764984760000175],[105.95279004999998,28.717348840000113],[105.92992469000012,28.705747729999985],[105.93211174000004,28.685373740000045],[105.90012913000004,28.672741550000012],[105.88604370000007,28.67401168000015],[105.88884660700006,28.653961093000362],[105.89762975509814,28.652087085854077],[105.88680061100007,28.624920586000144],[105.90134510000007,28.60991589000014],[105.88999223000008,28.609268910000083],[105.87869197999999,28.598415570000213],[105.87272981999996,28.606458260000238],[105.85601312000011,28.60143240000025],[105.84685741999999,28.609833630000082],[105.83227615000004,28.602832939999928],[105.80502496999998,28.603404339999997],[105.78138353999998,28.614492370000278],[105.77489918999993,28.60219219000004],[105.75408041000009,28.593714610000063],[105.7451901600001,28.61850656000024],[105.73557939,28.618220020000138],[105.71347593999991,28.59144304000006],[105.68965419000011,28.592018290000055],[105.68915062000002,28.569737280000027],[105.67823870000007,28.557284550000134],[105.68115523595526,28.538002970958303],[105.6657644,28.539211770000122],[105.66106037000003,28.527296330000127],[105.63835026999999,28.52081286000015],[105.62054312999993,28.521680080000124],[105.62132414000007,28.495774420000032],[105.60604121,28.475783000000092],[105.6155661900001,28.464672790000066],[105.58640745000014,28.469138550000082],[105.56611525,28.46344280000011],[105.57033345000013,28.479076010000085],[105.55751444999993,28.484234060000176],[105.54796711000012,28.5002645000003],[105.53363710000002,28.502194850000137],[105.52618916999995,28.52751463000027],[105.53710860000001,28.53403651000002],[105.54485905000001,28.55467446],[105.56015292000012,28.55261706999994],[105.56399696000005,28.56816395000004],[105.56472656,28.588330850000148],[105.55547430000007,28.59123749999992],[105.5568111,28.608416510000268],[105.54473747000009,28.6188626],[105.55852027000003,28.625345789999983],[105.5490250200001,28.648510800000167],[105.55816486999993,28.663017030000105],[105.57635690000006,28.657920810000178],[105.57942838999998,28.662636450000264],[105.57344900999999,28.67247709000003],[105.55223725000013,28.679182680000054],[105.57014149000003,28.705407310000282],[105.56424864000007,28.712061090000134],[105.57918530000012,28.720778790000054],[105.57297189000013,28.727609400000176],[105.59205730000008,28.723851869999976],[105.59678669000004,28.740585169999974],[105.61613279000005,28.740361450000307],[105.62297489000008,28.74769575000016],[105.61635251000013,28.75801767000013],[105.62307897,28.76138958000024],[105.62794766000013,28.78117128000025],[105.60054697999993,28.793318980000095],[105.6254487000001,28.796477789999983],[105.63963039000004,28.819636310000135],[105.65435216000009,28.818988269999977],[105.65122714999995,28.83771438000025],[105.65914375000006,28.83623281000024],[105.66178233000005,28.826522880000084],[105.67192077999994,28.841270729999962],[105.66005495000013,28.843710600000065],[105.66057526000003,28.849663210000188],[105.64125404000009,28.84856658000001],[105.62096857999995,28.876693260000025],[105.64325837000001,28.90243250000003],[105.64447357,28.91860890999999],[105.69169562000008,28.914485900000102],[105.69842356000004,28.942835620000267],[105.71301663999992,28.936934889999975],[105.74256895999997,29.004348900000082],[105.75400876000003,29.018365330000222],[105.76262110939422,29.01644138026751]]]},"properties":{"nameZh":"合江县","nameEn":"合江县","code":"510522000000","severity":"unaffected","severityZh":"???","severityEn":"Unaffected","disasterTypeZh":"未受灾","landformBasinShare":0.4810924369747899,"landformMountainShare":0.5189075630252101,"landformPlateauShare":0.0,"settlementBasinShare":0.78644382544104,"settlementMountainShare":0.2135561745589601,"settlementPlateauShare":0.0,"landformTypeZh":"混合县","donorBasin":1,"donorMountain":1,"donorPlateau":0,"labelEn":"","landformTypeEn":"Mixed landform county"}},{"type":"Feature","geometry":{"type":"Polygon","coordinates":[[[105.52770049999998,28.51148352000024],[105.57033345000013,28.479076010000085],[105.56611525,28.46344280000011],[105.58640745000014,28.469138550000082],[105.60720251999999,28.463777989999926],[105.60925915100006,28.442522518000033],[105.64138991700008,28.43300206300023],[105.64560069000004,28.41632107999999],[105.63933436700017,28.401308536000045],[105.65684984999996,28.368460049999953],[105.63514197000012,28.321170189999975],[105.63816269400013,28.31299023800011],[105.64653041100013,28.32268553200015],[105.65456760531214,28.314738970904386],[105.67833530000007,28.24387437000007],[105.66145123000001,28.248038500000007],[105.6172450300001,28.226135110000143],[105.63515121,28.20172365000002],[105.62704394000014,28.18319998000021],[105.63048093000009,28.166762499999948],[105.61161277000002,28.140219310000248],[105.62007446000007,28.128443790000063],[105.60675239,28.110246320000044],[105.59760458000005,28.117224150000084],[105.5706209700001,28.104702359999976],[105.5748307400001,28.032811640000034],[105.56643724000014,28.023151210000094],[105.58434315000005,28.01507414000025],[105.60184009,27.9616682300001],[105.62225315,27.94526651999996],[105.64070687999993,27.948100599999975],[105.64517674000012,27.939437650000173],[105.65549757999997,27.94632644000029],[105.66697202000012,27.94067074000003],[105.68728570000007,27.945076430000086],[105.68187769000008,27.935000470000205],[105.68994154000012,27.921329550000053],[105.68224007000003,27.910363420000067],[105.69164120000005,27.90817428000014],[105.69896867000006,27.886718459999997],[105.71462082999994,27.892603109999982],[105.72193978999996,27.8859694100002],[105.71820677,27.87808065000013],[105.71238116000012,27.88409125000004],[105.69481930000012,27.88028800000012],[105.69554878000008,27.858695049999994],[105.70470655999998,27.849959479999995],[105.70244114000013,27.832503840000072],[105.67838574000001,27.837040849999937],[105.674532,27.831103159999998],[105.69607693000006,27.795552840000028],[105.69909830000012,27.775343000000134],[105.66373339,27.75158781000016],[105.66422145000007,27.687605469999937],[105.63773938000008,27.662676239999996],[105.6205192700001,27.669677379999996],[105.61688617000004,27.68983778000029],[105.60080213000009,27.704306980000013],[105.60201230000007,27.719018260000098],[105.55667252000012,27.723511350000024],[105.54601152999999,27.730710360000103],[105.53418479000004,27.757233110000072],[105.48943162000012,27.776112660000024],[105.45468541000008,27.77113733999994],[105.43806315999996,27.77867073999994],[105.42589758000008,27.765352970000095],[105.42030799999998,27.771430750000263],[105.40065806000001,27.768256020000308],[105.39089608,27.76440076],[105.3895853200001,27.753686760000278],[105.37969122999999,27.760691620000046],[105.34906265000012,27.751350740000078],[105.33823024000003,27.733723670000188],[105.32294647000003,27.730143200000043],[105.30510823000003,27.70846195000007],[105.28725960599832,27.715781315785193],[105.29001947,27.77384694000017],[105.2757587100001,27.78269234999999],[105.27063274521078,27.79861164160741],[105.28320654500004,27.79964608200015],[105.28465441700013,27.810569915000087],[105.30986957400017,27.81413682200025],[105.31304655500003,27.820412960000112],[105.27119349000003,27.820515740000133],[105.25657761000008,27.831360020000147],[105.24102360000006,27.826368569999943],[105.23797752147857,27.834202953445583],[105.24700388000002,27.84821378999999],[105.229505812708,27.896325669874727],[105.24576378600005,27.916402642000264],[105.26511932300008,27.917479277999973],[105.28093304700002,27.937837649000187],[105.27983925334814,27.964482767864013],[105.2657607440891,27.98531472190865],[105.26832116000003,28.000039360000244],[105.24629276000013,28.005697220000116],[105.2447829300001,28.012733319999995],[105.21640923000007,27.99442277000003],[105.18316516999994,27.998856850000095],[105.16458946192034,28.02461635002203],[105.18320035300013,28.05604371300035],[105.17384251000004,28.07021254],[105.20095024999995,28.07681527000028],[105.2285774,28.11067605000028],[105.24030376000002,28.114762779999978],[105.24156230000006,28.123325950000094],[105.27330305999999,28.138079390000087],[105.32238695000007,28.140424160000123],[105.32982627000013,28.148895600000117],[105.34454904000006,28.142789880000123],[105.35459305000012,28.15675923000026],[105.34163233999993,28.186222089999944],[105.34073730999995,28.237261990000093],[105.33077229000003,28.245961550000118],[105.33578984000007,28.283546880000074],[105.32814179000002,28.29598359000005],[105.33348914999993,28.316725780000127],[105.30794222000003,28.339473670000075],[105.31158840000012,28.352844240000024],[105.30181417,28.364944970000295],[105.28441132,28.37257844000021],[105.31132787000007,28.378232760000174],[105.31958265000003,28.38968011999998],[105.30957385000005,28.404733930000134],[105.32312404999993,28.41822738999997],[105.31759433000002,28.41887883000004],[105.31679616000008,28.431298400000003],[105.31149278000004,28.427525270000103],[105.29875010000012,28.440909450000163],[105.29090406,28.43850244999993],[105.29198043000008,28.452450130000045],[105.24719419000013,28.452959020000094],[105.24673357,28.474727700000017],[105.29476617,28.483072740000182],[105.31870550999992,28.501129200000264],[105.32769828000005,28.52066895000013],[105.34925288000005,28.510533239999972],[105.35361924,28.501390290000188],[105.38383195000011,28.49348311],[105.39170677999994,28.495188840000083],[105.40196800000007,28.512685900000065],[105.41501738000011,28.512731560000304],[105.43190512000012,28.50242582000004],[105.43310235000001,28.48095870000003],[105.45589346000003,28.467376410000156],[105.46640663,28.476943810000023],[105.46931447000009,28.509280840000088],[105.52770049999998,28.51148352000024]],[[105.22331820000011,28.096954480000022],[105.22436003000013,28.09765943000008],[105.22443798,28.098384580000243],[105.22262422000006,28.097907000000134],[105.22331820000011,28.096954480000022]],[[105.22192008000007,28.101672819999976],[105.22222406000014,28.101837110000076],[105.22269298000003,28.10253360000013],[105.22154709000012,28.10192251000001],[105.22192008000007,28.101672819999976]]]},"properties":{"nameZh":"叙永县","nameEn":"叙永县","code":"510524000000","severity":"unaffected","severityZh":"???","severityEn":"Unaffected","disasterTypeZh":"未受灾","landformBasinShare":0.23686885801423246,"landformMountainShare":0.7631311419857676,"landformPlateauShare":0.0,"settlementBasinShare":0.2964930924548353,"settlementMountainShare":0.7035069075451648,"settlementPlateauShare":0.0,"landformTypeZh":"中山县","donorBasin":0,"donorMountain":1,"donorPlateau":0,"labelEn":"","landformTypeEn":"Mountain county"}},{"type":"Feature","geometry":{"type":"Polygon","coordinates":[[[105.78552433311427,28.337011149016348],[105.79786843400007,28.3124338250002],[105.82182279,28.30871584200014],[105.84657889100009,28.257794810000064],[105.85924236300019,28.252529791000086],[105.87078361897386,28.258193205960936],[105.8723746500001,28.248494067000138],[105.88687817800019,28.24052723400024],[105.85657793999991,28.171512080000014],[105.86061432700001,28.155871673000092],[105.87514365800007,28.14264459400016],[105.87609025,28.126752978000354],[105.89179938400002,28.12339604900012],[105.92479751800005,28.144080263000035],[105.92439846100018,28.13784818200014],[105.93351166700012,28.135860560000197],[105.94180822600015,28.14712321000019],[105.9657200200001,28.136504177000234],[105.9762355960001,28.10979327800004],[105.98375871700006,28.121155432000137],[106.00817890200005,28.12336076000014],[106.01859244900004,28.111345064000204],[106.0301421170002,28.11029755000021],[106.02317493000004,28.134131567000225],[106.03388005200009,28.141679213000145],[106.05708630900006,28.146249233000276],[106.08478587700006,28.164634619000026],[106.11824089100003,28.170310761000167],[106.14288176700012,28.16574619000005],[106.20336890300013,28.137662328000033],[106.2078567580001,28.122500003000255],[106.22255293300009,28.119331696000188],[106.22565695100002,28.10372247700019],[106.24623255600011,28.09599330500015],[106.26300889177367,28.069953560686827],[106.26182194,28.053269010000008],[106.25307333,28.05192059000018],[106.23951667000006,28.03247984000012],[106.24178161400005,28.01633868400023],[106.26523323900005,28.006736514000124],[106.29061168800013,28.007012979000194],[106.32455115000005,27.961263159999987],[106.30461281000004,27.940946869999948],[106.30619247000004,27.91865311999993],[106.2966008900001,27.912048370000036],[106.30114771900014,27.90269701500017],[106.3211638840001,27.90176708800027],[106.32951498000006,27.89127031000021],[106.32210160000005,27.882635010000172],[106.33435507600018,27.878611859000273],[106.33565162000014,27.86624640000025],[106.31361256000008,27.8395867400003],[106.32618174600015,27.829030957000043],[106.33919321700017,27.831608869000206],[106.33799547000012,27.823429840000017],[106.29225963000005,27.806447240000125],[106.24588344,27.773715310000284],[106.22098232000008,27.764319330000035],[106.20696426,27.76755796000009],[106.18981164000007,27.757722280000223],[106.12372643000015,27.78188171000005],[106.05992841000011,27.780362500000138],[106.05858976000002,27.76657460000007],[106.01934593999994,27.750294899999915],[105.98183646000007,27.75316440000023],[105.92842542000005,27.73073788000005],[105.91923607999996,27.750225850000277],[105.90396055999997,27.749305779999986],[105.86794203,27.73834420000003],[105.84245188999995,27.709272389999967],[105.76218282000008,27.72128209000016],[105.71930508000014,27.70925730000016],[105.71275811000004,27.68462899000025],[105.69663177000012,27.680252500000165],[105.66422145000007,27.687605469999937],[105.66373339,27.75158781000016],[105.69909830000012,27.775343000000134],[105.69607693000006,27.795552840000028],[105.674532,27.831103159999998],[105.67838574000001,27.837040849999937],[105.70244114000013,27.832503840000072],[105.70470655999998,27.849959479999995],[105.69554878000008,27.858695049999994],[105.69481930000012,27.88028800000012],[105.71238116000012,27.88409125000004],[105.71820677,27.87808065000013],[105.72193978999996,27.8859694100002],[105.71462082999994,27.892603109999982],[105.69896867000006,27.886718459999997],[105.69164120000005,27.90817428000014],[105.68224007000003,27.910363420000067],[105.68994154000012,27.921329550000053],[105.68187769000008,27.935000470000205],[105.68728570000007,27.945076430000086],[105.66697202000012,27.94067074000003],[105.65549757999997,27.94632644000029],[105.64517674000012,27.939437650000173],[105.64070687999993,27.948100599999975],[105.62225315,27.94526651999996],[105.60184009,27.9616682300001],[105.58434315000005,28.01507414000025],[105.56643724000014,28.023151210000094],[105.5748307400001,28.032811640000034],[105.5706209700001,28.104702359999976],[105.59760458000005,28.117224150000084],[105.60675239,28.110246320000044],[105.62007446000007,28.128443790000063],[105.61161277000002,28.140219310000248],[105.63048093000009,28.166762499999948],[105.62704394000014,28.18319998000021],[105.63515121,28.20172365000002],[105.6172450300001,28.226135110000143],[105.66145123000001,28.248038500000007],[105.67793540000002,28.242722129999947],[105.65477613030481,28.314206573401975],[105.66660725300005,28.313956235000035],[105.68513175100014,28.287874235000288],[105.72836550400018,28.275516321000055],[105.73503241100013,28.28075430600012],[105.73374018900017,28.306334239000194],[105.78416313000014,28.312554800000157],[105.76772873820903,28.32291083811822],[105.76753818100008,28.33064576600009],[105.77721760000009,28.339520710000045],[105.78552433311427,28.337011149016348]]]},"properties":{"nameZh":"古蔺县","nameEn":"古蔺县","code":"510525000000","severity":"unaffected","severityZh":"???","severityEn":"Unaffected","disasterTypeZh":"未受灾","landformBasinShare":0.005391690453536315,"landformMountainShare":0.9946083095464637,"landformPlateauShare":0.0,"settlementBasinShare":0.0064754856614246065,"settlementMountainShare":0.9935245143385754,"settlementPlateauShare":0.0,"landformTypeZh":"中山县","donorBasin":0,"donorMountain":1,"donorPlateau":0,"labelEn":"","landformTypeEn":"Mountain county"}},{"type":"Feature","geometry":{"type":"Polygon","coordinates":[[[102.41486473999993,30.313970940000047],[102.40055156,30.23672760000005],[102.33203479999992,30.19673055000004],[102.29207258999998,30.131529000000228],[102.29255887000005,30.101130299999966],[102.28066739000008,30.09780007000012],[102.26658974000003,30.080116060000137],[102.23056845999997,30.08630575999996],[102.21027487000009,30.058725510000045],[102.19636929000006,30.052630000000022],[102.16351409999999,30.061922560000085],[102.14747279,30.058316820000186],[102.10362534000006,30.02254392000026],[102.05249251000009,30.00308752999996],[102.04623394000004,29.97651619000004],[102.04827442999994,29.927246260000004],[101.98152929000014,29.89538183000019],[101.95442207999992,29.83976014000001],[101.95052463000002,29.80870813000007],[101.9142684200001,29.80224195000011],[101.89711720000014,29.78106424000009],[101.85868240000008,29.758256469999992],[101.83794511000002,29.728219910000007],[101.83452469999997,29.70292699999999],[101.84166055000014,29.678268030000027],[101.83431653000002,29.662005200000067],[101.84373504000001,29.627593050000087],[101.87054802,29.60338427000005],[101.89640893999996,29.557244200000014],[101.92124186000012,29.538360730000022],[101.94671708999994,29.475611230000254],[101.95078893000004,29.440550620000295],[101.98240110999996,29.428948250000246],[101.97067458999999,29.385663000000307],[101.9552593300001,29.370381760000157],[101.94801163000011,29.347121410000113],[101.95869692999997,29.317858770000043],[101.88215853000003,29.280649380000114],[101.82276145000014,29.232546520000028],[101.7973095800001,29.230566130000284],[101.74206501000009,29.20682473000022],[101.71635190000012,29.204603740000096],[101.70342566999994,29.221649580000246],[101.70707107999993,29.256751380000082],[101.67773841999997,29.28639916999998],[101.59714458000008,29.29740994000008],[101.56779282000014,29.286909890000118],[101.55412117999992,29.305985120000116],[101.5226921200001,29.286706150000157],[101.50711108000002,29.28599767999998],[101.51039022000009,29.336195040000007],[101.48517401999999,29.33774997000006],[101.43767204000005,29.309725549999996],[101.41840996000002,29.28051918],[101.38430060000007,29.26857263000028],[101.36180996999991,29.223325610000188],[101.33572463000007,29.192309650000027],[101.30747796000009,29.19181519000017],[101.2873832300001,29.211349739999946],[101.28566390000015,29.229423960000076],[101.26052684000007,29.23649972000004],[101.23649302000013,29.22681405999998],[101.20980269000012,29.175429939999958],[101.10372545000007,29.13606107000004],[101.09092855000011,29.153412290000063],[101.06313971999998,29.164126370000133],[101.04948390000004,29.201601460000234],[101.05825143999999,29.2238689200002],[101.03861480000012,29.232229390000043],[101.05002161999994,29.25424565000003],[101.04175717000004,29.30471749000003],[101.04959510000003,29.337809540000023],[101.04334485999993,29.342969730000107],[101.02910764000006,29.33449406999995],[101.01556600999993,29.338099880000073],[101.00660822000003,29.35910887],[101.03625239000002,29.366847180000093],[101.06821559000002,29.3514283800003],[101.07174899,29.374142770000105],[101.11446818000002,29.3977135800003],[101.12664837000005,29.412166440000306],[101.18084061000008,29.436179360000096],[101.19422536999997,29.454646850000074],[101.26498318,29.480596110000022],[101.25336941000006,29.51845675000004],[101.21975172999998,29.530411749999928],[101.24273571000009,29.55885340000009],[101.23418544000015,29.57506272000029],[101.23889582999999,29.600803540000243],[101.26341621,29.623460080000257],[101.26396394000005,29.674108240000123],[101.24695299000012,29.694348810000065],[101.24650279000002,29.73597053000003],[101.2644444,29.764682479999976],[101.35670431000011,29.762612000000104],[101.35844030999999,29.774455880000232],[101.33971760000003,29.806022510000105],[101.34181040000004,29.83780218000021],[101.36229650000007,29.83642657000007],[101.37049296000004,29.86438134000025],[101.42997518000004,29.88474257000007],[101.4389526000001,29.893966740000167],[101.43561881,29.90007717000003],[101.41006168000013,29.904963520000194],[101.39305733000003,29.943737990000102],[101.39392716000009,29.98961763999995],[101.40712251000014,30.005291740000303],[101.40327795999997,30.019407040000033],[101.38858063999999,30.025343930000304],[101.36269417000011,30.02077033000006],[101.35263358000009,30.02947680000011],[101.36738250000002,30.051517349999983],[101.36181012999992,30.069196030000057],[101.36710569000007,30.087759990000222],[101.39368749999994,30.09465148000004],[101.38043322000004,30.13050098000008],[101.34875716999994,30.144990830000097],[101.35508600999992,30.176577870000074],[101.34911451000005,30.19679324000009],[101.33170252000002,30.206741810000267],[101.27185267999994,30.191738199999975],[101.25957798000007,30.195820180000226],[101.24106317000007,30.217668020000303],[101.3029201700001,30.268044990000135],[101.30156594999994,30.278637460000084],[101.26733764000011,30.281881950000127],[101.26143134000012,30.309933940000178],[101.29446035000001,30.350828030000002],[101.29377563000003,30.385269760000256],[101.34130831000004,30.411270720000232],[101.3613589200001,30.404920650000065],[101.36284659000006,30.389977250000015],[101.37272661000009,30.38603855000008],[101.41213633000001,30.400938090000068],[101.43644904000007,30.43008515000014],[101.46452013999993,30.434267190000128],[101.49439090000004,30.430202500000064],[101.52100688000007,30.39902285000005],[101.53906252000007,30.406876100000034],[101.57573448,30.383100689999992],[101.60257681000013,30.41728080000013],[101.62876138000001,30.423140860000046],[101.64060240000009,30.44228992000029],[101.66467126000009,30.45808251000011],[101.68270639999997,30.42267909000003],[101.74119283000005,30.41388017000014],[101.75766546,30.40221188999999],[101.77680687999998,30.409332640000287],[101.7954693800001,30.434339450000266],[101.8290982800001,30.524546400000304],[101.85732586000006,30.548547120000137],[101.85772570000012,30.578434430000016],[101.89046563000011,30.596665799999982],[101.88750707000008,30.626430760000005],[101.89714221000008,30.649503460000176],[101.91789421000004,30.652011670000036],[101.9398615500001,30.64313944000031],[101.96590056000002,30.65538973000031],[101.98872778999993,30.64233831000007],[102.06103616000001,30.67051437000009],[102.08787751000006,30.668650830000104],[102.10293876999992,30.660526690000268],[102.11294722000008,30.640506070000015],[102.14196403000005,30.61552218999998],[102.1602799800001,30.6108647100001],[102.17564281000006,30.597052759999997],[102.18309148999998,30.630417429999966],[102.21520695999993,30.644693010000083],[102.23010051,30.630373620000285],[102.25369063,30.62641567999998],[102.27183990000009,30.63824587000005],[102.27215398999999,30.656714770000008],[102.29480937000011,30.678671159999965],[102.31707319999992,30.681075319999934],[102.34904393000005,30.709513449999974],[102.38993807000003,30.7144014400003],[102.44885242999993,30.683735569999953],[102.47391425000006,30.69289250999998],[102.47430574000009,30.741465260000098],[102.46313400999998,30.765169760000163],[102.4673969700001,30.771144600000127],[102.48478375000002,30.74724724999993],[102.48439236000013,30.722222450000118],[102.49284728999999,30.71617038000028],[102.48291636000005,30.700108680000028],[102.48400144999994,30.683233610000002],[102.47158786000011,30.673455980000142],[102.47006740000006,30.642509270000005],[102.44162819999997,30.620686650000266],[102.42938697,30.59936813000013],[102.41634880999999,30.508501650000028],[102.4178379600001,30.455304810000143],[102.43303861999999,30.429909399999985],[102.42345603000007,30.38708084000018],[102.43231964,30.36980347000025],[102.41486473999993,30.313970940000047]]]},"properties":{"nameZh":"康定市","nameEn":"康定市","code":"513301000000","severity":"general","severityZh":"一般灾区","severityEn":"Generally affected","disasterTypeZh":"一般灾区","landformBasinShare":0.0,"landformMountainShare":0.09126984126984126,"landformPlateauShare":0.9087301587301587,"settlementBasinShare":0.0,"settlementMountainShare":0.559322033898305,"settlementPlateauShare":0.4406779661016949,"landformTypeZh":"高原县","donorBasin":0,"donorMountain":0,"donorPlateau":1,"labelEn":"","landformTypeEn":"Plateau county"}},{"type":"Feature","geometry":{"type":"Polygon","coordinates":[[[102.26658974000003,30.080116060000137],[102.27343855000004,30.019915029999993],[102.29395941999991,29.990014490000306],[102.30162444999996,29.95721124000005],[102.29433331000013,29.946271030000275],[102.29712809000011,29.934244810000166],[102.28292763000002,29.920552149999992],[102.28099269999996,29.89964096999995],[102.2691977,29.880282169999987],[102.28952675,29.85716070000001],[102.28952630000015,29.840904660000035],[102.31070673000005,29.826085000000262],[102.32172224000004,29.827404279999996],[102.3245871100001,29.802219920000255],[102.34239050000002,29.791782380000143],[102.35247880000003,29.77014824000014],[102.32731437000001,29.744189630000108],[102.33437135999998,29.72273557000011],[102.29750661000014,29.692973460000132],[102.27671883000005,29.61847910000006],[102.27827387000008,29.598091479999994],[102.31518348000009,29.570321460000002],[102.31249304000005,29.53616384999998],[102.20169413999992,29.459589750000134],[102.19176303,29.470763430000034],[102.17419526999998,29.46921930000002],[102.17694630000005,29.51540822000004],[102.16418647,29.51846202000013],[102.16413876999997,29.53554717999998],[102.14344734000002,29.534811940000054],[102.14390827999995,29.506890929999997],[102.1204439500001,29.51251669000027],[102.08889650999998,29.49876082000003],[102.03198343999992,29.502696300000025],[102.01041184999997,29.493889850000244],[101.97596010000012,29.492414580000002],[101.95175175999998,29.506344160000253],[101.93453067000007,29.504019200000073],[101.92124186000012,29.538360730000022],[101.89640893999996,29.557244200000014],[101.87054802,29.60338427000005],[101.8394897600001,29.636807960000112],[101.83431653000002,29.662005200000067],[101.84166055000014,29.678268030000027],[101.83452469999997,29.70292699999999],[101.83794511000002,29.728219910000007],[101.85868240000008,29.758256469999992],[101.89711720000014,29.78106424000009],[101.9142684200001,29.80224195000011],[101.95052463000002,29.80870813000007],[101.95442207999992,29.83976014000001],[101.98152929000014,29.89538183000019],[102.04827442999994,29.927246260000004],[102.04623394000004,29.97651619000004],[102.05249251000009,30.00308752999996],[102.10362534000006,30.02254392000026],[102.14747279,30.058316820000186],[102.16351409999999,30.061922560000085],[102.19636929000006,30.052630000000022],[102.21027487000009,30.058725510000045],[102.23238208999993,30.08717789000002],[102.26658974000003,30.080116060000137]]]},"properties":{"nameZh":"泸定县","nameEn":"泸定县","code":"513322000000","severity":"general","severityZh":"一般灾区","severityEn":"Generally affected","disasterTypeZh":"一般灾区","landformBasinShare":0.0,"landformMountainShare":0.4441881918819188,"landformPlateauShare":0.5558118081180812,"settlementBasinShare":0.0,"settlementMountainShare":0.9428571428571428,"settlementPlateauShare":0.05714285714285714,"landformTypeZh":"混合县","donorBasin":0,"donorMountain":1,"donorPlateau":1,"labelEn":"","landformTypeEn":"Mixed landform county"}},{"type":"Feature","geometry":{"type":"Polygon","coordinates":[[[102.16557523,31.12810417999998],[102.17151153999998,31.107820120000156],[102.16142441000011,31.09367988000008],[102.16580633000012,31.057733820000237],[102.15537236000011,31.053252150000162],[102.16693295000005,31.034182190000024],[102.16068304000004,31.026656849999995],[102.16215763000002,30.998295720000158],[102.17651402000001,30.989275800000087],[102.19241341999998,30.955325920000007],[102.18690963000006,30.93616139000028],[102.19924253999994,30.912300800000082],[102.17371445000003,30.89794603000007],[102.16169188000003,30.90442680999996],[102.09145605000003,30.89547740000006],[102.06562032000005,30.87615004999998],[102.06641611999999,30.800359680000156],[102.03775916000001,30.765708590000145],[102.07190758000013,30.734918640000046],[102.05274057000003,30.73840984000026],[102.03814713999992,30.712067240000067],[102.05467467,30.69394854999996],[102.04381425000003,30.67377377000014],[102.04618342000015,30.664170839999997],[101.98872778999993,30.64233831000007],[101.96590056000002,30.65538973000031],[101.9398615500001,30.64313944000031],[101.91789421000004,30.652011670000036],[101.89714221000008,30.649503460000176],[101.88750707000008,30.626430760000005],[101.89046563000011,30.596665799999982],[101.85772570000012,30.578434430000016],[101.85732586000006,30.548547120000137],[101.8290982800001,30.524546400000304],[101.7954693800001,30.434339450000266],[101.77680687999998,30.409332640000287],[101.75766546,30.40221188999999],[101.74119283000005,30.41388017000014],[101.71057639000009,30.457817840000246],[101.68717681000004,30.47548469000003],[101.69752331000007,30.491374610000094],[101.69320549000008,30.504775100000074],[101.67175308000003,30.502459359999932],[101.62684825999997,30.53414231000005],[101.59276012000004,30.540490350000198],[101.61379008000011,30.561357050000083],[101.61288728000005,30.57623550000011],[101.57914578999998,30.59654759999995],[101.57382775000013,30.614192140000057],[101.58345999000005,30.632554310000046],[101.58195006,30.658502480000095],[101.57035439999999,30.67504185000007],[101.58388640999999,30.71921886000007],[101.58514373000008,30.76313269999997],[101.59432154000007,30.777721780000093],[101.62384478000001,30.781085210000185],[101.62004349000006,30.79764741000008],[101.63111478000008,30.82182566000006],[101.62737488000005,30.884039830000177],[101.61773153000007,30.89558342000015],[101.59846362999997,30.8985394500001],[101.57817803,30.924023820000173],[101.52458697000003,30.928085249999924],[101.46642679000013,30.98069937000031],[101.45423833000012,30.982164940000246],[101.44438563000006,30.97343652000012],[101.43799667000008,30.919268319999958],[101.41859375000013,30.918721600000026],[101.39087364,30.92952499000006],[101.37797205999993,30.98271301000011],[101.32823917999997,30.99350551000009],[101.3139764500001,31.028055980000147],[101.30119324000003,31.037074610000275],[101.32067046000009,31.05405470000011],[101.34359350000011,31.05313294000024],[101.35984335000012,31.075234729999977],[101.3956298600001,31.085913810000022],[101.38741915000003,31.09787244000006],[101.42552575000013,31.11451098000009],[101.4232757900001,31.157686170000147],[101.43584461,31.17306977000004],[101.42799067999994,31.192734250000115],[101.4551183100001,31.203707230000134],[101.46774684000013,31.247561510000082],[101.48902095999995,31.24814434000001],[101.48149043000006,31.269437359999984],[101.45642466999999,31.2824090700002],[101.46283719999997,31.29429189000018],[101.45768120000002,31.30047802000007],[101.46468096000012,31.304571660000022],[101.45550548999995,31.30581298000004],[101.4601681800001,31.315304490000244],[101.44924040000012,31.312007040000083],[101.44811771000013,31.317454769999983],[101.4675511000001,31.33365371000002],[101.46470861000006,31.34307920000026],[101.44550591000001,31.349936530000093],[101.46530403999998,31.35009044000003],[101.48194718999997,31.371689450000133],[101.54279818000009,31.381184800000085],[101.56191804000008,31.36944918000023],[101.56184046000004,31.35305813000008],[101.57052818999995,31.343666710000207],[101.60856901999995,31.38461443],[101.64828950999998,31.383078940000132],[101.65372427000011,31.372295440000187],[101.68382870999994,31.355340810000314],[101.69105166000003,31.32771996000008],[101.70874363999997,31.315887270000133],[101.71284999000011,31.29183587],[101.76561563000001,31.311742430000038],[101.76034665999998,31.295913520000056],[101.76701412000006,31.28148289000012],[101.81831062000009,31.287111180000238],[101.85042959000003,31.2766759000001],[101.86019538,31.244652510000094],[101.8559238900001,31.236738580000065],[101.8646124500001,31.2282029000001],[101.85871851000002,31.21218092000015],[101.87749262,31.192664950000108],[101.88423501000005,31.162286210000275],[101.9101527300001,31.148724330000277],[101.92845895000005,31.17136228999999],[101.97175440000012,31.180280470000184],[101.98362773000002,31.158767150000244],[102.01194149000008,31.146914740000113],[102.02431836000005,31.091298530000245],[102.03498591000005,31.074131760000228],[102.07642084000003,31.08623732999996],[102.12954302000009,31.132895500000302],[102.15033338000006,31.142089269999985],[102.16557523,31.12810417999998]]]},"properties":{"nameZh":"丹巴县","nameEn":"丹巴县","code":"513323000000","severity":"general","severityZh":"一般灾区","severityEn":"Generally affected","disasterTypeZh":"一般灾区","landformBasinShare":0.0,"landformMountainShare":0.14733333333333334,"landformPlateauShare":0.8526666666666667,"settlementBasinShare":0.0,"settlementMountainShare":0.8,"settlementPlateauShare":0.2,"landformTypeZh":"高原县","donorBasin":0,"donorMountain":0,"donorPlateau":1,"labelEn":"","landformTypeEn":"Plateau county"}},{"type":"Feature","geometry":{"type":"Polygon","coordinates":[[[101.95869692999997,29.317858770000043],[101.98224575000006,29.301950280000256],[102.02942439000014,29.294152410000038],[102.05068366,29.298729670000228],[102.0946018200001,29.27456445000007],[102.12044530000003,29.244227319999936],[102.11775438000012,29.22467180000001],[102.05479029000014,29.178112230000238],[102.08010445000014,29.17422148999998],[102.10774494000009,29.187851040000055],[102.12781584000004,29.178934910000066],[102.12998608999999,29.162719840000307],[102.1590844000001,29.133274090000043],[102.14984815000008,29.10250760000008],[102.16684481000004,29.07597345000005],[102.15457966000008,29.051143610000167],[102.16350306999993,29.03950524999999],[102.14830302999997,29.034164190000013],[102.10504669000011,28.98947514000008],[102.05667569999997,28.957081500000186],[102.0493062600001,28.923502760000076],[101.99780380000004,28.904125910000005],[101.98681427000008,28.891249040000048],[101.98392503000014,28.860849570000084],[101.96207797000011,28.835931320000157],[101.96124433000006,28.827404580000234],[101.98777008000013,28.80702519999994],[101.99621666999997,28.75350113999997],[102.02125537000012,28.72386458000011],[101.9835471500001,28.706298150000066],[101.94522518999997,28.67486768000009],[101.91729408000015,28.616211270000008],[101.89996089000005,28.60994774000011],[101.86846051999999,28.61477977000004],[101.83090143000004,28.59753472],[101.75463058000008,28.541783110000267],[101.75515235000006,28.49538314],[101.71242357,28.3824078800003],[101.66599928,28.355424740000217],[101.6302093700001,28.358529410000244],[101.61872531000006,28.378547020000042],[101.53879992000003,28.327645039999936],[101.50808072000012,28.31821940000026],[101.48038160999994,28.321943860000033],[101.46649352999998,28.40772170000008],[101.45260369000005,28.414394899999934],[101.43118866000003,28.48581632000014],[101.42249056000014,28.49301176000006],[101.37120157000004,28.465017160000173],[101.36607977000006,28.47572427],[101.41318425000003,28.524845340000013],[101.42567620000011,28.50827894999992],[101.46750199999991,28.50886302999993],[101.47192096000015,28.502424070000075],[101.51374336000003,28.497613240000135],[101.56842699000003,28.477817740000035],[101.59304067,28.478835480000043],[101.62885503000012,28.493842290000032],[101.61623445000004,28.51305289000004],[101.61971437,28.539454910000188],[101.59721581999992,28.551413620000233],[101.57391464000005,28.58585059000029],[101.55955830000005,28.588412609999978],[101.54924685000003,28.60298006000022],[101.51125420999995,28.594586970000137],[101.4794494200001,28.633996240000215],[101.44397900999996,28.62876650000004],[101.4253840500001,28.649568520000116],[101.36579493999994,28.63249792000005],[101.36873833999994,28.64788906000024],[101.34918932,28.672216779999985],[101.32058711000008,28.669321670000045],[101.29995442,28.676787640000157],[101.27542462000008,28.66906710000012],[101.23536676000003,28.671088800000064],[101.19720037000013,28.656075190000024],[101.20827640999994,28.69931790000021],[101.19838177999998,28.723643410000136],[101.20435118000006,28.756831169999998],[101.18832716999992,28.765303560000063],[101.17499347,28.784470169999963],[101.17016662000015,28.814018430000203],[101.17104305999999,28.8446149800003],[101.19155372000012,28.89668141000027],[101.17918437999998,28.904086539999923],[101.18354109000006,28.942000120000046],[101.15867070000002,28.950010430000077],[101.1436521600001,29.002730589999942],[101.15342620000001,29.02455996000009],[101.13962401000003,29.035903970000277],[101.13707135000004,29.05643379999998],[101.11463012000007,29.07352388000004],[101.11664343000007,29.114772000000016],[101.10372545000007,29.13606107000004],[101.20980269000012,29.175429939999958],[101.24378409000013,29.23276698000012],[101.27911039000003,29.23377779000009],[101.28829402999997,29.224151220000294],[101.2873832300001,29.211349739999946],[101.30747796000009,29.19181519000017],[101.33572463000007,29.192309650000027],[101.36180996999991,29.223325610000188],[101.38430060000007,29.26857263000028],[101.41840996000002,29.28051918],[101.43767204000005,29.309725549999996],[101.48517401999999,29.33774997000006],[101.51039022000009,29.336195040000007],[101.50711108000002,29.28599767999998],[101.5226921200001,29.286706150000157],[101.55412117999992,29.305985120000116],[101.56779282000014,29.286909890000118],[101.59714458000008,29.29740994000008],[101.67773841999997,29.28639916999998],[101.70707107999993,29.256751380000082],[101.70342566999994,29.221649580000246],[101.71635190000012,29.204603740000096],[101.74206501000009,29.20682473000022],[101.7973095800001,29.230566130000284],[101.82276145000014,29.232546520000028],[101.88215853000003,29.280649380000114],[101.95869692999997,29.317858770000043]]]},"properties":{"nameZh":"九龙县","nameEn":"九龙县","code":"513324000000","severity":"general","severityZh":"一般灾区","severityEn":"Generally affected","disasterTypeZh":"一般灾区","landformBasinShare":0.0,"landformMountainShare":0.19155220794565056,"landformPlateauShare":0.8084477920543495,"settlementBasinShare":0.0,"settlementMountainShare":0.8548387096774194,"settlementPlateauShare":0.14516129032258066,"landformTypeZh":"高原县","donorBasin":0,"donorMountain":0,"donorPlateau":1,"labelEn":"","landformTypeEn":"Plateau county"}},{"type":"Feature","geometry":{"type":"Polygon","coordinates":[[[101.29377563000003,30.385269760000256],[101.29446035000001,30.350828030000002],[101.26143134000012,30.309933940000178],[101.26733764000011,30.281881950000127],[101.30156594999994,30.278637460000084],[101.3029201700001,30.268044990000135],[101.24106317000007,30.217668020000303],[101.25957798000007,30.195820180000226],[101.27185267999994,30.191738199999975],[101.33170252000002,30.206741810000267],[101.34911451000005,30.19679324000009],[101.35508600999992,30.176577870000074],[101.34875716999994,30.144990830000097],[101.38043322000004,30.13050098000008],[101.39368749999994,30.09465148000004],[101.36710569000007,30.087759990000222],[101.36181012999992,30.069196030000057],[101.36738250000002,30.051517349999983],[101.35263358000009,30.02947680000011],[101.36269417000011,30.02077033000006],[101.38858063999999,30.025343930000304],[101.40327795999997,30.019407040000033],[101.40712251000014,30.005291740000303],[101.39392716000009,29.98961763999995],[101.39305733000003,29.943737990000102],[101.41006168000013,29.904963520000194],[101.43561881,29.90007717000003],[101.4389526000001,29.893966740000167],[101.42997518000004,29.88474257000007],[101.37049296000004,29.86438134000025],[101.36229650000007,29.83642657000007],[101.34181040000004,29.83780218000021],[101.33971760000003,29.806022510000105],[101.35844030999999,29.774455880000232],[101.35670431000011,29.762612000000104],[101.2644444,29.764682479999976],[101.24650279000002,29.73597053000003],[101.24695299000012,29.694348810000065],[101.26396394000005,29.674108240000123],[101.26341621,29.623460080000257],[101.23889582999999,29.600803540000243],[101.23418544000015,29.57506272000029],[101.24273571000009,29.55885340000009],[101.21975172999998,29.530411749999928],[101.25336941000006,29.51845675000004],[101.26498318,29.480596110000022],[101.19422536999997,29.454646850000074],[101.18084061000008,29.436179360000096],[101.12664837000005,29.412166440000306],[101.11446818000002,29.3977135800003],[101.07174899,29.374142770000105],[101.06821559000002,29.3514283800003],[101.03625239000002,29.366847180000093],[101.00660822000003,29.35910887],[101.01556600999993,29.338099880000073],[101.02910764000006,29.33449406999995],[101.04334485999993,29.342969730000107],[101.04959510000003,29.337809540000023],[101.04175717000004,29.30471749000003],[101.05002161999994,29.25424565000003],[101.03861480000012,29.232229390000043],[101.05825143999999,29.2238689200002],[101.04948390000004,29.201601460000234],[101.0602661900001,29.172040830000242],[101.04862514000007,29.14856108999993],[101.01063812000007,29.131493389999946],[100.95829743000013,29.077326250000056],[100.92784802999995,29.064511510000273],[100.93515637000002,29.091158320000034],[100.92119012000012,29.10272549000001],[100.92350756000002,29.123052340000015],[100.90727624999994,29.17196465000012],[100.89401801000002,29.18144559999996],[100.87843068999996,29.21742377999999],[100.90525345000009,29.264281410000308],[100.88585841999992,29.26248253999995],[100.88082051000004,29.291508320000105],[100.89349950999997,29.311223550000136],[100.89031080000007,29.32073628000012],[100.89784427000006,29.335360210000033],[100.91845735999999,29.353375200000073],[100.8951393000001,29.372493450000263],[100.92774901999996,29.422397980000255],[100.92060475,29.466064890000155],[100.89109251000014,29.504838680000205],[100.85140807000005,29.50430018000003],[100.82325775999999,29.54508385000014],[100.78850053999992,29.543187080000052],[100.80896153000003,29.592785300000287],[100.80479491000006,29.617205800000022],[100.78983943000003,29.626602980000257],[100.76351860000005,29.610817479999923],[100.74333937,29.61363630000011],[100.71549075000013,29.641175840000017],[100.72781741000006,29.679316719999974],[100.65814538000001,29.727941350000265],[100.64044632999997,29.760280220000084],[100.58748823000013,29.813109270000098],[100.54103903000004,29.83445733000002],[100.53597524999992,29.856380969999975],[100.51452582000013,29.87322317000013],[100.51567834000014,29.907663380000088],[100.50023319000007,29.910935569999936],[100.49619200000001,29.928695230000017],[100.47806440000011,29.939760910000018],[100.47070121999997,29.963609480000287],[100.46125639000013,29.971835220000003],[100.48766179999996,29.974736560000053],[100.50831595000005,30.006557250000014],[100.50870561999994,30.026073580000116],[100.49202148000012,30.04484996000008],[100.46405272999999,30.038499570000056],[100.4423936500001,30.05994551000009],[100.42878751,30.06170975000009],[100.41113360000003,30.060520700000097],[100.38091606,30.044342649999976],[100.3836242700001,30.07681188000015],[100.39860331000011,30.090760750000186],[100.39640603000004,30.124353179999957],[100.41802170000005,30.141979220000167],[100.44711117999998,30.15023468000021],[100.43481162,30.16643904000017],[100.3857429200001,30.155177480000077],[100.38193794,30.177000840000062],[100.39480738000009,30.200614430000087],[100.43853168999993,30.19621723000023],[100.44386793000007,30.209729160000165],[100.46751477999993,30.219098250000002],[100.48693176999996,30.242730460000075],[100.50475744999994,30.230141260000096],[100.53271167000008,30.229497960000174],[100.54637727999994,30.185711510000147],[100.55866834999995,30.171941130000107],[100.58035085000006,30.16366735000014],[100.57924945000002,30.157984599999963],[100.62363072000005,30.14291931000031],[100.65084306000011,30.150793510000256],[100.67151045000003,30.143935990000045],[100.66826485000007,30.153932130000044],[100.67647560999995,30.16406226000015],[100.6785334600001,30.15306849000001],[100.70342084000009,30.144299240000066],[100.72028007000006,30.088544510000304],[100.7390571200001,30.08320706000029],[100.76502547000007,30.057746800000075],[100.76708255000005,30.068027200000188],[100.78996526999998,30.04202988999998],[100.79498242999995,30.02082292999995],[100.8017186300001,30.028635640000175],[100.81179622000008,30.01863094000015],[100.81372371000003,30.032615560000124],[100.82018176000008,30.030729460000032],[100.84260216000007,30.01375397000004],[100.84440824000012,29.998343110000008],[100.86094461000005,30.0542283100001],[100.89220093,30.078861850000294],[100.89229638000006,30.097410000000195],[100.88018805000007,30.108228830000257],[100.87963254999994,30.11866637999998],[100.90513396,30.12508104000017],[100.89365133000007,30.157420279999997],[100.89852967000013,30.184708720000117],[100.89092689000006,30.191361660000098],[100.8788184500001,30.18004508000007],[100.87591067,30.19413802000031],[100.85913240000002,30.200588920000087],[100.85756101000004,30.187348940000106],[100.84338601000007,30.19549617000024],[100.83019307000006,30.18592419000015],[100.81698115000012,30.18695340000022],[100.81430734000003,30.210297770000125],[100.76277026000014,30.223555900000008],[100.76495800999999,30.239260349999995],[100.75318753000005,30.26133453],[100.7350018300001,30.267120490000025],[100.72648513000013,30.292988169999944],[100.71654544999996,30.297933610000086],[100.69078893,30.35026794999999],[100.67325383000002,30.351615370000104],[100.6491402100001,30.366029190000063],[100.64502576000001,30.377542370000015],[100.63303791000004,30.380908070000146],[100.62968708000005,30.39358432000006],[100.61591235000003,30.395108410000205],[100.61571490000006,30.421152610000206],[100.63258887,30.414429620000305],[100.68721479999999,30.426416220000135],[100.69272435000005,30.409818770000186],[100.71096313999993,30.40167018000011],[100.71317707999998,30.390129399999978],[100.74425428000006,30.397016150000127],[100.76332832999998,30.387913210000306],[100.77792047000008,30.395051520000095],[100.80430124000009,30.393811580000033],[100.80786907000004,30.400950430000023],[100.82897101000003,30.39342266000017],[100.86186927999995,30.408786239999984],[100.87964750000015,30.430636200000265],[100.88445616000007,30.45340676000012],[100.85567156000002,30.502406850000057],[100.87180876000008,30.51683851000007],[100.90742264,30.476606450000133],[100.99725905000008,30.40691628000019],[101.0398682500001,30.41984654999999],[101.05724833999994,30.458941170000287],[101.06550345,30.464323000000036],[101.09109679,30.457048920000034],[101.10228665,30.48179379999999],[101.11613421000004,30.4589649400001],[101.13384453000003,30.445557660000304],[101.16930613,30.431214400000158],[101.24168873000013,30.465161729999977],[101.25108571999994,30.45156756],[101.27832087000007,30.45149375000011],[101.26661370000011,30.424300200000232],[101.29377563000003,30.385269760000256]]]},"properties":{"nameZh":"雅江县","nameEn":"雅江县","code":"513325000000","severity":"unaffected","severityZh":"???","severityEn":"Unaffected","disasterTypeZh":"未受灾","landformBasinShare":0.0,"landformMountainShare":0.0734068297929551,"landformPlateauShare":0.9265931702070449,"settlementBasinShare":0.0,"settlementMountainShare":0.375,"settlementPlateauShare":0.625,"landformTypeZh":"高原县","donorBasin":0,"donorMountain":0,"donorPlateau":1,"labelEn":"","landformTypeEn":"Plateau county"}},{"type":"Feature","geometry":{"type":"Polygon","coordinates":[[[101.45550548999995,31.30581298000004],[101.46484647000011,31.30338452000001],[101.45768120000002,31.30047802000007],[101.46283719999997,31.29429189000018],[101.45642466999999,31.2824090700002],[101.48149043000006,31.269437359999984],[101.48940018000008,31.249332960000118],[101.46774684000013,31.247561510000082],[101.4551183100001,31.203707230000134],[101.42799067999994,31.192734250000115],[101.43584461,31.17306977000004],[101.4232757900001,31.157686170000147],[101.42552575000013,31.11451098000009],[101.38741915000003,31.09787244000006],[101.3956298600001,31.085913810000022],[101.35984335000012,31.075234729999977],[101.34359350000011,31.05313294000024],[101.32899296,31.056412430000137],[101.30961358000002,31.049307000000226],[101.30179790999995,31.03496178000006],[101.3139764500001,31.028055980000147],[101.32823917999997,30.99350551000009],[101.37797205999993,30.98271301000011],[101.39087364,30.92952499000006],[101.41859375000013,30.918721600000026],[101.43799667000008,30.919268319999958],[101.44438563000006,30.97343652000012],[101.45423833000012,30.982164940000246],[101.46642679000013,30.98069937000031],[101.52458697000003,30.928085249999924],[101.57817803,30.924023820000173],[101.59846362999997,30.8985394500001],[101.61773153000007,30.89558342000015],[101.62737488000005,30.884039830000177],[101.63111478000008,30.82182566000006],[101.62004349000006,30.79764741000008],[101.62384478000001,30.781085210000185],[101.59432154000007,30.777721780000093],[101.58412122000004,30.759706920000042],[101.58388640999999,30.71921886000007],[101.57035439999999,30.67504185000007],[101.58131747000004,30.661588730000005],[101.58345999000005,30.632554310000046],[101.57382775000013,30.614192140000057],[101.58102945000002,30.594575690000056],[101.61278133999997,30.576790370000026],[101.61379008000011,30.561357050000083],[101.59276012000004,30.540490350000198],[101.62684825999997,30.53414231000005],[101.67175308000003,30.502459359999932],[101.69320549000008,30.504775100000074],[101.69752331000007,30.491374610000094],[101.68717681000004,30.47548469000003],[101.71057639000009,30.457817840000246],[101.74119283000005,30.41388017000014],[101.68270639999997,30.42267909000003],[101.66467126000009,30.45808251000011],[101.64060240000009,30.44228992000029],[101.62876138000001,30.423140860000046],[101.60257681000013,30.41728080000013],[101.57573448,30.383100689999992],[101.53906252000007,30.406876100000034],[101.52100688000007,30.39902285000005],[101.49439090000004,30.430202500000064],[101.46452013999993,30.434267190000128],[101.43644904000007,30.43008515000014],[101.41213633000001,30.400938090000068],[101.37272661000009,30.38603855000008],[101.36284659000006,30.389977250000015],[101.3613589200001,30.404920650000065],[101.34130831000004,30.411270720000232],[101.29377563000003,30.385269760000256],[101.26661370000011,30.424300200000232],[101.27832087000007,30.45149375000011],[101.25108571999994,30.45156756],[101.24168873000013,30.465161729999977],[101.16930613,30.431214400000158],[101.13384453000003,30.445557660000304],[101.11613421000004,30.4589649400001],[101.10228665,30.48179379999999],[101.09109679,30.457048920000034],[101.06550345,30.464323000000036],[101.05724833999994,30.458941170000287],[101.0398682500001,30.41984654999999],[101.00742438000009,30.406138590000126],[100.99423050000001,30.40831123000015],[100.90742264,30.476606450000133],[100.86094079000009,30.52861599000022],[100.85962928000009,30.565781910000283],[100.89149378000008,30.604254840000124],[100.88639844000005,30.62269413000007],[100.84284093999992,30.679672850000088],[100.85770150000008,30.68785587000019],[100.8642987400001,30.713856190000115],[100.88492219000011,30.727518570000257],[100.89006941000002,30.792763230000276],[100.84870846000013,30.8092947100003],[100.8151668800001,30.836729200000036],[100.77892432000004,30.84802996000019],[100.77470442000009,30.85896965000029],[100.75881778999997,30.86579339000002],[100.75323644000002,30.886414290000175],[100.74472184000001,30.8915683700003],[100.73402600000003,30.890845669999976],[100.72505889000007,30.90021783000026],[100.69481464,30.900196980000146],[100.67845158000006,30.911755050000238],[100.67219314000005,30.921025720000273],[100.67335688000003,30.95924753999992],[100.65890282999993,30.98159919999995],[100.69908907000001,31.04208084000004],[100.67536056000012,31.058165450000047],[100.63922668999999,31.06083321],[100.63562930000006,31.066843230000245],[100.64506467000001,31.08215210999998],[100.68757381000006,31.104187399999944],[100.69008569000005,31.093321759999924],[100.72551198000008,31.070138720000045],[100.7443234800001,31.04212344000001],[100.78739622000006,31.014045570000008],[100.81882909000007,31.018503670000257],[100.86335904999993,31.04304029000002],[100.86870542000003,31.05840461000014],[100.8532982800001,31.119522370000084],[100.8563617000001,31.13176978000024],[100.88603956999998,31.15736378000031],[100.88695054000004,31.19421421000004],[100.93290997999992,31.2097342200002],[100.95775205000012,31.228560500000015],[100.97400884000001,31.28637882000021],[101.00563068999998,31.284915100000262],[101.00971035000003,31.299880030000168],[100.99569209000015,31.339201530000025],[101.01031907999999,31.381721060000245],[101.03315714000007,31.388611980000007],[101.04663016,31.385297190000188],[101.05923459000002,31.390493870000284],[101.0631237400001,31.402701540000123],[101.03524988000004,31.44075997000016],[101.03295048000001,31.48622046000014],[101.05828998999999,31.474387840000077],[101.05675424999993,31.494843270000217],[101.06782234000002,31.515017830000033],[101.07705898000006,31.495543420000047],[101.09622718999992,31.4903077700003],[101.10568861000013,31.471065710000175],[101.14239223999994,31.497098200000266],[101.18405867000007,31.511685580000005],[101.20430966999999,31.510015230000192],[101.21990775000006,31.537365590000093],[101.24108552000013,31.518431150000197],[101.26241938999999,31.46644272000009],[101.24472895999997,31.39684402000006],[101.25543879000008,31.38085756000021],[101.28352640000003,31.37786932000023],[101.29927111999996,31.36087547000011],[101.32658011000001,31.387022920000163],[101.33232641000012,31.38632417000025],[101.33488643999999,31.371000709999976],[101.35305167000001,31.37312263000024],[101.38490016000014,31.400354050000033],[101.40380272000004,31.399561370000015],[101.41374123000008,31.438951680000287],[101.42944407999994,31.442551790000266],[101.45029915999993,31.435988970000096],[101.46253097000005,31.412613640000302],[101.45455593000008,31.391890069999988],[101.44550629000003,31.393231699999944],[101.42634295000005,31.372207780000053],[101.4250274200001,31.347761870000284],[101.44306294000006,31.297247420000303],[101.44999772000006,31.29563273000008],[101.45550548999995,31.30581298000004]]]},"properties":{"nameZh":"道孚县","nameEn":"道孚县","code":"513326000000","severity":"general","severityZh":"一般灾区","severityEn":"Generally affected","disasterTypeZh":"一般灾区","landformBasinShare":0.0,"landformMountainShare":0.0310099573257468,"landformPlateauShare":0.9689900426742531,"settlementBasinShare":0.0,"settlementMountainShare":0.42857142857142855,"settlementPlateauShare":0.5714285714285714,"landformTypeZh":"高原县","donorBasin":0,"donorMountain":0,"donorPlateau":1,"labelEn":"","landformTypeEn":"Plateau county"}},{"type":"Feature","geometry":{"type":"Polygon","coordinates":[[[100.41547451000002,31.848868490000086],[100.42654276000007,31.79519003000013],[100.45371503999996,31.76365505000001],[100.47388052999997,31.720596710000223],[100.47443666999999,31.704771540000024],[100.49375984000005,31.678850290000014],[100.51295501000004,31.680950530000075],[100.51224514000006,31.7031713800003],[100.56743477000003,31.701972880000255],[100.57430622999993,31.745173790000138],[100.55315859000007,31.760385410000026],[100.56118425000011,31.783422850000136],[100.59705687999997,31.799604429999988],[100.56964197000002,31.85000717000014],[100.59279105000013,31.839958900000283],[100.62161842,31.801439640000126],[100.63434404000009,31.794765980000022],[100.66315358999992,31.79506996000015],[100.71503868000002,31.75760137000026],[100.7453004300001,31.754964099999995],[100.76794818999991,31.739127400000086],[100.81855729000011,31.77650685000026],[100.86075280999995,31.788227040000265],[100.8515164800001,31.76107040000005],[100.8636162300001,31.740741820000267],[100.89698212999997,31.74058348000011],[100.93189252000013,31.753538359999993],[100.95160357999998,31.724207980000017],[100.9644758500001,31.717765540000073],[100.96742605999998,31.684401659999992],[101.01468094000006,31.65557553000002],[101.02522678000008,31.64137586000021],[101.0616959400001,31.630396980000057],[101.04874281000002,31.608477190000258],[101.05223206000005,31.59536541],[101.07325745000014,31.578721490000078],[101.05704115000003,31.560408040000254],[101.06945523000013,31.53623957000019],[101.06782234000002,31.515017830000033],[101.05675424999993,31.494843270000217],[101.05828998999999,31.474387840000077],[101.03295048000001,31.48622046000014],[101.02999973999994,31.471680520000234],[101.04380972000007,31.422370810000075],[101.0631237400001,31.402701540000123],[101.05923459000002,31.390493870000284],[101.01031907999999,31.381721060000245],[100.99569209000015,31.339201530000025],[101.00971035000003,31.299880030000168],[101.00563068999998,31.284915100000262],[100.97400884000001,31.28637882000021],[100.95775205000012,31.228560500000015],[100.93290997999992,31.2097342200002],[100.88267105,31.189120870000124],[100.89017919000003,31.169795720000025],[100.88603956999998,31.15736378000031],[100.8563617000001,31.13176978000024],[100.8532982800001,31.119522370000084],[100.86853238000009,31.055201190000105],[100.86335904999993,31.04304029000002],[100.84591991000013,31.03137841000006],[100.80579053000002,31.013988810000058],[100.78739622000006,31.014045570000008],[100.7443234800001,31.04212344000001],[100.72551198000008,31.070138720000045],[100.69008569000005,31.093321759999924],[100.68910689000006,31.103268140000296],[100.67731298999996,31.102729300000306],[100.68216362000004,31.116465809999966],[100.65394267000005,31.1196984500001],[100.63686569000004,31.13642302000011],[100.61599866000012,31.13585351000006],[100.59542727000013,31.16924554000019],[100.56403159000001,31.169486860000063],[100.55151511999998,31.175979460000292],[100.54748733999998,31.201510080000048],[100.53562126999998,31.22049026000002],[100.50294959999997,31.233026290000225],[100.50308862000009,31.24758835],[100.49304805999998,31.2631298],[100.49799974000001,31.270095760000117],[100.48477363000012,31.302135930000304],[100.45835798000007,31.29591846000011],[100.45388564000007,31.342791580000267],[100.46400451000011,31.36596227000001],[100.45964677999996,31.37528879000024],[100.41449590000002,31.383538929999986],[100.40657818000005,31.42077990000007],[100.36234756000005,31.423571130000084],[100.32138230000004,31.471806039999933],[100.29467283000002,31.484689969999977],[100.27656618000003,31.48145781000005],[100.27985569000009,31.522105819999922],[100.26365818,31.570328860000245],[100.26479480000006,31.588605490000248],[100.23444933999997,31.621534660000066],[100.2248049700001,31.64454853000018],[100.21592649000002,31.64860578000031],[100.19056812000008,31.63974225000004],[100.16442838,31.67257177999994],[100.12235404000006,31.67002968999992],[100.10127856999992,31.678281240000217],[100.10856555999999,31.688001530000122],[100.16823191000009,31.700248120000197],[100.1896279500001,31.714480960000287],[100.21519350000011,31.71608312000012],[100.22522244999999,31.71003058000008],[100.23217512000008,31.71504716000004],[100.23909199000008,31.744408080000028],[100.26866498999999,31.77624372000014],[100.26941165,31.797514780000085],[100.28171124999994,31.818594570000073],[100.29464465000001,31.824764150000192],[100.30816941000012,31.82083984000002],[100.31262111000007,31.836645910000243],[100.33644349000008,31.85211094999994],[100.37402013000002,31.854962990000217],[100.38290989999996,31.837532260000216],[100.39172964,31.836541020000084],[100.41547451000002,31.848868490000086]]]},"properties":{"nameZh":"炉霍县","nameEn":"炉霍县","code":"513327000000","severity":"unaffected","severityZh":"???","severityEn":"Unaffected","disasterTypeZh":"未受灾","landformBasinShare":0.008258928571428572,"landformMountainShare":0.003794642857142857,"landformPlateauShare":0.9879464285714286,"settlementBasinShare":0.0,"settlementMountainShare":0.14285714285714285,"settlementPlateauShare":0.8571428571428571,"landformTypeZh":"高原县","donorBasin":0,"donorMountain":0,"donorPlateau":1,"labelEn":"","landformTypeEn":"Plateau county"}},{"type":"Feature","geometry":{"type":"Polygon","coordinates":[[[99.35332186277685,32.88776616477509],[99.38085851000005,32.850159130000065],[99.37181247999996,32.83060570000015],[99.37906974000003,32.808260110000276],[99.40207525,32.78760246000007],[99.44168849000005,32.772416300000145],[99.46489269000006,32.75441526000003],[99.46550847000003,32.74619099000029],[99.49562222999998,32.73063599000022],[99.52222857999993,32.66165563999999],[99.54978053000002,32.62592613999993],[99.58049917000005,32.60575157000011],[99.58368538000008,32.57428636000009],[99.59850193,32.571492780000256],[99.6141004100001,32.578864210000006],[99.62844898999998,32.56470305000016],[99.64800495999998,32.58146300000004],[99.66375166000006,32.57028852000008],[99.69067975000002,32.522493860000054],[99.70898704000007,32.52804155000007],[99.72342349000013,32.54325015000006],[99.74383309000007,32.534095560000026],[99.74786934000002,32.52311754000016],[99.80094645999998,32.48304357000018],[99.80280489000012,32.45041623000009],[99.81956727000005,32.444791660000305],[99.83066099000007,32.42182466999998],[99.82484556999998,32.413717369999915],[99.82802350000003,32.37806505000003],[99.83718151000011,32.3696842600001],[99.85114797,32.37526974000002],[99.8658872100001,32.354941890000134],[99.90328204000008,32.340584720000265],[99.90530516000013,32.32336086999999],[99.86324927999993,32.311413099999925],[99.85603667000004,32.28394662000005],[99.85820623000012,32.25942858000019],[99.88792922000005,32.18610369000004],[99.86767815999991,32.16403029000031],[99.8525483900001,32.16946235],[99.83097708000014,32.16112041000008],[99.8164637000001,32.16445791999996],[99.81352096,32.14952067000024],[99.82701920000005,32.13586398000001],[99.81949327000012,32.12465354000028],[99.83858237000004,32.08969943000005],[99.8769721700001,32.05473373000012],[99.87767468999999,32.02757678000006],[99.88628563999998,32.02032157000019],[99.8884555300001,32.00340459000006],[99.90474735999999,31.99118353000017],[99.90870585999994,31.96604423000025],[99.92779520000005,31.947228560000042],[99.94463487000002,31.942029840000146],[99.9695376900001,31.908081570000206],[99.96721207000002,31.865486069999974],[99.98482408000012,31.851130290000185],[100.00670781999997,31.845077859999947],[100.01555264000012,31.870255890000067],[100.02524959000004,31.877239810000106],[100.0036781600001,31.920728100000133],[100.00228025000007,31.948545100000274],[100.00429365000008,31.96604328000018],[100.0225318900001,31.98904921999997],[100.06621477000004,31.992386039999985],[100.0776216000001,31.957043569999996],[100.10291967,31.974233399999946],[100.11665270000015,31.954214900000068],[100.1305426400001,31.97815239000022],[100.16639485999997,31.99130580999997],[100.14614286,32.02164402],[100.15056929000013,32.06932203000014],[100.17763417000003,32.07969323000009],[100.18469584000007,32.102066289999925],[100.20080087999997,32.103298699999925],[100.21664949999996,32.11540459000008],[100.24486911000002,32.093756950000056],[100.24679952000008,32.052132400000005],[100.27099088000006,32.038409520000016],[100.28188384000003,31.99008071000003],[100.30473094000001,31.978035799999986],[100.32900962999997,31.984478210000304],[100.3622226,31.964260360000083],[100.36904226000007,31.92613497000002],[100.38780094999998,31.91365599000011],[100.38513668000002,31.90073157000029],[100.39803926999997,31.880079730000034],[100.39130917,31.85912092000001],[100.41387971,31.847144150000076],[100.39172964,31.836541020000084],[100.38290989999996,31.837532260000216],[100.37402013000002,31.854962990000217],[100.33644349000008,31.85211094999994],[100.31262111000007,31.836645910000243],[100.30816941000012,31.82083984000002],[100.29464465000001,31.824764150000192],[100.28171124999994,31.818594570000073],[100.26941165,31.797514780000085],[100.26866498999999,31.77624372000014],[100.23909199000008,31.744408080000028],[100.23217512000008,31.71504716000004],[100.22522244999999,31.71003058000008],[100.21519350000011,31.71608312000012],[100.1896279500001,31.714480960000287],[100.16823191000009,31.700248120000197],[100.10115640999993,31.682370529999957],[100.10448680000002,31.67518786000005],[100.12235404000006,31.67002968999992],[100.16442838,31.67257177999994],[100.19056812000008,31.63974225000004],[100.21911554000008,31.64889528000009],[100.23444933999997,31.621534660000066],[100.26091516000002,31.597219399999915],[100.27985569000009,31.522105819999922],[100.27656618000003,31.48145781000005],[100.2431736200001,31.458797989999937],[100.21390348999995,31.45348488999997],[100.12895463000012,31.488981260000116],[100.10443923000014,31.534294150000164],[100.09108686000008,31.53692938000006],[100.07561738999999,31.52202818000012],[100.04030262000015,31.50561286000027],[100.02702079000005,31.490269809999972],[100.02189019000008,31.454033260000074],[99.99332219000001,31.452971750000188],[99.98059613000004,31.407815830000175],[99.96688109000002,31.40347109000004],[99.95406099000013,31.409057080000196],[99.93803714,31.441089100000227],[99.90102543000006,31.48263057000031],[99.86274629000008,31.477040030000296],[99.84172266999997,31.486209480000298],[99.81929246000004,31.463132660000156],[99.8007676200001,31.455721429999926],[99.73675189,31.504924280000125],[99.66739070000006,31.530052420000004],[99.64173767000011,31.5551303000002],[99.62699284999991,31.582569499999977],[99.62990511000004,31.611552420000123],[99.61004828,31.617597060000037],[99.60183125000009,31.629868500000214],[99.60529569000005,31.641195770000024],[99.5705337600001,31.65466873000014],[99.54616039999996,31.648239830000023],[99.54165968000007,31.680568800000117],[99.56488100000013,31.702679999999987],[99.56772408,31.71759140000006],[99.55872934000007,31.73502423000025],[99.57882202000002,31.746849660000066],[99.52896526000012,31.78786908000012],[99.52379838999997,31.814798059999987],[99.53305100000011,31.82333017000019],[99.51607568999998,31.83269482999998],[99.51242736000006,31.850873000000206],[99.48384814000013,31.880447679999918],[99.49670841999995,31.89362478000004],[99.48649931000011,31.90334370000005],[99.49912288000007,31.92230668000019],[99.46875130000012,31.94683238999994],[99.52098775000013,31.986340530000007],[99.54790076000012,31.95869324000006],[99.59255566000002,31.96363123000026],[99.61143907000013,31.952935250000053],[99.61945021000008,31.961980250000067],[99.65235482999998,31.969646590000252],[99.65117594999998,31.992169270000204],[99.64096486000011,32.01688135000012],[99.6034071200001,32.01673762000013],[99.58334758000001,32.036443560000066],[99.55626817000001,32.04276892000013],[99.53485567000007,32.04210894000005],[99.5331346100001,32.03088187999998],[99.51344059000007,32.0247903500001],[99.49941333999993,32.044409489999964],[99.50293865000015,32.06285350999997],[99.52777088000005,32.05189708000012],[99.52832581000013,32.072934570000086],[99.55276426999995,32.10659945000003],[99.55290173000014,32.13599300000004],[99.55995037000002,32.145067170000175],[99.55489990000012,32.15181886999994],[99.5189882300001,32.15895448000026],[99.50902427000005,32.169123490000004],[99.52293672000013,32.189208020000024],[99.55078316000004,32.19483991000027],[99.52036620000007,32.26795863000001],[99.52788363000013,32.29131027],[99.5215194700001,32.3417053500001],[99.46433101000014,32.394389399999966],[99.42530065,32.447963430000186],[99.38890893000001,32.46064684999999],[99.36920203,32.49253643000009],[99.35911498999991,32.52617062999997],[99.34040736999998,32.51732541999996],[99.32287264000007,32.52357040000015],[99.2994438500001,32.57815575999996],[99.25855093000001,32.61745871000011],[99.24179833,32.652025020000224],[99.20858762,32.672703840000054],[99.19493363999999,32.70005626000028],[99.19477694,32.71937610000009],[99.1860100500001,32.72814372000005],[99.18010740000005,32.72372107000024],[99.16277150000008,32.73243044000003],[99.15782422000001,32.760218390000034],[99.16294556000008,32.77558073999995],[99.15099198999991,32.7875297600001],[99.14277126000007,32.813523650000036],[99.14183361999994,32.875051550000194],[99.16542779999992,32.88917500000008],[99.20934167000001,32.87893086999998],[99.22035681,32.88855284999994],[99.24523392000003,32.892800650000254],[99.26711660600017,32.88091874800017],[99.28308905800014,32.88750622500015],[99.30873058400005,32.881049777999976],[99.32599498000013,32.88364682000031],[99.3405177260002,32.89782025500017],[99.35332186277685,32.88776616477509]]]},"properties":{"nameZh":"甘孜县","nameEn":"甘孜县","code":"513328000000","severity":"unaffected","severityZh":"???","severityEn":"Unaffected","disasterTypeZh":"未受灾","landformBasinShare":0.020748100526008183,"landformMountainShare":0.0,"landformPlateauShare":0.9792518994739918,"settlementBasinShare":0.7142857142857143,"settlementMountainShare":0.0,"settlementPlateauShare":0.2857142857142857,"landformTypeZh":"高原县","donorBasin":0,"donorMountain":0,"donorPlateau":1,"labelEn":"","landformTypeEn":"Plateau county"}},{"type":"Feature","geometry":{"type":"Polygon","coordinates":[[[99.54616039999996,31.648239830000023],[99.5705337600001,31.65466873000014],[99.60529569000005,31.641195770000024],[99.60183125000009,31.629868500000214],[99.61004828,31.617597060000037],[99.62990511000004,31.611552420000123],[99.62699284999991,31.582569499999977],[99.64173767000011,31.5551303000002],[99.66739070000006,31.530052420000004],[99.73675189,31.504924280000125],[99.8007676200001,31.455721429999926],[99.81929246000004,31.463132660000156],[99.84172266999997,31.486209480000298],[99.86274629000008,31.477040030000296],[99.90102543000006,31.48263057000031],[99.93803714,31.441089100000227],[99.95406099000013,31.409057080000196],[99.96688109000002,31.40347109000004],[99.98059613000004,31.407815830000175],[99.99332219000001,31.452971750000188],[100.02189019000008,31.454033260000074],[100.02702079000005,31.490269809999972],[100.04030262000015,31.50561286000027],[100.10075786000004,31.538099880000118],[100.13314816000002,31.48696496000008],[100.21390348999995,31.45348488999997],[100.2431736200001,31.458797989999937],[100.27656618000003,31.48145781000005],[100.29857045000011,31.48370299000021],[100.34855311999996,31.446531059999984],[100.36234756000005,31.423571130000084],[100.40657818000005,31.42077990000007],[100.41449590000002,31.383538929999986],[100.45964677999996,31.37528879000024],[100.46400451000011,31.36596227000001],[100.45388564000007,31.342791580000267],[100.45835798000007,31.29591846000011],[100.48477363000012,31.302135930000304],[100.49799974000001,31.270095760000117],[100.49304805999998,31.2631298],[100.50308862000009,31.24758835],[100.50294959999997,31.233026290000225],[100.53562126999998,31.22049026000002],[100.54748733999998,31.201510080000048],[100.54825956000008,31.17970413000006],[100.56403159000001,31.169486860000063],[100.59542727000013,31.16924554000019],[100.61599866000012,31.13585351000006],[100.63686569000004,31.13642302000011],[100.65394267000005,31.1196984500001],[100.68216362000004,31.116465809999966],[100.67402898000006,31.09788618999994],[100.64506467000001,31.08215210999998],[100.63562930000006,31.066843230000245],[100.63922668999999,31.06083321],[100.67536056000012,31.058165450000047],[100.69908907000001,31.04208084000004],[100.65890282999993,30.98159919999995],[100.67335688000003,30.95924753999992],[100.67219314000005,30.921025720000273],[100.67845158000006,30.911755050000238],[100.69481464,30.900196980000146],[100.72505889000007,30.90021783000026],[100.73402600000003,30.890845669999976],[100.74472184000001,30.8915683700003],[100.75323644000002,30.886414290000175],[100.75881778999997,30.86579339000002],[100.77470442000009,30.85896965000029],[100.77892432000004,30.84802996000019],[100.8151668800001,30.836729200000036],[100.84870846000013,30.8092947100003],[100.89006941000002,30.792763230000276],[100.88492219000011,30.727518570000257],[100.8642987400001,30.713856190000115],[100.85770150000008,30.68785587000019],[100.84284093999992,30.679672850000088],[100.88639844000005,30.62269413000007],[100.89149378000008,30.604254840000124],[100.85962928000009,30.565781910000283],[100.86716415000001,30.516502080000123],[100.85567156000002,30.502406850000057],[100.88461224000002,30.451390340000273],[100.87817099,30.42753055999998],[100.86186927999995,30.408786239999984],[100.82897101000003,30.39342266000017],[100.80786907000004,30.400950430000023],[100.80430124000009,30.393811580000033],[100.77792047000008,30.395051520000095],[100.76332832999998,30.387913210000306],[100.74425428000006,30.397016150000127],[100.71317707999998,30.390129399999978],[100.71096313999993,30.40167018000011],[100.69272435000005,30.409818770000186],[100.68721479999999,30.426416220000135],[100.62867440000014,30.41423674000015],[100.60938698999996,30.434014150000166],[100.59470918000005,30.418914739999934],[100.5772878300001,30.434529260000147],[100.54702963000011,30.44114521000006],[100.52152690000014,30.435977080000214],[100.48231741000012,30.449564650000013],[100.46457408999999,30.44360954000024],[100.45295043999994,30.46422118999999],[100.43679544999998,30.47133886000023],[100.4156647100001,30.5170194800001],[100.35540958000007,30.51979991000013],[100.2639538200001,30.54098495000028],[100.21518847000004,30.51522527999998],[100.19990203000003,30.51988287000006],[100.1890092000001,30.51303379000001],[100.16184779000002,30.541258870000206],[100.15552859000013,30.564379640000254],[100.16561552999997,30.589289280000003],[100.16196145999999,30.594564570000216],[100.11859189,30.597627470000134],[100.11215045000012,30.613688410000123],[100.1161866700001,30.623736319999978],[100.09282573000007,30.6602435800001],[100.04961158000015,30.675603840000008],[100.02617220000002,30.659345590000044],[100.0131983,30.66289617000001],[100.00441952,30.656338400000095],[100.00987029999999,30.638168590000248],[100.0040707600001,30.620341340000095],[99.96323100999996,30.6357303100001],[99.94515031000003,30.633436870000253],[99.94188505000005,30.64075395000009],[99.91769527999998,30.649487590000092],[99.8728346900001,30.615919780000013],[99.81248510000006,30.63502318000002],[99.81644378000004,30.652017299999955],[99.79937752000001,30.651008120000142],[99.78765923000014,30.660784770000305],[99.77423900999997,30.693410150000204],[99.76344867,30.70357460000008],[99.74770102000014,30.70126486000015],[99.74200628000006,30.718994399999985],[99.73818709000005,30.761038929999927],[99.74564377000013,30.797944719999975],[99.73120720000003,30.839223249999975],[99.74325655000013,30.86899333000008],[99.76684340000003,30.891817699999933],[99.7549587800001,30.954369720000102],[99.76311091000008,30.97348679000021],[99.77515985000014,30.98110829000001],[99.83922281000008,30.995338580000066],[99.85943091000001,31.025281470000266],[99.9377654600001,31.040343540000208],[99.94350271000013,31.05058474000009],[99.90547879000013,31.07308347999998],[99.88834430999992,31.11364376000006],[99.88804918000005,31.14961188000018],[99.86917026000009,31.205611809999994],[99.87925690999998,31.22671566000014],[99.87551932999997,31.245975699999974],[99.82959471999999,31.240030400000308],[99.7784076000001,31.254567839999993],[99.74346671000012,31.2486351900003],[99.74043234000004,31.273495670000045],[99.72668552000005,31.272629030000303],[99.72439721000006,31.30586414000021],[99.73399694000011,31.329590580000115],[99.72611493000005,31.35058320000013],[99.74023266000006,31.3709785100001],[99.72214878,31.383989799999995],[99.71812096999997,31.39553486000011],[99.67108431999998,31.39534398000012],[99.6600185800001,31.42032074000008],[99.63590889000011,31.42682210999999],[99.58018418000012,31.423941379999974],[99.57094291000004,31.434194349999927],[99.5865753000001,31.46965888000011],[99.58363332000005,31.476618180000003],[99.52773356,31.50497839000002],[99.51997357000005,31.518427450000047],[99.48416706000006,31.527759830000036],[99.46888955000003,31.568291140000042],[99.45047758999999,31.570446129999993],[99.41181229000006,31.600492120000183],[99.38775701999992,31.60002632999999],[99.37954480000008,31.60781420000012],[99.38077811,31.631163370000024],[99.39633293000003,31.63532529000014],[99.40054476,31.67236158999998],[99.40698466000009,31.679508880000185],[99.45038381000006,31.65968029000021],[99.47275595000002,31.66686217000006],[99.46917593000012,31.65085370000014],[99.48602512000014,31.64847687999992],[99.49374668000007,31.63390826999995],[99.53175668999995,31.63626143000016],[99.54616039999996,31.648239830000023]]]},"properties":{"nameZh":"新龙县","nameEn":"新龙县","code":"513329000000","severity":"unaffected","severityZh":"???","severityEn":"Unaffected","disasterTypeZh":"未受灾","landformBasinShare":0.0,"landformMountainShare":0.013968863297078268,"landformPlateauShare":0.9860311367029218,"settlementBasinShare":0.0,"settlementMountainShare":0.0,"settlementPlateauShare":1.0,"landformTypeZh":"高原县","donorBasin":0,"donorMountain":0,"donorPlateau":1,"labelEn":"","landformTypeEn":"Plateau county"}},{"type":"Feature","geometry":{"type":"Polygon","coordinates":[[[99.18010740000005,32.72372107000024],[99.1860100500001,32.72814372000005],[99.19601840000007,32.71728013000006],[99.19493363999999,32.70005626000028],[99.20858762,32.672703840000054],[99.24179833,32.652025020000224],[99.25855093000001,32.61745871000011],[99.2994438500001,32.57815575999996],[99.32287264000007,32.52357040000015],[99.34040736999998,32.51732541999996],[99.35911498999991,32.52617062999997],[99.36920203,32.49253643000009],[99.38890893000001,32.46064684999999],[99.42530065,32.447963430000186],[99.46433101000014,32.394389399999966],[99.5215194700001,32.3417053500001],[99.52788363000013,32.29131027],[99.52036620000007,32.26795863000001],[99.55078316000004,32.19483991000027],[99.52293672000013,32.189208020000024],[99.50902427000005,32.169123490000004],[99.5189882300001,32.15895448000026],[99.55489990000012,32.15181886999994],[99.55995037000002,32.145067170000175],[99.55290173000014,32.13599300000004],[99.55276426999995,32.10659945000003],[99.52832581000013,32.072934570000086],[99.52777088000005,32.05189708000012],[99.50293865000015,32.06285350999997],[99.49941333999993,32.044409489999964],[99.51344059000007,32.0247903500001],[99.5331346100001,32.03088187999998],[99.53485567000007,32.04210894000005],[99.55626817000001,32.04276892000013],[99.58334758000001,32.036443560000066],[99.6034071200001,32.01673762000013],[99.64096486000011,32.01688135000012],[99.65500649,31.973384730000078],[99.64448276000002,31.96434081000018],[99.61945021000008,31.961980250000067],[99.61143907000013,31.952935250000053],[99.59255566000002,31.96363123000026],[99.55430405000004,31.956664240000237],[99.53475744000008,31.96777744999997],[99.52098775000013,31.986340530000007],[99.46875130000012,31.94683238999994],[99.49912288000007,31.92230668000019],[99.48649931000011,31.90334370000005],[99.49670841999995,31.89362478000004],[99.48384814000013,31.880447679999918],[99.51242736000006,31.850873000000206],[99.51607568999998,31.83269482999998],[99.53305100000011,31.82333017000019],[99.52379838999997,31.814798059999987],[99.52896526000012,31.78786908000012],[99.57882202000002,31.746849660000066],[99.55872934000007,31.73502423000025],[99.56772408,31.71759140000006],[99.56488100000013,31.702679999999987],[99.54165968000007,31.680568800000117],[99.5424264400001,31.641769390000263],[99.52268415999998,31.633947129999967],[99.49374668000007,31.63390826999995],[99.48602512000014,31.64847687999992],[99.46917593000012,31.65085370000014],[99.47398028000003,31.666201480000097],[99.45038381000006,31.65968029000021],[99.41106595999992,31.680339389999972],[99.40054476,31.67236158999998],[99.39633293000003,31.63532529000014],[99.36080152000005,31.617977570000278],[99.32350695000014,31.628994199999966],[99.30823357999992,31.64333608000021],[99.27922790000002,31.64750724999999],[99.22345885999994,31.63417438999994],[99.2109293100001,31.608840180000072],[99.19091314000008,31.595494640000027],[99.15436819000001,31.59747444000027],[99.13442824000009,31.624980560000267],[99.12007009000013,31.63009903000028],[99.0908937800001,31.63518112999992],[99.07972481000007,31.626957880000077],[99.05295217999998,31.63976090000017],[99.03433242,31.6170653800001],[99.03425403000011,31.60511458000002],[99.04402909999993,31.594602230000078],[99.06778012000012,31.58793061],[99.09717879000004,31.538619030000064],[99.05194680000011,31.505761040000095],[99.07274695000001,31.463786440000035],[99.0932981200001,31.443065400000307],[99.04566252000012,31.432088959999987],[99.02347464000013,31.43569723000013],[99.00337916000007,31.422740510000096],[98.98840529999995,31.42258396000011],[98.9748212500001,31.43705430999995],[98.97560127999998,31.469332839999936],[98.91213168000013,31.427397030000293],[98.86957267000003,31.41269583999997],[98.86303934,31.4036425500002],[98.84325109999997,31.417272160000095],[98.84532846000008,31.429147100000137],[98.83711063999999,31.438932080000086],[98.79526977999996,31.460215479999988],[98.78665817000012,31.476539680000087],[98.76967394999997,31.478452150000066],[98.71424159000003,31.51147721000001],[98.68373630000002,31.55504407999996],[98.65565074000006,31.570873319999976],[98.63421582000001,31.59365243000002],[98.61881504999991,31.59403098000007],[98.58637372999999,31.635662169999932],[98.55364073000004,31.658991550000053],[98.55832412000012,31.677071120000278],[98.54801168000006,31.685888180000063],[98.55755367999996,31.69112292000011],[98.54447503,31.702978120000296],[98.54671948000009,31.718231620000097],[98.51664294000005,31.71974981000011],[98.52085813000008,31.72995003999995],[98.50848349000012,31.75424744000003],[98.49462490000008,31.769541409999988],[98.48119335000001,31.77220841000002],[98.47766860000007,31.78425942000007],[98.45956913999999,31.784020250000026],[98.45592520000014,31.792332269999918],[98.46235582999998,31.799714720000054],[98.43875429000013,31.81788452000012],[98.44277898000007,31.83019780999996],[98.41508184000008,31.832410910000135],[98.41465335999993,31.845877440000038],[98.42568412000014,31.8589293200003],[98.41639285000002,31.86342028000007],[98.41001497000002,31.88754244000023],[98.39841766000006,31.9009182800001],[98.40286824883782,31.912568811828805],[98.43328874999997,31.9285608200002],[98.43398951000006,31.939159389999986],[98.42092310000004,31.94448573000011],[98.43345028000005,31.962029270000244],[98.42726085000004,31.998610520000057],[98.43417830000004,32.01000511000012],[98.40452560771604,32.02587487459891],[98.40412126000001,32.04725300000007],[98.35679166000011,32.08947913999998],[98.34374954999993,32.08990455999998],[98.34384417000012,32.09798623000023],[98.32865125000001,32.10368007000005],[98.32836778000001,32.11057914000014],[98.31192259,32.11322677000021],[98.31289218000012,32.126622890000135],[98.30155030999998,32.12553654999999],[98.29510020000009,32.15226029000007],[98.25940462,32.21133019000007],[98.24059970000013,32.228983340000184],[98.21872127,32.236582720000115],[98.21941076000007,32.25908518],[98.23014433000014,32.26526435000022],[98.20896491999997,32.326756550000084],[98.21630913000013,32.33459907000025],[98.21509816000008,32.34671691000011],[98.23024077000014,32.353922420000174],[98.23916445000003,32.37045018000026],[98.26709291999998,32.366993089999994],[98.26996598000005,32.39283033999993],[98.29148674000004,32.40935642000005],[98.2870988300001,32.419035759999986],[98.27057792000005,32.41902831000027],[98.25429229999992,32.42878358000024],[98.26415580999998,32.43471129000005],[98.26117252000006,32.43872940000017],[98.2849433500001,32.46242396000008],[98.30568046999991,32.45446557999992],[98.31807182000006,32.46428577000012],[98.34322328000007,32.4568571100001],[98.34519403000007,32.44741268000007],[98.37402896000009,32.452010040000005],[98.41103447,32.441906220000305],[98.42660362999999,32.449628240000266],[98.44577504999995,32.4360567400002],[98.47185673000007,32.436449400000015],[98.51964797,32.414524480000296],[98.51856913000006,32.39628348000002],[98.56031215000013,32.35858546999998],[98.61225528,32.34410007000014],[98.64686386000005,32.34419707000001],[98.65877288000007,32.331918600000165],[98.69042245000009,32.327746859999934],[98.72708930000005,32.36506915000018],[98.73244561000001,32.42072074999993],[98.74264562000002,32.4237088000001],[98.76840116999995,32.46107529000005],[98.81411359000003,32.484168429999954],[98.85289827000008,32.51941833000012],[98.86994579999998,32.51541759000003],[98.90311436000007,32.52363855000027],[98.90086106999996,32.54061174000026],[98.90822423000009,32.546536179999976],[98.93392058000012,32.54583745000008],[98.93723732000007,32.561659280000015],[98.95264689000004,32.565090020000014],[98.95721932999999,32.5754367400001],[98.9780819400001,32.570175390000315],[98.98020227,32.593282400000305],[98.99340117999998,32.62284921000008],[99.00410504000013,32.63073585000001],[98.99146230999997,32.64686225000008],[99.01513803000012,32.664128860000005],[99.01662187999995,32.73007511999998],[99.02991464000007,32.7324336800001],[99.05027352000008,32.72172466000006],[99.05925866000007,32.68582728999996],[99.07001166999999,32.681304640000235],[99.10682435000001,32.69089894000001],[99.12044456000001,32.71729921000002],[99.13534032000007,32.715708500000005],[99.15086217000004,32.70284890000005],[99.16179962000012,32.717377839999926],[99.17592301000002,32.71279942000001],[99.18010740000005,32.72372107000024]]]},"properties":{"nameZh":"德格县","nameEn":"德格县","code":"513330000000","severity":"unaffected","severityZh":"???","severityEn":"Unaffected","disasterTypeZh":"未受灾","landformBasinShare":0.0,"landformMountainShare":0.0,"landformPlateauShare":1.0,"settlementBasinShare":0.0,"settlementMountainShare":0.0,"settlementPlateauShare":1.0,"landformTypeZh":"高原县","donorBasin":0,"donorMountain":0,"donorPlateau":1,"labelEn":"","landformTypeEn":"Plateau county"}},{"type":"Feature","geometry":{"type":"Polygon","coordinates":[[[99.38077811,31.631163370000024],[99.38464916000004,31.60125425000018],[99.41181229000006,31.600492120000183],[99.45047758999999,31.570446129999993],[99.46888955000003,31.568291140000042],[99.48416706000006,31.527759830000036],[99.51997357000005,31.518427450000047],[99.52773356,31.50497839000002],[99.58363332000005,31.476618180000003],[99.5865753000001,31.46965888000011],[99.57094291000004,31.434194349999927],[99.58018418000012,31.423941379999974],[99.65622859000001,31.4220243700002],[99.66953310000002,31.396093769999993],[99.71812096999997,31.39553486000011],[99.72214878,31.383989799999995],[99.73533852000008,31.37832346999994],[99.74020179000013,31.366966719999994],[99.72611493000005,31.35058320000013],[99.73399694000011,31.329590580000115],[99.72439721000006,31.30586414000021],[99.72668552000005,31.272629030000303],[99.74043234000004,31.273495670000045],[99.74346671000012,31.2486351900003],[99.7784076000001,31.254567839999993],[99.82959471999999,31.240030400000308],[99.87551932999997,31.245975699999974],[99.87925690999998,31.22671566000014],[99.86917026000009,31.205611809999994],[99.88804918000005,31.14961188000018],[99.88834430999992,31.11364376000006],[99.90547879000013,31.07308347999998],[99.91650242000009,31.06208049999998],[99.94117644000005,31.054618720000065],[99.94434501,31.046250580000105],[99.85943091000001,31.025281470000266],[99.83595899000005,30.993322720000265],[99.76311091000008,30.97348679000021],[99.75510634000005,30.935265710000238],[99.76684340000003,30.891817699999933],[99.74325655000013,30.86899333000008],[99.73120720000003,30.839223249999975],[99.74564377000013,30.797944719999975],[99.73818709000005,30.761038929999927],[99.74770102000014,30.70126486000015],[99.74611181000012,30.649435050000022],[99.73275222999996,30.610858590000305],[99.72286481000009,30.60361817000023],[99.67181387000011,30.605508030000067],[99.63299524000007,30.58955440000011],[99.6449132300001,30.555402309999977],[99.6334205600001,30.546554740000147],[99.59747592999997,30.549985679999963],[99.55124625999997,30.541814769999974],[99.53972790000012,30.545608740000034],[99.53306102000005,30.5730621700003],[99.49512072000005,30.580628049999973],[99.51149147000012,30.595137529999988],[99.51078806999999,30.60685402000007],[99.49071078000003,30.60782676000008],[99.46985944,30.631368100000145],[99.42820849000009,30.625533760000224],[99.38152236999991,30.573407980000127],[99.3637521600001,30.50846358000007],[99.37732875000006,30.484178199999917],[99.30948195000002,30.49025260000019],[99.30206694000009,30.49712765000004],[99.29121049000008,30.492297979999933],[99.28061724000008,30.523916610000242],[99.26659744,30.52198497000029],[99.26667161000012,30.51096418000003],[99.25315270999994,30.50027096000008],[99.23522601000013,30.500815790000217],[99.19560162000005,30.532223360000103],[99.17956611,30.525927930000023],[99.18765998000003,30.506457409999996],[99.16777108000002,30.49366408999998],[99.15487625999998,30.50151718999996],[99.14534802999998,30.477932210000063],[99.10831432999998,30.462105790000294],[99.11584951999993,30.412372280000056],[99.09324561,30.38831267000012],[98.99454068000011,30.385015710000005],[98.96736230000005,30.37366796000026],[98.97471733000003,30.394279530000006],[98.96257559000014,30.42541889000006],[98.96483045000002,30.452858170000013],[98.94435871000007,30.484290299999998],[98.94530445999999,30.50203767000005],[98.93123872000007,30.527982050000162],[98.93739742000002,30.552421180000238],[98.92622432000013,30.572301650000043],[98.94111603000005,30.598893500000088],[98.92154008,30.61193277000001],[98.92317228000002,30.642459950000216],[98.90427972000003,30.694055899999967],[98.9070435269382,30.70110402748429],[98.93496376000007,30.708779800000002],[98.93916997974645,30.721780842803923],[98.96131099000013,30.728100570000265],[98.95720618999997,30.767638710000142],[98.90426795000013,30.785384920000126],[98.88094059000002,30.80347692000015],[98.87822469000002,30.825069930000097],[98.85654874999994,30.832666320000158],[98.84824135000008,30.852980490000164],[98.77887049000003,30.897194330000048],[98.77408345000009,30.911708470000292],[98.79627116000006,30.950933159999977],[98.80638538000005,30.996222620000026],[98.7742570100001,31.033591119999983],[98.75683207000003,31.036547259999963],[98.73542665000014,31.052739160000158],[98.7336827100001,31.069253010000125],[98.71191516000005,31.085637250000048],[98.70928937000008,31.12111780999993],[98.67458297000007,31.15651238000021],[98.64335305000003,31.172083629999975],[98.63840370000014,31.18177857000012],[98.60280927000008,31.188614889999997],[98.6014771883419,31.194322410925224],[98.61995002000003,31.20438637000001],[98.62232784000014,31.215706850000004],[98.62052067000002,31.22847284000005],[98.6073933400001,31.230602950000275],[98.60355078999993,31.239697290000095],[98.61584954000006,31.30625406000013],[98.63978355099732,31.340052078212864],[98.69115781600016,31.335381177000045],[98.73328862800014,31.291653481000083],[98.7434697270001,31.267784555000105],[98.76930930000015,31.260255035000284],[98.77536875500016,31.251031918000194],[98.80537138,31.281668019999984],[98.81810696000002,31.319239640000035],[98.86043830000011,31.345925590000036],[98.88384064000002,31.372389600000133],[98.88564442000006,31.378850970000087],[98.86303934,31.4036425500002],[98.86957267000003,31.41269583999997],[98.91213168000013,31.427397030000293],[98.97560127999998,31.469332839999936],[98.9748212500001,31.43705430999995],[98.98840529999995,31.42258396000011],[99.00337916000007,31.422740510000096],[99.02347464000013,31.43569723000013],[99.04566252000012,31.432088959999987],[99.09159708000004,31.441435100000035],[99.09361064000001,31.448497249999946],[99.07274695000001,31.463786440000035],[99.05194680000011,31.505761040000095],[99.09717879000004,31.538619030000064],[99.06778012000012,31.58793061],[99.04402909999993,31.594602230000078],[99.03425403000011,31.60511458000002],[99.03433242,31.6170653800001],[99.05295217999998,31.63976090000017],[99.07972481000007,31.626957880000077],[99.0908937800001,31.63518112999992],[99.13442824000009,31.624980560000267],[99.14497531,31.603680339999983],[99.16189385000013,31.595456150000246],[99.19812624000002,31.59689264000008],[99.22345885999994,31.63417438999994],[99.27922790000002,31.64750724999999],[99.30823357999992,31.64333608000021],[99.32350695000014,31.628994199999966],[99.35485015,31.617546760000153],[99.38077811,31.631163370000024]]]},"properties":{"nameZh":"白玉县","nameEn":"白玉县","code":"513331000000","severity":"unaffected","severityZh":"???","severityEn":"Unaffected","disasterTypeZh":"未受灾","landformBasinShare":0.0,"landformMountainShare":0.0,"landformPlateauShare":1.0,"settlementBasinShare":0.0,"settlementMountainShare":0.0,"settlementPlateauShare":1.0,"landformTypeZh":"高原县","donorBasin":0,"donorMountain":0,"donorPlateau":1,"labelEn":"","landformTypeEn":"Plateau county"}},{"type":"Feature","geometry":{"type":"Polygon","coordinates":[[[97.9001420628287,34.2103543952702],[97.94454351500002,34.200383352000244],[97.96181664000022,34.18008398600017],[98.01177613300024,34.147725862000186],[98.02666740300009,34.125318146000154],[98.04925231600015,34.11633247600008],[98.09860751800011,34.12437861400002],[98.13103799400005,34.10866107200002],[98.15530963300023,34.10924763900016],[98.19716644700014,34.09370643099999],[98.20752435700024,34.08028341100015],[98.22840889022535,34.08792443291327],[98.25581317500013,34.08481434700002],[98.33814979879395,34.09634759841987],[98.40449862400015,34.08673122200008],[98.39171595600016,34.07520700300023],[98.39846533100018,34.07183586300016],[98.39115075600012,34.05784330500006],[98.42750202300016,34.030522805000146],[98.43995967900008,33.993767239000306],[98.43150438900022,33.96479750100036],[98.41427329400011,33.95806159300008],[98.4086910040001,33.94310718100013],[98.41012360700023,33.927867728000194],[98.42637348300025,33.909691371000235],[98.40615646900011,33.868709609000064],[98.43661747400023,33.84375649900011],[98.46292862900003,33.850023559000135],[98.49254716600012,33.79725137999992],[98.48601070000018,33.782782474000044],[98.49113214500017,33.77265398499998],[98.51766803500004,33.77561186600002],[98.53774509700014,33.749391830000036],[98.5825018600001,33.733395583000174],[98.59582593800008,33.71904325600025],[98.59763141100018,33.697998190000135],[98.6565455650001,33.65334676100002],[98.64721420699999,33.6451259010002],[98.61725760100012,33.639201869000146],[98.62082523400016,33.61491395700011],[98.65452239600012,33.59368091400023],[98.64952297500008,33.54651706300024],[98.66618991600023,33.547545988000024],[98.67958310500018,33.52346441000003],[98.72401930900014,33.50741787100009],[98.72230094600019,33.48799531200024],[98.7423101240002,33.478288819000284],[98.73370745300008,33.411110135000115],[98.74729288600014,33.40620395800016],[98.75629539700009,33.38643031200013],[98.77856087700013,33.373587877000034],[98.7831359020002,33.346947071000045],[98.77180740100016,33.34123712900015],[98.7748284060001,33.330161230000215],[98.76377753500014,33.32432973800036],[98.7733875780001,33.30375681800024],[98.75895140800003,33.29177139800015],[98.7577270970001,33.28099869500005],[98.78419505200009,33.27929812900004],[98.80691248000016,33.26731244199999],[98.81357943200004,33.25185905900008],[98.80377864000019,33.223031701000025],[98.8096041340001,33.20917083000006],[98.82828497400016,33.20218687300019],[98.82982156800011,33.18221613400004],[98.85636566200009,33.15428590200014],[98.86938725400017,33.152106581000226],[98.90439445700002,33.126755165000134],[98.93496644900023,33.1178998980003],[98.96531310600017,33.118196487000034],[98.96922770400005,33.10167858199998],[99.0014664270002,33.08449577900035],[99.01685690000005,33.08428482000022],[99.02915700400007,33.096356782000214],[99.04161377200012,33.08652428300013],[99.0596444030001,33.08867361000006],[99.06930625299998,33.07796694400025],[99.09045767499998,33.08069164200009],[99.09646452900017,33.06647749200016],[99.11233421200023,33.06620255799993],[99.12346301100007,33.04795054099992],[99.14881895100018,33.0519982940001],[99.19420950600016,33.038098284],[99.20755926800018,33.020764741000335],[99.20433969500016,33.01296950300036],[99.21489423100019,32.99109643100013],[99.23371276200015,32.985494758000186],[99.23219371100015,32.95658630100024],[99.24973686500005,32.95113592700011],[99.24462416300014,32.92960584700023],[99.25847097000019,32.91016386200016],[99.26523352258317,32.882806957549235],[99.24523392000003,32.892800650000254],[99.22035681,32.88855284999994],[99.20934167000001,32.87893086999998],[99.16542779999992,32.88917500000008],[99.14183361999994,32.875051550000194],[99.14277126000007,32.813523650000036],[99.15099198999991,32.7875297600001],[99.16294556000008,32.77558073999995],[99.15782422000001,32.760218390000034],[99.16277150000008,32.73243044000003],[99.18010740000005,32.72372107000024],[99.17933459000005,32.715320610000276],[99.16179962000012,32.717377839999926],[99.15086217000004,32.70284890000005],[99.13534032000007,32.715708500000005],[99.12044456000001,32.71729921000002],[99.10682435000001,32.69089894000001],[99.07001166999999,32.681304640000235],[99.05925866000007,32.68582728999996],[99.05027352000008,32.72172466000006],[99.02991464000007,32.7324336800001],[99.01662187999995,32.73007511999998],[99.01513803000012,32.664128860000005],[98.99146230999997,32.64686225000008],[99.00410504000013,32.63073585000001],[98.99340117999998,32.62284921000008],[98.98020227,32.593282400000305],[98.9780819400001,32.570175390000315],[98.95721932999999,32.5754367400001],[98.95264689000004,32.565090020000014],[98.93723732000007,32.561659280000015],[98.93392058000012,32.54583745000008],[98.90822423000009,32.546536179999976],[98.90086106999996,32.54061174000026],[98.90311436000007,32.52363855000027],[98.86994579999998,32.51541759000003],[98.85289827000008,32.51941833000012],[98.81411359000003,32.484168429999954],[98.76840116999995,32.46107529000005],[98.74264562000002,32.4237088000001],[98.73244561000001,32.42072074999993],[98.72708930000005,32.36506915000018],[98.69042245000009,32.327746859999934],[98.65877288000007,32.331918600000165],[98.64686386000005,32.34419707000001],[98.61225528,32.34410007000014],[98.56031215000013,32.35858546999998],[98.51856913000006,32.39628348000002],[98.51964797,32.414524480000296],[98.47185673000007,32.436449400000015],[98.44577504999995,32.4360567400002],[98.42660362999999,32.449628240000266],[98.41103447,32.441906220000305],[98.37402896000009,32.452010040000005],[98.34519403000007,32.44741268000007],[98.34322328000007,32.4568571100001],[98.31807182000006,32.46428577000012],[98.30568046999991,32.45446557999992],[98.2849433500001,32.46242396000008],[98.25429028999997,32.42910855000031],[98.29092559999998,32.41484785000023],[98.28905392000001,32.406020030000036],[98.26996598000005,32.39283033999993],[98.26709291999998,32.366993089999994],[98.23916445000003,32.37045018000026],[98.23024077000014,32.353922420000174],[98.20582512000004,32.34830469000008],[98.19701922000013,32.36249717999999],[98.18570932000011,32.360928690000264],[98.17236061,32.374229809999974],[98.13878930999999,32.38131304000001],[98.12555702000009,32.393959510000116],[98.12682668000014,32.403286460000004],[98.10779305000005,32.39354981000014],[98.0978855300001,32.405268009999986],[98.07779132000013,32.404117900000244],[98.07336843999997,32.41358968000003],[98.07809375000011,32.418878650000124],[98.03838251000013,32.42982956000009],[98.02302255000006,32.454830470000104],[98.00815270999999,32.45345828000006],[97.97159952999999,32.47285588000011],[97.94868306999996,32.47245808000025],[97.93697694000008,32.487033950000296],[97.88176512000007,32.48837577000029],[97.86325908000009,32.50169474000006],[97.83654012000005,32.50661222999997],[97.80578276999995,32.502860610000255],[97.79507890000002,32.52344036000022],[97.77388459082209,32.51914691796435],[97.7608797900001,32.532188640000186],[97.71781950000013,32.53171444000003],[97.70025126000013,32.5375054700001],[97.6950813900001,32.546419870000136],[97.67479231000004,32.550164200000154],[97.61674465000004,32.58912466999999],[97.60598577000002,32.61782069000003],[97.58755400000013,32.611580330000095],[97.5812892400001,32.61907017000004],[97.54692288000007,32.62244109000005],[97.53462058000002,32.64078484999993],[97.52406774000013,32.6360078000003],[97.51274340999998,32.65123279000022],[97.48321066,32.655723499999965],[97.4802385000001,32.666357720000065],[97.46970277000003,32.666770580000275],[97.44180843000004,32.69906353000022],[97.42311186000012,32.70710743000018],[97.42864824000009,32.71421715000008],[97.42408039999998,32.729913670000144],[97.3854032700001,32.78145579000005],[97.37821129999992,32.82521424000009],[97.39236783000013,32.83080435000005],[97.38208302999999,32.857399790000045],[97.38871460000001,32.86646976000014],[97.37204085000008,32.87554662000031],[97.37575120999998,32.887872870000194],[97.35482601000001,32.88901451000015],[97.34745092000014,32.89720487999995],[97.3494293083566,32.90601882315593],[97.3611130000001,32.90904803000001],[97.35968154000011,32.91988820000006],[97.36890969000001,32.92860570000016],[97.36394385,32.94986936000004],[97.43457941749858,32.97739164214403],[97.46438851600016,32.974106994000124],[97.47661918600011,32.98263772100012],[97.52329476000011,32.99084462000019],[97.4971226589825,33.02395239330474],[97.51753883700019,33.024332542000025],[97.54196551000001,33.03848468000001],[97.51646286000005,33.09964854000026],[97.50071680600018,33.09892050100012],[97.48676784999998,33.10945378000008],[97.49774868000009,33.13854442000013],[97.4854305,33.14801141000004],[97.48665427999998,33.16929553],[97.51592447000013,33.18252638000013],[97.53091616000012,33.207431120000024],[97.54838020500011,33.20621999399998],[97.5759063700001,33.22408758000006],[97.57733880000012,33.236598749999985],[97.60820586,33.26780308000008],[97.60627031000007,33.289573290000135],[97.62456878634418,33.34125656727565],[97.63874404500018,33.346903788000304],[97.67567898000004,33.34305478000016],[97.67587824774688,33.35954192461804],[97.70180607999998,33.36168247000006],[97.70118102999993,33.367952909999985],[97.71038833000006,33.36932855000015],[97.70694034000007,33.37910295000029],[97.71438567000007,33.37633642999998],[97.71949520000004,33.38816794000002],[97.73582421000003,33.3899986000003],[97.74945715000001,33.399261840000065],[97.74924496839742,33.40642603351478],[97.75827434000001,33.405101040000034],[97.70892634000006,33.42917346000013],[97.67442896,33.43502109000008],[97.66760640000001,33.44840751000015],[97.64632187000001,33.45031030000001],[97.62871841000009,33.46275197000023],[97.61233803500022,33.46216054400014],[97.60190469000003,33.45377904999998],[97.57997753000012,33.47191510000005],[97.55221798000014,33.46766899000028],[97.55472656,33.47595881000012],[97.5417237100001,33.494659170000034],[97.51154191000006,33.52131975000003],[97.52477077000003,33.57767364000023],[97.48793132999998,33.58942732999998],[97.44963277999994,33.58372182000005],[97.43636809000003,33.60187039999994],[97.41503080000012,33.607128690000195],[97.40524799999997,33.630123050000066],[97.41501316000006,33.63581083000014],[97.43476262000007,33.68193580000002],[97.42167173999997,33.7111819400003],[97.42758314000008,33.72314374000024],[97.41709746000004,33.73011219],[97.41578713000001,33.75000718000001],[97.42249656000001,33.756512790000215],[97.40909360000006,33.76921020000026],[97.39990052000002,33.80564651999998],[97.38497841999992,33.80904662000012],[97.3690053300001,33.823459190000165],[97.37111547000006,33.84355927000024],[97.39907570000003,33.85145162000026],[97.39174076000006,33.863115170000015],[97.39139334809744,33.89048269569048],[97.41000522600012,33.883689324000045],[97.45828821600008,33.888629278000224],[97.46781953786018,33.903713725557054],[97.48215922000003,33.89865116000004],[97.50434691999999,33.91401970000015],[97.53246316000002,33.90529086999999],[97.54841672561952,33.91687768521484],[97.60157536600013,33.931964606000236],[97.63678327000002,33.922028049999994],[97.64405723000004,33.94521320000024],[97.66008201000005,33.96097878000012],[97.65431811000008,34.009475360000124],[97.68691370000005,34.01840303000006],[97.70185296000011,34.03848312000002],[97.70174867000003,34.06243989000018],[97.6631286600001,34.11625923000008],[97.66542049999998,34.12873058000025],[97.77319693999993,34.163816629999985],[97.78711166,34.17223302000002],[97.7960911400001,34.201081480000255],[97.80383266000007,34.19993213999999],[97.81042347210825,34.20922634291912],[97.9001420628287,34.2103543952702]]]},"properties":{"nameZh":"石渠县","nameEn":"石渠县","code":"513332000000","severity":"unaffected","severityZh":"???","severityEn":"Unaffected","disasterTypeZh":"未受灾","landformBasinShare":0.0011211767871557986,"landformMountainShare":0.0,"landformPlateauShare":0.9988788232128442,"settlementBasinShare":0.0,"settlementMountainShare":0.0,"settlementPlateauShare":1.0,"landformTypeZh":"高原县","donorBasin":0,"donorMountain":0,"donorPlateau":1,"labelEn":"","landformTypeEn":"Plateau county"}},{"type":"Feature","geometry":{"type":"Polygon","coordinates":[[[99.88861272980455,33.04552062848961],[99.9019803170001,33.04931297000013],[99.90784783400022,33.02289807400018],[99.94630237700022,32.989177998000116],[99.9554167140002,32.950366560000134],[99.96967815000016,32.94133871800011],[100.00116986000006,32.943802441000344],[100.0358053110001,32.93225543900007],[100.02693828300005,32.89900207100027],[100.04195620600018,32.90085400600009],[100.05379778700006,32.892520504000345],[100.06662879900011,32.89733971600009],[100.08090047200017,32.887171410000235],[100.08560603400008,32.86635349300019],[100.096058186,32.86973264000011],[100.10973933100018,32.86214885300012],[100.108194766,32.848596267000175],[100.12169356900006,32.839321826000116],[100.1178739340001,32.78728394800021],[100.13769341200003,32.72651957200014],[100.1017371533307,32.6865567821211],[100.09129284300019,32.68396700400024],[100.08640604800001,32.67122612700007],[100.10392481100013,32.658837872000106],[100.10865586900007,32.641399562000174],[100.18846631700018,32.6330674740002],[100.1959139380001,32.61436076500024],[100.21364729499999,32.60882613400014],[100.22849008000003,32.65284467999999],[100.23705763976017,32.72381569814911],[100.25994664000001,32.7297716600001],[100.25749039269527,32.74458129142158],[100.33308557900017,32.72043594899992],[100.39857510100018,32.75841237100008],[100.40452273200015,32.74474450600013],[100.37723212400005,32.70055997800023],[100.39066703999998,32.698265620000086],[100.41880858615133,32.733867780306866],[100.43529243900008,32.71953689700035],[100.44800288664737,32.700223355987816],[100.44358991200016,32.69732211600018],[100.4552634750001,32.703713285000276],[100.47062712900015,32.69468849600025],[100.47497868500011,32.67466601100011],[100.48747490000017,32.669485009000255],[100.51570984300014,32.63406762400035],[100.50344296899999,32.62964413100036],[100.515752308,32.62318467700004],[100.50741932500006,32.61246300900024],[100.52375974300008,32.613640535000116],[100.52477294400012,32.60540907000001],[100.53232808200016,32.60470822400015],[100.52305026400006,32.593766109000285],[100.53825460300015,32.59759114100001],[100.53393280600005,32.58931019300036],[100.54424821100008,32.583202313000186],[100.54360808100006,32.57252404000013],[100.55524179800011,32.56751080800029],[100.5637569430001,32.5721073200001],[100.57598480600012,32.56375615200011],[100.57358821500014,32.55484621800031],[100.58669836700005,32.56121109900016],[100.58770168000001,32.55396844100022],[100.60140657400012,32.55642197000009],[100.60089213300012,32.54862609600025],[100.61412841800006,32.54761615100006],[100.61662829100004,32.53991809900015],[100.66664995945985,32.52610545713998],[100.65865879,32.51733153999999],[100.62002243000012,32.50429689000026],[100.63282605000006,32.478652450000084],[100.61366107999993,32.446492100000114],[100.60109219000003,32.44284633000029],[100.59185625000003,32.42911471000008],[100.56121683999999,32.421937110000044],[100.53250301000008,32.39086421999997],[100.52909217000013,32.37588889000011],[100.53716486999997,32.36529842999994],[100.52590700000002,32.34838258000008],[100.53382653999995,32.32299856999998],[100.55262177000009,32.30650040000006],[100.55135400999995,32.283732360000045],[100.55950748999993,32.27641827000008],[100.57241519999997,32.28293830000007],[100.5861396300001,32.27734139000029],[100.57928884000012,32.25771520999996],[100.59581586000013,32.235251100000255],[100.61986775000014,32.229082840000046],[100.63755822000013,32.235598860000096],[100.66378099999997,32.22283351000027],[100.68271360000006,32.188734140000065],[100.71910265000002,32.18555368],[100.72849599000006,32.17302084000005],[100.7255446100001,32.164873730000295],[100.69931899,32.16425271000003],[100.6907088100001,32.15001452000024],[100.72632637999993,32.10365451000007],[100.76148013,32.088957550000146],[100.76341073000003,32.07297083000026],[100.78405356000007,32.05143917000004],[100.79747488999993,32.05368949000007],[100.78374155,32.012061170000266],[100.80236120000012,31.99421493000017],[100.81198805999998,31.998559670000304],[100.82765619999998,31.99200309999992],[100.83348092,31.978968750000263],[100.86800151,31.960656239999935],[100.87886914,31.969500940000273],[100.94861244000009,31.989902310000218],[100.96130172000005,31.98171626000004],[100.98897063999999,31.981186710000088],[101.01010149000007,31.951238320000186],[100.9868294100001,31.924587320000057],[100.98604799999993,31.913609039999983],[100.99800060000001,31.900532810000186],[100.99357322000014,31.868760109999926],[100.95144865999993,31.862941190000242],[100.93763937000011,31.827677330000142],[100.91560089000006,31.807388250000088],[100.87812931000008,31.79024396000017],[100.86982311999992,31.793115790000286],[100.81855729000011,31.77650685000026],[100.77107325000003,31.738543690000085],[100.7453004300001,31.754964099999995],[100.71503868000002,31.75760137000026],[100.66315358999992,31.79506996000015],[100.63434404000009,31.794765980000022],[100.62161842,31.801439640000126],[100.59279105000013,31.839958900000283],[100.56762978,31.849794630000133],[100.59705687999997,31.799604429999988],[100.56118425000011,31.783422850000136],[100.55315859000007,31.760385410000026],[100.57430622999993,31.745173790000138],[100.56743477000003,31.701972880000255],[100.51224514000006,31.7031713800003],[100.51295501000004,31.680950530000075],[100.49375984000005,31.678850290000014],[100.47443666999999,31.704771540000024],[100.47388052999997,31.720596710000223],[100.45371503999996,31.76365505000001],[100.42654276000007,31.79519003000013],[100.4171536,31.84755437000007],[100.39130917,31.85912092000001],[100.39803926999997,31.880079730000034],[100.38513668000002,31.90073157000029],[100.38780094999998,31.91365599000011],[100.36904226000007,31.92613497000002],[100.3622226,31.964260360000083],[100.32900962999997,31.984478210000304],[100.30473094000001,31.978035799999986],[100.28188384000003,31.99008071000003],[100.27099088000006,32.038409520000016],[100.24679952000008,32.052132400000005],[100.24486911000002,32.093756950000056],[100.21664949999996,32.11540459000008],[100.20080087999997,32.103298699999925],[100.18469584000007,32.102066289999925],[100.17763417000003,32.07969323000009],[100.15056929000013,32.06932203000014],[100.14614286,32.02164402],[100.16639485999997,31.99130580999997],[100.1305426400001,31.97815239000022],[100.11665270000015,31.954214900000068],[100.10291967,31.974233399999946],[100.0776216000001,31.957043569999996],[100.06621477000004,31.992386039999985],[100.0225318900001,31.98904921999997],[100.00429365000008,31.96604328000018],[100.00228025000007,31.948545100000274],[100.0036781600001,31.920728100000133],[100.02524959000004,31.877239810000106],[100.01555264000012,31.870255890000067],[100.00670781999997,31.845077859999947],[99.98482408000012,31.851130290000185],[99.96721207000002,31.865486069999974],[99.9695376900001,31.908081570000206],[99.94463487000002,31.942029840000146],[99.92779520000005,31.947228560000042],[99.90870585999994,31.96604423000025],[99.90474735999999,31.99118353000017],[99.8884555300001,32.00340459000006],[99.88628563999998,32.02032157000019],[99.87767468999999,32.02757678000006],[99.8769721700001,32.05473373000012],[99.83858237000004,32.08969943000005],[99.81949327000012,32.12465354000028],[99.82701920000005,32.13586398000001],[99.81352096,32.14952067000024],[99.8164637000001,32.16445791999996],[99.83097708000014,32.16112041000008],[99.8525483900001,32.16946235],[99.86767815999991,32.16403029000031],[99.88792922000005,32.18610369000004],[99.85820623000012,32.25942858000019],[99.85603667000004,32.28394662000005],[99.86324927999993,32.311413099999925],[99.90530516000013,32.32336086999999],[99.90328204000008,32.340584720000265],[99.8658872100001,32.354941890000134],[99.85114797,32.37526974000002],[99.83718151000011,32.3696842600001],[99.82802350000003,32.37806505000003],[99.82484556999998,32.413717369999915],[99.83066099000007,32.42182466999998],[99.81956727000005,32.444791660000305],[99.80280489000012,32.45041623000009],[99.80094645999998,32.48304357000018],[99.74786934000002,32.52311754000016],[99.74383309000007,32.534095560000026],[99.72342349000013,32.54325015000006],[99.70898704000007,32.52804155000007],[99.69067975000002,32.522493860000054],[99.66375166000006,32.57028852000008],[99.64800495999998,32.58146300000004],[99.62844898999998,32.56470305000016],[99.6141004100001,32.578864210000006],[99.59850193,32.571492780000256],[99.58368538000008,32.57428636000009],[99.58049917000005,32.60575157000011],[99.54978053000002,32.62592613999993],[99.52222857999993,32.66165563999999],[99.49562222999998,32.73063599000022],[99.46550847000003,32.74619099000029],[99.46489269000006,32.75441526000003],[99.44168849000005,32.772416300000145],[99.40207525,32.78760246000007],[99.37906974000003,32.808260110000276],[99.37181247999996,32.83060570000015],[99.38085851000005,32.850159130000065],[99.35332186277685,32.88776616477509],[99.38436442900019,32.90222011900005],[99.45142989100003,32.864540493000106],[99.55201677000014,32.844648264000114],[99.58074050400018,32.81590532600012],[99.58850046500015,32.791988880000076],[99.60851648700003,32.783253015000184],[99.63622409200025,32.79497646900012],[99.64789069500017,32.775233597000124],[99.65994695500012,32.780644953000035],[99.67244729700019,32.76987685000017],[99.70367984300015,32.76721485400003],[99.71591523600006,32.73503166500001],[99.72911642100019,32.72748458400008],[99.73821383999996,32.73477882999998],[99.73614777000012,32.74930153000025],[99.75898675999991,32.77216734000018],[99.76091381000003,32.79480987000028],[99.76855300000005,32.804608850000136],[99.76558423989763,32.8284861845392],[99.79078404000006,32.88532667999999],[99.77708642000005,32.9217488500002],[99.76232844000003,32.92747997000009],[99.76916054000009,32.93478741000024],[99.76679056000012,32.94316224000022],[99.78403977400018,32.95934574100011],[99.80414387700012,32.942965173000175],[99.83120176800008,32.95373838800026],[99.85168687000004,32.94558641000003],[99.86258937000008,32.98248533000003],[99.87974164000013,33.00822731000011],[99.87630278392788,33.047955758903754],[99.88861272980455,33.04552062848961]]]},"properties":{"nameZh":"色达县","nameEn":"色达县","code":"513333000000","severity":"unaffected","severityZh":"???","severityEn":"Unaffected","disasterTypeZh":"未受灾","landformBasinShare":0.0,"landformMountainShare":0.0,"landformPlateauShare":1.0,"settlementBasinShare":0.0,"settlementMountainShare":0.0,"settlementPlateauShare":1.0,"landformTypeZh":"高原县","donorBasin":0,"donorMountain":0,"donorPlateau":1,"labelEn":"","landformTypeEn":"Plateau county"}},{"type":"Feature","geometry":{"type":"Polygon","coordinates":[[[100.61571490000006,30.421152610000206],[100.61591235000003,30.395108410000205],[100.62968708000005,30.39358432000006],[100.63303791000004,30.380908070000146],[100.64502576000001,30.377542370000015],[100.6491402100001,30.366029190000063],[100.67325383000002,30.351615370000104],[100.69078893,30.35026794999999],[100.71654544999996,30.297933610000086],[100.72648513000013,30.292988169999944],[100.7350018300001,30.267120490000025],[100.75318753000005,30.26133453],[100.76495800999999,30.239260349999995],[100.76277026000014,30.223555900000008],[100.81430734000003,30.210297770000125],[100.81698115000012,30.18695340000022],[100.83019307000006,30.18592419000015],[100.84338601000007,30.19549617000024],[100.85756101000004,30.187348940000106],[100.85913240000002,30.200588920000087],[100.87591067,30.19413802000031],[100.8788184500001,30.18004508000007],[100.89092689000006,30.191361660000098],[100.89852967000013,30.184708720000117],[100.89365133000007,30.157420279999997],[100.90513396,30.12508104000017],[100.87963254999994,30.11866637999998],[100.88018805000007,30.108228830000257],[100.89229638000006,30.097410000000195],[100.89220093,30.078861850000294],[100.86094461000005,30.0542283100001],[100.84452941,29.998457330000065],[100.84260216000007,30.01375397000004],[100.82018176000008,30.030729460000032],[100.81372371000003,30.032615560000124],[100.81179622000008,30.01863094000015],[100.8017186300001,30.028635640000175],[100.79498242999995,30.02082292999995],[100.78996526999998,30.04202988999998],[100.76708255000005,30.068027200000188],[100.76502547000007,30.057746800000075],[100.7390571200001,30.08320706000029],[100.72309252000008,30.085660700000062],[100.70724958,30.14090965000014],[100.6785334600001,30.15306849000001],[100.67663219999997,30.163983960000053],[100.66826485000007,30.153932130000044],[100.67151045000003,30.143935990000045],[100.65084306000011,30.150793510000256],[100.62363072000005,30.14291931000031],[100.57924945000002,30.157984599999963],[100.58035085000006,30.16366735000014],[100.55866834999995,30.171941130000107],[100.54637727999994,30.185711510000147],[100.53521413000004,30.228341290000003],[100.50475744999994,30.230141260000096],[100.49229564000007,30.242976349999992],[100.46598862999997,30.218026340000108],[100.44928582,30.214668590000088],[100.43500707999999,30.194112729999972],[100.39933875000003,30.201280650000115],[100.38917493999998,30.194780760000015],[100.38080838000002,30.169691890000195],[100.3857429200001,30.155177480000077],[100.43481162,30.16643904000017],[100.44711117999998,30.15023468000021],[100.41802170000005,30.141979220000167],[100.39640603000004,30.124353179999957],[100.39860331000011,30.090760750000186],[100.3836242700001,30.07681188000015],[100.37991612000008,30.046316510000054],[100.39056354000013,30.044420520000244],[100.41239807,30.060898320000263],[100.4423936500001,30.05994551000009],[100.45780266999998,30.040339380000034],[100.49202148000012,30.04484996000008],[100.50870561999994,30.026073580000116],[100.50908830000003,30.008575550000216],[100.49612222000013,29.98336977999992],[100.48619725000015,29.974130240000022],[100.46125639000013,29.971835220000003],[100.47070121999997,29.963609480000287],[100.47806440000011,29.939760910000018],[100.49619200000001,29.928695230000017],[100.50023319000007,29.910935569999936],[100.51567834000014,29.907663380000088],[100.51452582000013,29.87322317000013],[100.53597524999992,29.856380969999975],[100.54103903000004,29.83445733000002],[100.58748823000013,29.813109270000098],[100.64044632999997,29.760280220000084],[100.65814538000001,29.727941350000265],[100.72781741000006,29.679316719999974],[100.71549075000013,29.641175840000017],[100.74333937,29.61363630000011],[100.76351860000005,29.610817479999923],[100.78983943000003,29.626602980000257],[100.80479491000006,29.617205800000022],[100.80896153000003,29.592785300000287],[100.78850053999992,29.543187080000052],[100.82325775999999,29.54508385000014],[100.85140807000005,29.50430018000003],[100.89109251000014,29.504838680000205],[100.92565714000006,29.455320880000045],[100.92774901999996,29.422397980000255],[100.8951393000001,29.372493450000263],[100.91845735999999,29.353375200000073],[100.89784427000006,29.335360210000033],[100.88066453000005,29.288869949999935],[100.88731005999995,29.278986139999972],[100.88585841999992,29.26248253999995],[100.90525345000009,29.264281410000308],[100.87878092,29.214334339999994],[100.89401801000002,29.18144559999996],[100.90727624999994,29.17196465000012],[100.91514806000009,29.143117870000083],[100.89312706000004,29.152292390000127],[100.88221690000006,29.149571560000254],[100.83624633,29.116093040000067],[100.79266056000006,29.107645610000134],[100.77110662000013,29.09072110000011],[100.77157549000003,29.066949290000025],[100.83121221000005,29.058563040000138],[100.84452825000011,29.02390405],[100.81920715000007,28.9962539400002],[100.80109907999997,28.9909111500001],[100.77798238000008,29.01353581000012],[100.74854246000012,29.014150810000217],[100.74184525000004,29.007658960000242],[100.72142752999997,29.01199167000027],[100.69618843999996,29.000553050000065],[100.67604999000014,29.018877150000094],[100.64960802000007,29.023825660000284],[100.65699009000014,29.008746420000136],[100.63319424999997,28.993420540000045],[100.61452156000007,28.961486869999987],[100.56659972,28.948980330000097],[100.5437014800001,28.958530699999983],[100.51677577999999,28.954150480000123],[100.51216661999996,28.96501153000031],[100.51727933000006,28.989359090000278],[100.54227839000009,28.993760620000103],[100.54942287000006,29.016311150000263],[100.58282377,29.033826090000105],[100.6126710100001,29.029461340000296],[100.6092422100001,29.049363550000123],[100.58126199999992,29.079482789999986],[100.56646208000001,29.082473349999987],[100.56625555,29.093291540000166],[100.55028335000003,29.09945290000013],[100.52997311999997,29.14049481000029],[100.49715588000004,29.15140899000022],[100.45541629000007,29.139430670000138],[100.43540374999998,29.15076474],[100.41620699000003,29.19241606000014],[100.38363054000007,29.23196243000018],[100.29114115000004,29.295929709999996],[100.28866273000011,29.315902250000192],[100.26705821999991,29.331966809999926],[100.20689778999997,29.42659236999998],[100.18555056000008,29.44258959000024],[100.13964521000008,29.520108500000106],[100.09293564000012,29.630181510000057],[100.06103036000007,29.663950450000243],[100.03282367000003,29.6775011000002],[100.02152937000011,29.703484540000147],[99.99780885000013,29.708996130000003],[99.96807038999998,29.67837073000021],[99.87360853000001,29.647611539999957],[99.88545559000005,29.631347890000086],[99.87095891000013,29.618305340000063],[99.88076888,29.543592490000208],[99.85347744,29.48667652000006],[99.83300034000001,29.4941180000003],[99.76855492000004,29.49689634999993],[99.7396902800001,29.520870020000245],[99.71595103000004,29.585816160000263],[99.66533033000013,29.616919329999973],[99.65926122999997,29.638068060000137],[99.62844607000011,29.645222640000213],[99.59992881000011,29.628059420000113],[99.58682850000008,29.63412885000014],[99.56575649000007,29.677401320000286],[99.55773807000008,29.6818800100001],[99.5643974300001,29.69167848000012],[99.54611736999999,29.736396840000168],[99.5642923100001,29.772241710000173],[99.60893023000006,29.810956040000292],[99.57909946000007,29.843025990000058],[99.56149970000013,29.845545140000127],[99.56354445000005,29.88898826000002],[99.57946509999994,29.90654366000001],[99.59894617999998,29.915355000000034],[99.58398761000007,29.92641633000028],[99.57951108000003,29.949122100000068],[99.56412454000008,29.956517990000066],[99.56377561,29.975643470000136],[99.55560401000008,29.987201240000047],[99.56735856000012,29.994765510000093],[99.57598916000012,30.016200280000305],[99.57084625000005,30.036519140000166],[99.57873732000013,30.04295895000007],[99.5684507900001,30.07561367000011],[99.57617549000008,30.089008200000308],[99.59668270000009,30.089186620000135],[99.5989024700001,30.106346610000116],[99.61922894000003,30.12579911000006],[99.58796979000005,30.15810288],[99.58577391000006,30.17709463],[99.64968499000003,30.23572463000022],[99.71150526000008,30.31913119999996],[99.71107462999998,30.33184929000015],[99.61685087000012,30.36962244],[99.62923223999996,30.38123962000003],[99.63277956999997,30.396736330000067],[99.60387417000004,30.45186209000002],[99.63407203999998,30.480671150000205],[99.62124603000012,30.527729179999994],[99.62743316000012,30.54190796000006],[99.6449132300001,30.555402309999977],[99.63190126999996,30.588109410000072],[99.67181387000011,30.605508030000067],[99.72286481000009,30.60361817000023],[99.73275222999996,30.610858590000305],[99.74611181000012,30.649435050000022],[99.74770102000014,30.70126486000015],[99.76344867,30.70357460000008],[99.77857875000007,30.68673947000019],[99.78765923000014,30.660784770000305],[99.79937752000001,30.651008120000142],[99.81644378000004,30.652017299999955],[99.81248510000006,30.63502318000002],[99.86496869000013,30.61585525000021],[99.87429447000005,30.61650011000006],[99.91563594000013,30.649612010000283],[99.94188505000005,30.64075395000009],[99.94515031000003,30.633436870000253],[99.96323100999996,30.6357303100001],[99.98900879999997,30.621341620000294],[100.00539218,30.620684190000247],[100.00987029999999,30.638168590000248],[100.00441952,30.656338400000095],[100.0131983,30.66289617000001],[100.02617220000002,30.659345590000044],[100.03323064999995,30.66912259000003],[100.05193837000013,30.67506044999999],[100.09282573000007,30.6602435800001],[100.1161866700001,30.623736319999978],[100.11215045000012,30.613688410000123],[100.11859189,30.597627470000134],[100.16196145999999,30.594564570000216],[100.16561552999997,30.589289280000003],[100.15552859000013,30.564379640000254],[100.16184779000002,30.541258870000206],[100.1890092000001,30.51303379000001],[100.19990203000003,30.51988287000006],[100.21518847000004,30.51522527999998],[100.2639538200001,30.54098495000028],[100.35540958000007,30.51979991000013],[100.4156647100001,30.5170194800001],[100.43679544999998,30.47133886000023],[100.45295043999994,30.46422118999999],[100.46457408999999,30.44360954000024],[100.48231741000012,30.449564650000013],[100.52152690000014,30.435977080000214],[100.54702963000011,30.44114521000006],[100.5772878300001,30.434529260000147],[100.59470918000005,30.418914739999934],[100.60845793000004,30.434170610000137],[100.61571490000006,30.421152610000206]]]},"properties":{"nameZh":"理塘县","nameEn":"理塘县","code":"513334000000","severity":"unaffected","severityZh":"???","severityEn":"Unaffected","disasterTypeZh":"未受灾","landformBasinShare":0.0,"landformMountainShare":0.009405058781617385,"landformPlateauShare":0.9905949412183827,"settlementBasinShare":0.0,"settlementMountainShare":0.0,"settlementPlateauShare":1.0,"landformTypeZh":"高原县","donorBasin":0,"donorMountain":0,"donorPlateau":1,"labelEn":"","landformTypeEn":"Plateau county"}},{"type":"Feature","geometry":{"type":"Polygon","coordinates":[[[99.6334205600001,30.546554740000147],[99.62124607999999,30.525435889999983],[99.63407203999998,30.480671150000205],[99.60387417000004,30.45186209000002],[99.63277956999997,30.396736330000067],[99.62923223999996,30.38123962000003],[99.61685087000012,30.36962244],[99.71107462999998,30.33184929000015],[99.71150526000008,30.31913119999996],[99.64968499000003,30.23572463000022],[99.58577391000006,30.17709463],[99.58796979000005,30.15810288],[99.61922894000003,30.12579911000006],[99.5989024700001,30.106346610000116],[99.59668270000009,30.089186620000135],[99.57617549000008,30.089008200000308],[99.5684507900001,30.07561367000011],[99.57873732000013,30.04295895000007],[99.57084625000005,30.036519140000166],[99.57598916000012,30.016200280000305],[99.56735856000012,29.994765510000093],[99.55560401000008,29.987201240000047],[99.56377561,29.975643470000136],[99.56412454000008,29.956517990000066],[99.57951108000003,29.949122100000068],[99.58398761000007,29.92641633000028],[99.59894617999998,29.915355000000034],[99.57946509999994,29.90654366000001],[99.56354445000005,29.88898826000002],[99.56149970000013,29.845545140000127],[99.57909946000007,29.843025990000058],[99.60893023000006,29.810956040000292],[99.5642923100001,29.772241710000173],[99.54611736999999,29.736396840000168],[99.5643974300001,29.69167848000012],[99.55773807000008,29.6818800100001],[99.56755669,29.67423341],[99.59197211000009,29.621283000000062],[99.55415210000007,29.600236470000027],[99.52292499000004,29.601207580000278],[99.48412528000011,29.567866190000075],[99.48628106999996,29.545984280000027],[99.49358259999997,29.54260420000014],[99.50458916000008,29.51152434000022],[99.50436306000006,29.488983270000176],[99.49171633000009,29.45577374000004],[99.48006702000009,29.44505982999999],[99.43697457000007,29.45027957000002],[99.42277903000007,29.429064980000135],[99.44472315999997,29.402773530000275],[99.44096862000015,29.392375430000016],[99.45300882000004,29.379220549999957],[99.4502584,29.346532910000064],[99.45670392000005,29.323368410000114],[99.41733764999998,29.28661375000013],[99.39286579000003,29.242456549999986],[99.37648391999994,29.18399911000023],[99.36445272000014,29.18203888000022],[99.34762841000003,29.193214150000074],[99.32308918000007,29.18558573000024],[99.30935649000014,29.158802530000003],[99.28647480000012,29.16216019000018],[99.28693487999999,29.117106220000267],[99.25349852,29.103556930000252],[99.24378542000011,29.036655810000127],[99.22894169000011,29.048206740000182],[99.20466283999997,29.045428759999993],[99.11493026000011,29.069001749999984],[99.1170924700001,29.10393692000025],[99.10761077000006,29.142287180000267],[99.11401712000003,29.15740130000006],[99.10387083000006,29.16550712999998],[99.1114460500001,29.17194164],[99.11810716000008,29.20176232],[99.11018213,29.219428900000025],[99.11513702000013,29.241058670000143],[99.09360829000002,29.269376529999988],[99.09499365000005,29.27974133999993],[99.08624980000008,29.29177687999993],[99.06554203000002,29.303311130000225],[99.07483277000011,29.31800043000004],[99.05669212999999,29.417680810000206],[99.06592617000001,29.423491080000076],[99.05593334000008,29.459544200000096],[99.06167075000002,29.479172370000015],[99.04881970000002,29.488034990000017],[99.05093540000013,29.509422530000222],[99.04382960999999,29.52270028000015],[99.05108356000011,29.566656550000005],[99.01387406000015,29.61011196999999],[99.01054487000005,29.631243020000113],[98.9911463300001,29.66370483999998],[98.99997049000012,29.739937860000225],[99.01812483999998,29.79465970000018],[99.01285465000001,29.820605940000064],[99.04071297000002,29.884583890000272],[99.0520456100001,29.895495020000112],[99.05704284000007,29.923930100000064],[99.06800571999997,29.929864140000063],[99.05099478000005,29.94241229000022],[99.05199643000014,29.991167310000094],[99.04370961999996,29.99999488000026],[99.04383181000014,30.016343710000058],[99.03361203000009,30.022415460000104],[99.04386310000007,30.082633360000045],[99.00901435000003,30.124009889999968],[99.00958137000009,30.14694511000016],[98.98560351000015,30.16032853000013],[98.99035667999999,30.172156130000133],[98.9808572,30.185720059999937],[98.99320429000005,30.21577833000009],[98.97454848000012,30.232517430000257],[98.96896843000007,30.257154309999976],[98.9858647100001,30.283206400000097],[98.97941794999997,30.293521420000218],[98.98081639000003,30.324101249999956],[98.96675143999994,30.33778063000028],[98.97283090000008,30.353816150000114],[98.96736230000005,30.37366796000026],[98.99454068000011,30.385015710000005],[99.09324561,30.38831267000012],[99.11584951999993,30.412372280000056],[99.10831432999998,30.462105790000294],[99.14534802999998,30.477932210000063],[99.15487625999998,30.50151718999996],[99.16777108000002,30.49366408999998],[99.18765998000003,30.506457409999996],[99.17956611,30.525927930000023],[99.19560162000005,30.532223360000103],[99.23522601000013,30.500815790000217],[99.25315270999994,30.50027096000008],[99.26667161000012,30.51096418000003],[99.26659744,30.52198497000029],[99.28061724000008,30.523916610000242],[99.29121049000008,30.492297979999933],[99.30206694000009,30.49712765000004],[99.30948195000002,30.49025260000019],[99.37732875000006,30.484178199999917],[99.3637521600001,30.50846358000007],[99.38152236999991,30.573407980000127],[99.42820849000009,30.625533760000224],[99.44189875000001,30.62924081000017],[99.46985944,30.631368100000145],[99.49071078000003,30.60782676000008],[99.51078806999999,30.60685402000007],[99.51149147000012,30.595137529999988],[99.49512072000005,30.580628049999973],[99.53306102000005,30.5730621700003],[99.53972790000012,30.545608740000034],[99.6334205600001,30.546554740000147]]]},"properties":{"nameZh":"巴塘县","nameEn":"巴塘县","code":"513335000000","severity":"unaffected","severityZh":"???","severityEn":"Unaffected","disasterTypeZh":"未受灾","landformBasinShare":0.0,"landformMountainShare":0.06510416666666667,"landformPlateauShare":0.9348958333333334,"settlementBasinShare":0.0,"settlementMountainShare":0.8571428571428571,"settlementPlateauShare":0.14285714285714285,"landformTypeZh":"高原县","donorBasin":0,"donorMountain":0,"donorPlateau":1,"labelEn":"","landformTypeEn":"Plateau county"}},{"type":"Feature","geometry":{"type":"Polygon","coordinates":[[[99.85347744,29.48667652000006],[99.85185474000008,29.475144069999942],[99.86832156000008,29.450430740000115],[99.8605782200001,29.430257400000016],[99.87906774999993,29.32351043999995],[99.89286064000004,29.318360200000143],[99.92481673000003,29.33007122999993],[99.94569208000007,29.329992440000012],[99.95360884000002,29.315883780000263],[99.96832129999996,29.310791839999922],[99.97189695000009,29.290503420000107],[99.99138462000008,29.274930110000128],[99.99213057999998,29.25611275000017],[100.03241683999994,29.183892350000292],[100.0332064000001,29.154534469999987],[100.0521570900001,29.133241790000056],[100.06028223000004,29.092397180000034],[100.04431775,29.045072489999995],[100.07102901000013,28.981569089999994],[100.05472559999998,28.961524490000272],[100.06298108000004,28.935568020000062],[100.03251089000008,28.922771490000173],[100.02234593000014,28.91035761000012],[100.03317063999998,28.86376073000008],[100.02343045999999,28.840332180000132],[100.02808349000009,28.829934940000157],[100.07022018999999,28.836840960000075],[100.07020230000012,28.798746130000268],[100.03028831000006,28.78045680000008],[100.02707657000008,28.756181670000274],[99.98412052999998,28.726402120000103],[99.99339181000005,28.711872290000144],[100.0197626900001,28.70727605999997],[100.02255737000007,28.68793065],[100.01071626999999,28.633690060000276],[99.95717585000011,28.563301240000044],[99.94765362000004,28.581722030000094],[99.91852233000003,28.602325080000014],[99.87669383000002,28.613105799999914],[99.87149406999998,28.63638154000023],[99.83344023000001,28.631579440000053],[99.84199051999997,28.643487960000243],[99.83377052000014,28.647404740000297],[99.84040286000004,28.66130443999998],[99.79332026999992,28.702499070000158],[99.75533208000007,28.70370942000011],[99.73199881,28.72287250000028],[99.73531480000008,28.738092960000188],[99.72136626000008,28.760898839999925],[99.71666141000003,28.849581760000206],[99.68269362000007,28.81536986000009],[99.62462941000013,28.818142229999978],[99.62235508600008,28.80040504400023],[99.60488145100015,28.7750456630003],[99.6148820040001,28.745718514000146],[99.60032409000013,28.73847698999998],[99.60014137000007,28.729944430000103],[99.56830266000009,28.71687672000013],[99.56307723000009,28.719802700000116],[99.57297325000002,28.758964300000116],[99.54193193000003,28.778671230000157],[99.49653078,28.786151370000198],[99.46841085000005,28.76580548000021],[99.46041273999998,28.769166010000276],[99.45250743000008,28.794493600000123],[99.43401936000004,28.807552710000266],[99.43121903999997,28.821136150000086],[99.45834718000009,28.844605090000186],[99.4520885600001,28.90983491000003],[99.48455450000012,28.915566839999997],[99.4919161300001,28.94431124999994],[99.52419021000009,28.971417620000295],[99.54493609999992,28.99720278000018],[99.5460821800001,29.00955060000007],[99.51625666000001,29.027389969999945],[99.50393872000012,29.021854030000043],[99.48596959999998,29.03020478999997],[99.43352821000008,29.090797700000053],[99.44797240000003,29.11679435000002],[99.44408641000001,29.132867369999985],[99.40062922000004,29.146023220000302],[99.38301214000012,29.159578800000304],[99.38213593000006,29.17792963000022],[99.37167779000004,29.182644280000034],[99.38446185999999,29.204322360000106],[99.39286579000003,29.242456549999986],[99.41733764999998,29.28661375000013],[99.45670392000005,29.323368410000114],[99.4502584,29.346532910000064],[99.45300882000004,29.379220549999957],[99.44096862000015,29.392375430000016],[99.44472315999997,29.402773530000275],[99.42277903000007,29.429064980000135],[99.43697457000007,29.45027957000002],[99.4702837700001,29.442843810000113],[99.49171633000009,29.45577374000004],[99.50513630000006,29.49177635999996],[99.50458916000008,29.51152434000022],[99.49358259999997,29.54260420000014],[99.48628106999996,29.545984280000027],[99.48412528000011,29.567866190000075],[99.52292499000004,29.601207580000278],[99.56447668000004,29.604131230000235],[99.57889483000002,29.618707120000295],[99.59197211000009,29.621283000000062],[99.58682850000008,29.63412885000014],[99.59828850000008,29.627843640000037],[99.62713322999997,29.645005269999956],[99.65279915999997,29.640819179999994],[99.66159475000012,29.636236160000067],[99.66533033000013,29.616919329999973],[99.71595103000004,29.585816160000263],[99.7396902800001,29.520870020000245],[99.76855492000004,29.49689634999993],[99.83300034000001,29.4941180000003],[99.85347744,29.48667652000006]]]},"properties":{"nameZh":"乡城县","nameEn":"乡城县","code":"513336000000","severity":"unaffected","severityZh":"???","severityEn":"Unaffected","disasterTypeZh":"未受灾","landformBasinShare":0.0,"landformMountainShare":0.049642492339121554,"landformPlateauShare":0.9503575076608785,"settlementBasinShare":0.0,"settlementMountainShare":0.7333333333333333,"settlementPlateauShare":0.26666666666666666,"landformTypeZh":"高原县","donorBasin":0,"donorMountain":0,"donorPlateau":1,"labelEn":"","landformTypeEn":"Plateau county"}},{"type":"Feature","geometry":{"type":"Polygon","coordinates":[[[100.52022194,28.9529112700003],[100.52923183000013,28.92774555000011],[100.54166088,28.922423340000307],[100.54061124000003,28.893167440000127],[100.55747624000008,28.864772050000283],[100.56276980000001,28.83687911000004],[100.59084136000013,28.81875904000003],[100.57893210000009,28.801431019999995],[100.58500783000005,28.785015380000004],[100.59437675000004,28.779992720000052],[100.59365276,28.74748826000007],[100.56173654999998,28.753047639999977],[100.52441289000001,28.729562420000093],[100.51048932999993,28.71261817000004],[100.49471720000003,28.717399139999998],[100.46762471,28.707878680000135],[100.47114870000007,28.69974294000002],[100.4871652000001,28.69965845000013],[100.52258919999991,28.674559429999988],[100.51896018000002,28.620051420000152],[100.52935945000002,28.57764898000005],[100.51376930000009,28.563073870000267],[100.49404683,28.507691560000012],[100.44853294,28.47807929000021],[100.43820239000007,28.45152194000019],[100.41616980000015,28.442892470000288],[100.42257615999995,28.423469500000124],[100.41935546000013,28.38983658000012],[100.38633107000004,28.337613359999978],[100.39008154000004,28.326222570000027],[100.40771312999999,28.319938660000048],[100.41582056000004,28.30473486000028],[100.40284199000001,28.281628380000143],[100.37148656,28.253769949999935],[100.36553074,28.217991210000264],[100.38003651000008,28.187670000000026],[100.38606003000001,28.136783690000016],[100.42413421000009,28.016869810000117],[100.41001052999997,28.00825117000005],[100.3775172,28.01940165000019],[100.36578005000001,28.01520640000018],[100.34279315999999,28.021160260000215],[100.33574483000001,28.013528080000015],[100.30176958999994,28.01327595000015],[100.27552025,27.97583521000007],[100.2550696300001,27.964722950000066],[100.23332585000009,27.974483130000294],[100.22468951000013,27.990631720000067],[100.20058408999995,27.98760545000016],[100.17964687000011,27.995118580000053],[100.16423950000001,28.012277540000127],[100.09895002000002,28.05123377000001],[100.07110218000014,28.088444760000073],[100.05995817000002,28.08634703000024],[100.03988443000003,28.13211783000014],[100.01990130000001,28.150854279999976],[100.03203042300004,28.188020536000067],[100.0489926360001,28.185145693000152],[100.06266536900011,28.19704376500016],[100.08712891600015,28.183633062000354],[100.10149618399998,28.205084441000224],[100.15201956300012,28.211625049000304],[100.16850375000007,28.227536710000095],[100.16354778513704,28.23924043220518],[100.18712432000007,28.256992210000135],[100.16788008999998,28.275901940000097],[100.15345265000013,28.279840279999974],[100.14623910643655,28.292093282018698],[100.16742843700018,28.29974274800003],[100.17523348999998,28.32821511000003],[100.13807993000006,28.34337585999998],[100.13318458999998,28.35496442999994],[100.05409044999999,28.37380397999999],[100.06476025999996,28.404594719999977],[100.05959483128254,28.40919270301032],[100.07343287000009,28.428592660000163],[100.05957869000008,28.451016740000114],[100.02916062000003,28.45407983000007],[99.99473356000004,28.47300539000031],[99.98135732999998,28.50584483000017],[99.98504657000007,28.53054602000026],[99.96339839999996,28.543158310000194],[99.96117705000006,28.564902910000058],[99.98682759999997,28.609225610000237],[100.01071626999999,28.633690060000276],[100.02255737000007,28.68793065],[100.0197626900001,28.70727605999997],[99.99339181000005,28.711872290000144],[99.98412052999998,28.726402120000103],[100.02707657000008,28.756181670000274],[100.03028831000006,28.78045680000008],[100.07020230000012,28.798746130000268],[100.07022018999999,28.836840960000075],[100.02653814000007,28.83086547000005],[100.02374342999997,28.842425779999985],[100.03293613000011,28.870184530000074],[100.02172932000013,28.894179750000035],[100.02304069000007,28.912235210000063],[100.03251089000008,28.922771490000173],[100.06298108000004,28.935568020000062],[100.05472559999998,28.961524490000272],[100.07102901000013,28.981569089999994],[100.04431775,29.045072489999995],[100.05978750999992,29.078751750000265],[100.0521570900001,29.133241790000056],[100.0332064000001,29.154534469999987],[100.03241683999994,29.183892350000292],[99.99213057999998,29.25611275000017],[99.99138462000008,29.274930110000128],[99.97536921000011,29.286028730000055],[99.96832129999996,29.310791839999922],[99.95360884000002,29.315883780000263],[99.94569208000007,29.329992440000012],[99.92481673000003,29.33007122999993],[99.89286064000004,29.318360200000143],[99.87906774999993,29.32351043999995],[99.8605782200001,29.430257400000016],[99.86806916000012,29.451827750000064],[99.85111728999999,29.478051530000187],[99.88076888,29.543592490000208],[99.87095891000013,29.618305340000063],[99.88545559000005,29.631347890000086],[99.87360853000001,29.647611539999957],[99.96807038999998,29.67837073000021],[100.00065011000004,29.709546480000085],[100.02152937000011,29.703484540000147],[100.03282367000003,29.6775011000002],[100.06103036000007,29.663950450000243],[100.08626651000003,29.638423490000037],[100.10980313000005,29.598052970000026],[100.13964521000008,29.520108500000106],[100.18555056000008,29.44258959000024],[100.20689778999997,29.42659236999998],[100.26705821999991,29.331966809999926],[100.28866273000011,29.315902250000192],[100.29114115000004,29.295929709999996],[100.38363054000007,29.23196243000018],[100.41620699000003,29.19241606000014],[100.43540374999998,29.15076474],[100.45541629000007,29.139430670000138],[100.49715588000004,29.15140899000022],[100.52997311999997,29.14049481000029],[100.55028335000003,29.09945290000013],[100.56625555,29.093291540000166],[100.56646208000001,29.082473349999987],[100.58126199999992,29.079482789999986],[100.6092422100001,29.049363550000123],[100.6126710100001,29.029461340000296],[100.58282377,29.033826090000105],[100.54942287000006,29.016311150000263],[100.54227839000009,28.993760620000103],[100.51874660999994,28.990954010000053],[100.51216661999996,28.96501153000031],[100.52022194,28.9529112700003]]]},"properties":{"nameZh":"稻城县","nameEn":"稻城县","code":"513337000000","severity":"unaffected","severityZh":"???","severityEn":"Unaffected","disasterTypeZh":"未受灾","landformBasinShare":0.0,"landformMountainShare":0.07693395559326828,"landformPlateauShare":0.9230660444067317,"settlementBasinShare":0.0,"settlementMountainShare":1.0,"settlementPlateauShare":0.0,"landformTypeZh":"高原县","donorBasin":0,"donorMountain":0,"donorPlateau":1,"labelEn":"","landformTypeEn":"Plateau county"}},{"type":"Feature","geometry":{"type":"Polygon","coordinates":[[[99.37167779000004,29.182644280000034],[99.38213593000006,29.17792963000022],[99.38301214000012,29.159578800000304],[99.40062922000004,29.146023220000302],[99.44408641000001,29.132867369999985],[99.44797240000003,29.11679435000002],[99.43352821000008,29.090797700000053],[99.48596959999998,29.03020478999997],[99.50393872000012,29.021854030000043],[99.51625666000001,29.027389969999945],[99.5460821800001,29.00955060000007],[99.54493609999992,28.99720278000018],[99.52419021000009,28.971417620000295],[99.4919161300001,28.94431124999994],[99.48455450000012,28.915566839999997],[99.45407639000007,28.91386915000004],[99.45016113999992,28.900756790000116],[99.45834718000009,28.844605090000186],[99.43202673999997,28.825300270000014],[99.43401936000004,28.807552710000266],[99.44874422999993,28.799605140000097],[99.46507266000003,28.76601269000031],[99.49411265000015,28.785428610000054],[99.51536819000006,28.78366701000016],[99.54193193000003,28.778671230000157],[99.5719403,28.760122410000008],[99.57373913999993,28.74896165000007],[99.56307723000009,28.719802700000116],[99.5306733020002,28.68346763200003],[99.54304187800022,28.670676974999992],[99.53978678505075,28.627054007165214],[99.52298165000008,28.617269670000212],[99.4956213000001,28.619663220000007],[99.4941452469111,28.603447611691422],[99.46347558800005,28.5809858570002],[99.46225956012859,28.552550150387162],[99.42552223000001,28.5585753700002],[99.40787315000011,28.553413150000097],[99.39330543500012,28.527466514000025],[99.40175236200008,28.516535233000127],[99.39450315500005,28.4957773240003],[99.4091046210001,28.4853561930002],[99.4256278960001,28.456940668000357],[99.40325353999998,28.447542920000103],[99.40438124000019,28.436670719000176],[99.41519735399999,28.42027580700028],[99.4302857190001,28.419038720000117],[99.43613640600023,28.405384979000075],[99.42221159000019,28.389157690000104],[99.41719320796142,28.368183110384564],[99.40540486900022,28.36046278600014],[99.40533474710475,28.329448694652626],[99.39173143600016,28.32194184200023],[99.41259139300013,28.29610894400031],[99.41644535700016,28.277851212000087],[99.41545547646405,28.268735976494497],[99.40416186000016,28.265072574000044],[99.38571538000014,28.213662305000298],[99.38708431900017,28.186711329000218],[99.40387274300014,28.15997752600026],[99.40052273000015,28.153958980000198],[99.3747314200001,28.184201499999915],[99.35993099000012,28.184479510000017],[99.33047852000004,28.221165740000004],[99.32020964999998,28.21826232000012],[99.30567933999998,28.23106918000019],[99.29787571000003,28.263500010000143],[99.28018567000004,28.26456026000011],[99.28756377999997,28.27846869000001],[99.28391822000015,28.298171340000238],[99.23754081999999,28.320539840000038],[99.22943401999999,28.353491480000116],[99.19999145999998,28.367837769999994],[99.20021738000003,28.38092400000005],[99.17383823,28.40565176000024],[99.17290965000012,28.420371849999924],[99.16415998000002,28.42860052000009],[99.18623430000002,28.443304030000036],[99.18225056000006,28.47495096000017],[99.1907484300001,28.498234800000034],[99.17879606000008,28.519220870000026],[99.16917017999998,28.56854215000027],[99.18279848999993,28.59227506000002],[99.16402270000003,28.600892859999988],[99.17178349,28.617121550000206],[99.15780720999999,28.625381360000063],[99.16273815999995,28.63780305000006],[99.14526440999998,28.64618278000006],[99.1413927700001,28.682395499999984],[99.12620176000013,28.699878690000048],[99.13414553000013,28.735013969999954],[99.11387974000002,28.764967210000123],[99.11679732000005,28.78245361000012],[99.10328867999999,28.817349000000263],[99.10306313000001,28.84504495000016],[99.11473097999993,28.876627260000078],[99.11245588999998,28.887308650000136],[99.12604178000004,28.901248110000097],[99.13090310000007,28.95166984000025],[99.12382047000011,28.96000702999993],[99.12634595999998,29.021909890000018],[99.11783322999997,29.035397709999927],[99.11493026000011,29.069001749999984],[99.20466283999997,29.045428759999993],[99.22894169000011,29.048206740000182],[99.24378542000011,29.036655810000127],[99.25349852,29.103556930000252],[99.28693487999999,29.117106220000267],[99.28647480000012,29.16216019000018],[99.30935649000014,29.158802530000003],[99.32308918000007,29.18558573000024],[99.34762841000003,29.193214150000074],[99.37167779000004,29.182644280000034]]]},"properties":{"nameZh":"得荣县","nameEn":"得荣县","code":"513338000000","severity":"unaffected","severityZh":"???","severityEn":"Unaffected","disasterTypeZh":"未受灾","landformBasinShare":0.0,"landformMountainShare":0.26175656984785617,"landformPlateauShare":0.7382434301521439,"settlementBasinShare":0.0,"settlementMountainShare":0.9166666666666666,"settlementPlateauShare":0.08333333333333333,"landformTypeZh":"高原县","donorBasin":0,"donorMountain":0,"donorPlateau":1,"labelEn":"","landformTypeEn":"Plateau county"}},{"type":"Feature","geometry":{"type":"Polygon","coordinates":[[[103.96655103999996,30.134600610000177],[103.98476982,30.0804330200001],[103.97129524000013,30.044694590000177],[103.97723067000004,30.028722760000278],[103.96989086000008,30.021641279999983],[103.97114255000008,30.0015358],[103.95736900999998,29.99524335000001],[103.96157974000005,29.987735010000165],[103.95612616,29.981726280000203],[103.92696150000012,29.990161209999997],[103.91810758000008,29.985447270000236],[103.92129310000007,29.977149410000038],[103.94820712000006,29.970833860000084],[103.96160813000012,29.927750380000134],[103.95489355000001,29.911579940000138],[103.94194309999995,29.901993200000277],[103.91347518999999,29.910818410000218],[103.90250513000001,29.899298780000265],[103.89586075000005,29.907419389999973],[103.8899550800001,29.89968789000011],[103.86709824000002,29.911201150000068],[103.86816198000008,29.90054175000006],[103.85414772999997,29.90371298000008],[103.84403441000006,29.896058280000204],[103.79494650999993,29.927721600000268],[103.78859143000011,29.89850909000012],[103.80767197,29.88194487000004],[103.80520703999997,29.869625120000137],[103.75926649000007,29.87701183000007],[103.71295285000002,29.87178032999998],[103.70849823000003,29.881238710000048],[103.69485753000009,29.885374389999924],[103.69057544000003,29.901607179999928],[103.67422541000008,29.907033240000203],[103.67399532000002,29.923231310000176],[103.64706338999997,29.931292220000103],[103.64006019999994,29.920837930000005],[103.62065250999996,29.92130525999994],[103.60602303999991,29.912148130000276],[103.58850415000012,29.921923070000105],[103.58070762,29.945706850000136],[103.54292185999998,29.951014930000213],[103.53793216999998,29.96606841000016],[103.54627099999999,29.971202040000207],[103.54055643000004,29.98351349000029],[103.5625932100001,30.020316340000136],[103.55632679000013,30.0301324200002],[103.54680492000011,30.025834280000197],[103.53919234999995,30.034721549999915],[103.52174542000006,30.028116700000055],[103.5143671300001,30.038728870000227],[103.50806592000009,30.032516360000272],[103.50391623999991,30.06518126000026],[103.48417694000005,30.082281580000085],[103.48614727,30.09227141000008],[103.49605266999998,30.09218392000014],[103.50234588000001,30.106207740000173],[103.51567789,30.11393103000006],[103.50882131000009,30.127925989999994],[103.51276238000003,30.1406434700001],[103.54093027000005,30.160223599999995],[103.53154022000007,30.180683499999986],[103.59527291000006,30.20637471000026],[103.60982000000001,30.204544500000168],[103.60626964000011,30.19748961000016],[103.61248443000005,30.19647105000007],[103.62651144999995,30.21792880000021],[103.65092758000009,30.20300322999998],[103.64782048000006,30.23558220999996],[103.70191153000002,30.251863170000036],[103.70741647000006,30.260964510000292],[103.70163350000013,30.266223600000046],[103.71124719000011,30.270285700000045],[103.71308254000007,30.282911360000014],[103.72702353,30.266258580000283],[103.72385476,30.25650791999999],[103.73072208999997,30.25442877000006],[103.71776935000008,30.252950189999922],[103.71474014000012,30.227497079999978],[103.72572187999998,30.198910200000284],[103.76243665999999,30.184853120000184],[103.77579642999996,30.18996328000003],[103.81606045000007,30.180637080000224],[103.85517202,30.160313800000154],[103.87395577000001,30.16515124],[103.88490981000007,30.127066689999936],[103.90696469000005,30.161846809999986],[103.93598965000012,30.153960680000296],[103.96655103999996,30.134600610000177]]]},"properties":{"nameZh":"东坡区","nameEn":"Meishan","code":"511402000000","severity":"general","severityZh":"一般灾区","severityEn":"Generally affected","disasterTypeZh":"一般灾区","landformBasinShare":1.0,"landformMountainShare":0.0,"landformPlateauShare":0.0,"settlementBasinShare":1.0,"settlementMountainShare":0.0,"settlementPlateauShare":0.0,"landformTypeZh":"盆地县","donorBasin":1,"donorMountain":0,"donorPlateau":0,"labelEn":"Meishan","landformTypeEn":"Basin county"}},{"type":"Feature","geometry":{"type":"MultiPolygon","coordinates":[[[[103.98417154000003,30.27901592000012],[103.97056953000009,30.262508210000306],[103.97470142000003,30.24209203999999],[103.95815653999995,30.216674950000026],[103.98826915999996,30.19808828999993],[103.97359645000012,30.18862245999992],[103.97057699999999,30.17928308000006],[103.97933928000009,30.171770470000013],[103.98025060999998,30.158944049999945],[103.96655103999996,30.134600610000177],[103.93598965000012,30.153960680000296],[103.90696469000005,30.161846809999986],[103.88490981000007,30.127066689999936],[103.87395577000001,30.16515124],[103.85517202,30.160313800000154],[103.81409966000001,30.181178470000248],[103.77579642999996,30.18996328000003],[103.76113115999999,30.18512143999999],[103.72572187999998,30.198910200000284],[103.71667573000002,30.212077550000117],[103.71776935000008,30.252950189999922],[103.73072208999997,30.25442877000006],[103.72385476,30.25650791999999],[103.72702353,30.266258580000283],[103.71308254000007,30.282911360000014],[103.73600082000013,30.293509729999982],[103.72579109000003,30.31090052000002],[103.7486760000001,30.310092290000114],[103.7507242100001,30.321217170000068],[103.76459690000007,30.32065422000005],[103.76758395000013,30.334773499999983],[103.79536359999997,30.349525680000227],[103.84522627000007,30.34626447000022],[103.87213402999993,30.358577770000295],[103.88238797999998,30.33283254000014],[103.90738053000001,30.332884550000188],[103.9163878600001,30.34487207000012],[103.91339711000006,30.3596190100003],[103.93936905999999,30.361001890000125],[103.93349953,30.349040150000008],[103.97374987,30.308473310000295],[103.97250572000007,30.293515290000244],[103.98417154000003,30.27901592000012]]],[[[103.69095929000014,30.24867635999999],[103.67980371999994,30.273098930000117],[103.71401929999996,30.27549284000014],[103.70267927999998,30.268869810000126],[103.70431368000004,30.253770439999926],[103.69095929000014,30.24867635999999]]]]},"properties":{"nameZh":"彭山区","nameEn":"Meishan","code":"511403000000","severity":"general","severityZh":"一般灾区","severityEn":"Generally affected","disasterTypeZh":"一般灾区","landformBasinShare":1.0,"landformMountainShare":0.0,"landformPlateauShare":0.0,"settlementBasinShare":1.0,"settlementMountainShare":0.0,"settlementPlateauShare":0.0,"landformTypeZh":"盆地县","donorBasin":1,"donorMountain":0,"donorPlateau":0,"labelEn":"Meishan","landformTypeEn":"Basin county"}},{"type":"Feature","geometry":{"type":"MultiPolygon","coordinates":[[[[104.44757740000011,30.103663180000126],[104.45724924000012,30.08977049999993],[104.48007139000015,30.087529990000007],[104.47299661000011,30.081439009999997],[104.47995046000011,30.078995610000163],[104.47738004000007,30.073963239999955],[104.4644197500001,30.068747080000037],[104.47739817000013,30.05000414],[104.46171143999999,30.05251013000003],[104.45449673999991,30.04596887000008],[104.45582471,30.038715870000203],[104.46525708000013,30.037883030000216],[104.45519200000007,30.026736330000062],[104.45878162000008,30.020476740000106],[104.44994232000005,30.00010162000001],[104.47668801999998,29.991495870000108],[104.45768736000014,29.954847160000213],[104.47778484000014,29.94725215000028],[104.47886793000004,29.940942310000082],[104.47071958999999,29.937422620000007],[104.48646778000005,29.923607710000226],[104.48664295000015,29.90813759000008],[104.50081066000001,29.900163090000206],[104.49216796000007,29.88409981000018],[104.50020116000002,29.874324230000298],[104.48116570000013,29.857273620000115],[104.47494065000001,29.813920960000132],[104.50120084000014,29.80790669000004],[104.48414160999994,29.78958270000021],[104.46704363999993,29.78753807999999],[104.45417903000009,29.764787169999977],[104.45396531,29.749486760000195],[104.4407577,29.73664784999994],[104.41309755000009,29.734801720000178],[104.39511221999999,29.750910780000027],[104.36962664000004,29.737131920000024],[104.35617470000005,29.74004295000003],[104.33430814000008,29.72487767000007],[104.34774147000007,29.704314880000084],[104.33374770000006,29.700870039999984],[104.31770676999992,29.71220950999998],[104.28859407000004,29.66828688000021],[104.28197071000005,29.670136160000084],[104.26718084000004,29.63517232000015],[104.24929198999996,29.63598542000028],[104.23864894000008,29.64441387000005],[104.24371427999995,29.64892592000001],[104.23217953,29.653135790000192],[104.23777926000008,29.659482860000253],[104.22867073999998,29.664148960000148],[104.2271364,29.67836567000012],[104.21439680000003,29.676108950000298],[104.21385559000004,29.668203080000012],[104.20132126999994,29.668346140000153],[104.19493494,29.68675508000007],[104.20054199999998,29.695277240000166],[104.18395039000012,29.68962448999997],[104.18686755000004,29.711340529999973],[104.15837886999998,29.718940359999976],[104.14875522000006,29.709323910000307],[104.13486752000006,29.712138430000095],[104.10518485000011,29.745125809999934],[104.08685571000001,29.74624347000008],[104.05945458000002,29.78167755999999],[104.07128948000013,29.788373790000037],[104.08618405000004,29.816146770000046],[104.07375274999998,29.816818500000068],[104.06672379999998,29.831010420000098],[104.0414472600001,29.83320705999995],[104.05455498999999,29.853021890000036],[104.04840298000005,29.870958790000202],[104.04091533999997,29.865546310000184],[104.02672046999999,29.87597247000025],[104.00499868000003,29.873979450000206],[103.98065405,29.852965880000227],[103.95992811000002,29.85766702000018],[103.96109118999993,29.86753662000001],[103.99146178000001,29.88554105000003],[103.99391916000008,29.900432080000087],[103.97069947,29.89455427000007],[103.95370464000001,29.917226529999994],[103.96160813000012,29.927750380000134],[103.94820712000006,29.970833860000084],[103.92129310000007,29.977149410000038],[103.91810758000008,29.985447270000236],[103.92696150000012,29.990161209999997],[103.95612616,29.981726280000203],[103.96157974000005,29.987735010000165],[103.95736900999998,29.99524335000001],[103.97114255000008,30.0015358],[103.96989086000008,30.021641279999983],[103.97723067000004,30.028722760000278],[103.97129524000013,30.044694590000177],[103.98476982,30.0804330200001],[103.96655103999996,30.134600610000177],[103.98025060999998,30.158944049999945],[103.97933928000009,30.171770470000013],[103.97057699999999,30.17928308000006],[103.97359645000012,30.18862245999992],[103.98836685000009,30.196969040000056],[103.95815653999995,30.216674950000026],[103.97470142000003,30.24209203999999],[103.97056953000009,30.262508210000306],[103.98417154000003,30.27901592000012],[104.00131434000002,30.266197139999974],[104.02492794,30.274591280000152],[104.02852940000008,30.26700715000004],[104.04704759000003,30.273039419999975],[104.05051215999998,30.26550998000016],[104.06035502000009,30.268360370000096],[104.06672668000004,30.257587020000074],[104.08809917000008,30.251962859999935],[104.11232587999996,30.230170670000234],[104.12330649000006,30.230261440000277],[104.14773657000012,30.247328270000196],[104.14978916000013,30.26787338000031],[104.17337199000008,30.304552510000065],[104.17612641000005,30.32081989000028],[104.19057262000001,30.332464540000046],[104.1991918,30.31918024999993],[104.21070171000002,30.323134080000045],[104.23208782000006,30.31388306000025],[104.22818762999998,30.28382154000002],[104.24101072000008,30.270110780000152],[104.23071698999996,30.254006510000124],[104.26217198000006,30.244266130000312],[104.2701744200001,30.220511780000038],[104.27986917000004,30.223546909999982],[104.30839186999998,30.203478370000084],[104.32621293000011,30.206736739999997],[104.36195131,30.18852610999994],[104.35112638999999,30.18178095999997],[104.38373317000014,30.164324650000196],[104.38539137000004,30.135843960000216],[104.39364796000001,30.12782843000008],[104.40798050999996,30.127393159999997],[104.42010970000007,30.095552999999995],[104.43163921999997,30.09247646],[104.43555397000006,30.104089350000038],[104.44757740000011,30.103663180000126]],[[104.48009199000006,29.85507664000005],[104.48055111000008,29.856867869999974],[104.47959861999993,29.857099110000263],[104.47953655000015,29.85508505000024],[104.48009199000006,29.85507664000005]]],[[[104.23139393000002,30.28364165000005],[104.22975531999998,30.283864610000023],[104.22966328000001,30.283935540000016],[104.23088469999999,30.284835230000056],[104.23139393000002,30.28364165000005]]]]},"properties":{"nameZh":"仁寿县","nameEn":"Meishan","code":"511421000000","severity":"general","severityZh":"一般灾区","severityEn":"Generally affected","disasterTypeZh":"一般灾区","landformBasinShare":1.0,"landformMountainShare":0.0,"landformPlateauShare":0.0,"settlementBasinShare":1.0,"settlementMountainShare":0.0,"settlementPlateauShare":0.0,"landformTypeZh":"盆地县","donorBasin":1,"donorMountain":0,"donorPlateau":0,"labelEn":"Meishan","landformTypeEn":"Basin county"}},{"type":"Feature","geometry":{"type":"Polygon","coordinates":[[[103.51324104999998,29.884212960000127],[103.51302365999993,29.878381560000093],[103.52394143000004,29.877042469999935],[103.52034779000002,29.871274800000037],[103.53041879000006,29.86801408000008],[103.53136511999998,29.84433883000014],[103.51098705000004,29.845098350000114],[103.50152768999999,29.827117470000246],[103.48257617000013,29.81701296999995],[103.46692144999997,29.823830950000286],[103.43062956000011,29.82313282000007],[103.42823357999993,29.790383680000048],[103.43708831999999,29.774839210000152],[103.43167116999996,29.763255430000072],[103.42525670000003,29.77519183000004],[103.41360696999993,29.782569860000308],[103.40619036000004,29.77953794000007],[103.39984927000012,29.79360558000019],[103.4071593000001,29.80003806000002],[103.39273991000005,29.80829432000013],[103.37838053999997,29.795157280000126],[103.35690718000012,29.802033170000072],[103.33134062000005,29.796762890000082],[103.32858474000011,29.785522279999952],[103.31354631999994,29.774413140000092],[103.30789947000011,29.7551559100001],[103.31482693000004,29.745722539999917],[103.29736773000002,29.73015357999998],[103.30223523000006,29.70905614999998],[103.29342456000006,29.698625330000255],[103.30303692000012,29.689796489999992],[103.30161396,29.68063882000007],[103.3246685800001,29.690948330000083],[103.32209718000013,29.681776150000246],[103.33120192000013,29.675255169999957],[103.34083424000005,29.678005479999968],[103.34805157,29.692556589999924],[103.34222258999995,29.70037138999993],[103.34843319999993,29.70207707000003],[103.35997618000005,29.678182440000057],[103.37155210000003,29.680328900000006],[103.37590470000009,29.672416060000273],[103.33510589000002,29.654402559999994],[103.33659448000009,29.636831190000066],[103.29681213000003,29.602568810000093],[103.27487816999997,29.605145809999954],[103.26583201,29.598806290000198],[103.26970594000011,29.578263989999925],[103.25443521000011,29.559577650000165],[103.26934219000003,29.534949860000097],[103.25768561000012,29.514153070000305],[103.29210809000006,29.509609570000066],[103.27459923999999,29.487071110000045],[103.25687075000002,29.481260590000147],[103.18837479000013,29.48339997000005],[103.17804459999996,29.432934500000215],[103.16389648999996,29.42808342000012],[103.12485820000006,29.443033850000234],[103.08538818999995,29.42829106000005],[103.05276918000004,29.448640130000285],[103.01837338000001,29.452767380000182],[102.98179918000005,29.421374020000258],[102.97144674000003,29.407986680000135],[102.97380783,29.400670120000143],[102.93061173000001,29.40358199000002],[102.87789930000002,29.41890698000003],[102.82162546000012,29.468570330000148],[102.86404464999998,29.528826510000044],[102.90643691000008,29.550987380000095],[102.91930037000003,29.565159030000075],[102.91961794000002,29.591772909999975],[102.93040788000002,29.619219680000242],[102.92814105000002,29.670971520000307],[102.93736202000002,29.681459889999985],[102.92716962999992,29.71391312000003],[102.9585171,29.725121379999962],[102.97524110000012,29.71361027000023],[102.99422219999997,29.71101954000028],[103.0051527,29.727732480000213],[103.01523082000006,29.729309110000088],[103.02979208999994,29.714408900000024],[103.02877731000001,29.703964490000033],[103.04572002999998,29.69974123000003],[103.05053694000009,29.678099679999946],[103.06981535,29.68693316000025],[103.08989786000006,29.68572472000028],[103.09850429,29.69651780000015],[103.12906988000003,29.67237657999999],[103.14699943000011,29.67187831000018],[103.13874508000015,29.701908920000164],[103.15220411999996,29.71903500999997],[103.14162184999992,29.733479890000012],[103.16080999000002,29.74044016000022],[103.16046716000011,29.749373219999995],[103.14037846000008,29.760402070000225],[103.16315304000011,29.772968130000038],[103.16341197000003,29.78402034000004],[103.12295254000014,29.8666908200002],[103.09606650000012,29.88447926000015],[103.09056279999999,29.897947490000206],[103.10789090000003,29.918120240000235],[103.15772915000002,29.93272341000022],[103.17489908999994,29.94852431000004],[103.19262435000002,29.944769269999995],[103.18852321999992,29.968274060000226],[103.22556230999999,29.97458883000013],[103.23451017000014,29.993313700000044],[103.22544620999997,30.001958780000223],[103.24502102999992,30.008474850000027],[103.25641113,30.000820550000185],[103.27277884999995,29.96368422000006],[103.30487707999998,29.991249910000022],[103.3750953500001,29.953976860000125],[103.40013305000014,29.96179984999992],[103.41385006000002,29.948056210000004],[103.44445256000006,29.942349630000194],[103.46842986000007,29.955659959999934],[103.51219752999998,29.89651749000018],[103.51324104999998,29.884212960000127]],[[103.51482640000006,29.865017400000113],[103.51202930000011,29.864957280000112],[103.50414721000004,29.859848220000174],[103.51374679000008,29.852498949999926],[103.51912497000012,29.85629613000026],[103.51482640000006,29.865017400000113]]]},"properties":{"nameZh":"洪雅县","nameEn":"Meishan","code":"511423000000","severity":"general","severityZh":"一般灾区","severityEn":"Generally affected","disasterTypeZh":"一般灾区","landformBasinShare":0.28726147498710675,"landformMountainShare":0.7127385250128933,"landformPlateauShare":0.0,"settlementBasinShare":0.8055555555555556,"settlementMountainShare":0.19444444444444445,"settlementPlateauShare":0.0,"landformTypeZh":"中山县","donorBasin":0,"donorMountain":1,"donorPlateau":0,"labelEn":"Meishan","landformTypeEn":"Mountain county"}},{"type":"Feature","geometry":{"type":"MultiPolygon","coordinates":[[[[103.50886435000007,30.13019211000028],[103.51567789,30.11393103000006],[103.50234588000001,30.106207740000173],[103.49605266999998,30.09218392000014],[103.48614727,30.09227141000008],[103.48417694000005,30.082281580000085],[103.50391623999991,30.06518126000026],[103.50806592000009,30.032516360000272],[103.5143671300001,30.038728870000227],[103.52174542000006,30.028116700000055],[103.53919234999995,30.034721549999915],[103.54680492000011,30.025834280000197],[103.55632679000013,30.0301324200002],[103.5625932100001,30.020316340000136],[103.54055643000004,29.98351349000029],[103.54627099999999,29.971202040000207],[103.53793216999998,29.96606841000016],[103.54621776000005,29.949193050000076],[103.58348369000004,29.941983580000283],[103.59129651000006,29.908072109999978],[103.56975303000007,29.898352760000137],[103.58269167000003,29.885187500000086],[103.5699742000001,29.873622950000026],[103.54079429000001,29.87328509999992],[103.52252218000001,29.88679519000027],[103.5092573500001,29.885583240000187],[103.51219752999998,29.89651749000018],[103.46842986000007,29.955659959999934],[103.44445256000006,29.942349630000194],[103.41385006000002,29.948056210000004],[103.40013305000014,29.96179984999992],[103.3750953500001,29.953976860000125],[103.30487707999998,29.991249910000022],[103.27277884999995,29.96368422000006],[103.25641113,30.000820550000185],[103.24502102999992,30.008474850000027],[103.23790506,30.005502160000106],[103.23763460000004,30.019001140000228],[103.25357911000015,30.04765059999994],[103.28801127999998,30.07269201000014],[103.30026809999998,30.090199340000083],[103.31039790000005,30.07434653000007],[103.33516351999998,30.07629066999999],[103.34805374999996,30.100767340000175],[103.35497291000013,30.08883482000016],[103.3695131500001,30.08424745000002],[103.37378461999998,30.097574720000125],[103.39898699999998,30.09680843999996],[103.42137669999994,30.11768761000002],[103.43427051000009,30.112907580000297],[103.43788885999999,30.12207330000001],[103.44611880000008,30.100980289999995],[103.45747467000012,30.09749597000001],[103.46757924000008,30.11134626000006],[103.45040629000005,30.136370020000015],[103.47189652000003,30.13447676000004],[103.48131274000002,30.105628330000002],[103.5020158700001,30.131235700000104],[103.50886435000007,30.13019211000028]]],[[[103.44449887999997,30.12745811000002],[103.43621961000008,30.121887590000256],[103.43372426000002,30.12692471999992],[103.4413616600001,30.130009270000073],[103.44449887999997,30.12745811000002]]]]},"properties":{"nameZh":"丹棱县","nameEn":"Meishan","code":"511424000000","severity":"general","severityZh":"一般灾区","severityEn":"Generally affected","disasterTypeZh":"一般灾区","landformBasinShare":1.0,"landformMountainShare":0.0,"landformPlateauShare":0.0,"settlementBasinShare":1.0,"settlementMountainShare":0.0,"settlementPlateauShare":0.0,"landformTypeZh":"盆地县","donorBasin":1,"donorMountain":0,"donorPlateau":0,"labelEn":"Meishan","landformTypeEn":"Basin county"}},{"type":"Feature","geometry":{"type":"Polygon","coordinates":[[[103.95587764000004,29.914334580000173],[103.97069947,29.89455427000007],[103.99391916000008,29.900432080000087],[103.99412784999998,29.889657799999952],[103.96109118999993,29.86753662000001],[103.95789335000006,29.852551269999992],[103.94846950999994,29.84672285000005],[103.95978667000003,29.829944169999976],[103.92635193000012,29.82938366999997],[103.92438429000003,29.81838080000017],[103.93259226000004,29.807496200000003],[103.92181876000001,29.794481710000014],[103.90127498000004,29.78624645000002],[103.91133443000012,29.77347098000007],[103.89962092999997,29.77091228000012],[103.89246383,29.74589751000002],[103.85414089000011,29.74984520999999],[103.8401998,29.733910830000013],[103.81912674000012,29.733102690000067],[103.79708456000009,29.716755910000074],[103.77675012000003,29.714346540000008],[103.77195427000004,29.70582354000004],[103.73275790000002,29.73325469000008],[103.72838960000007,29.724119040000005],[103.70260021000001,29.71709282000006],[103.70347055000008,29.739958779999995],[103.68608955000008,29.761064810000164],[103.68670752000008,29.775394899999924],[103.71991882999998,29.78130349000014],[103.73315885999995,29.77409180000012],[103.73129716000011,29.784112750000247],[103.74442899000007,29.79077896000007],[103.74638195,29.799772850000295],[103.73763704999993,29.805380330000276],[103.73886589,29.81379912],[103.72710018999999,29.816878520000216],[103.72863909000012,29.850951930000008],[103.71160690000005,29.85302599000022],[103.72144440000005,29.861346459999936],[103.71295285000002,29.87178032999998],[103.75926649000007,29.87701183000007],[103.8085660700001,29.870520940000006],[103.80408730000005,29.88799544000028],[103.78929454000001,29.894939170000157],[103.79494650999993,29.927721600000268],[103.84403441000006,29.896058280000204],[103.85414772999997,29.90371298000008],[103.86816198000008,29.90054175000006],[103.86709824000002,29.911201150000068],[103.8899550800001,29.89968789000011],[103.89586075000005,29.907419389999973],[103.90250513000001,29.899298780000265],[103.91347518999999,29.910818410000218],[103.94194309999995,29.901993200000277],[103.95587764000004,29.914334580000173]]]},"properties":{"nameZh":"青神县","nameEn":"Meishan","code":"511425000000","severity":"general","severityZh":"一般灾区","severityEn":"Generally affected","disasterTypeZh":"一般灾区","landformBasinShare":1.0,"landformMountainShare":0.0,"landformPlateauShare":0.0,"settlementBasinShare":1.0,"settlementMountainShare":0.0,"settlementPlateauShare":0.0,"landformTypeZh":"盆地县","donorBasin":1,"donorMountain":0,"donorPlateau":0,"labelEn":"Meishan","landformTypeEn":"Basin county"}},{"type":"Feature","geometry":{"type":"Polygon","coordinates":[[[104.71312318000008,31.609840640000073],[104.70030995000002,31.597560650000105],[104.71394770000006,31.559063510000215],[104.71341815999995,31.535644049999917],[104.7038168200001,31.523228240000094],[104.74012336999994,31.509910580000053],[104.75658343000009,31.463975290000235],[104.78547531999999,31.458526790000064],[104.7881664200001,31.44041309000005],[104.78078742000008,31.42602891000024],[104.81459213000005,31.403452430000073],[104.81229175999994,31.36529507000006],[104.84362095000012,31.350230800000077],[104.83099951999992,31.33413511000026],[104.82018333000008,31.333776930000283],[104.82004458,31.325940400000263],[104.80434055000006,31.322085320000156],[104.79667494000012,31.313115919999973],[104.80095464000004,31.303843289999975],[104.74165138000006,31.28895754000024],[104.72215314000005,31.273636070000123],[104.69456450000001,31.2765747200001],[104.67485039000007,31.269219520000092],[104.66596105999997,31.28988826999995],[104.67020592,31.29920652000021],[104.65507537000008,31.314282520000063],[104.65298386000006,31.334975020000115],[104.58378907000002,31.36007803000024],[104.58811157000008,31.378094379999993],[104.58042145000013,31.408472290000304],[104.56243726000014,31.411781329999997],[104.55726464000008,31.42289755000013],[104.50435170000009,31.456677069999955],[104.48978606000014,31.489325860000235],[104.47139128999999,31.492220560000078],[104.47786708000001,31.507643450000046],[104.49545478000005,31.508825049999928],[104.50995936000004,31.48894806000004],[104.52970684000007,31.47882171000009],[104.55088568000002,31.485128780000025],[104.57924145999999,31.474518340000202],[104.60120061000003,31.503265830000032],[104.63524123999997,31.52243847000011],[104.63499894,31.542379830000016],[104.64785354999992,31.54221617000013],[104.65979713000013,31.551605670000242],[104.65756686999998,31.558246370000063],[104.6681912300001,31.57208740000027],[104.65098717000006,31.582014110000216],[104.67072582000003,31.596852619999936],[104.68181922000008,31.594760620000045],[104.69398982000007,31.609520720000262],[104.71312318000008,31.609840640000073]]]},"properties":{"nameZh":"涪城区","nameEn":"Fucheng District","code":"510703000000","severity":"severe","severityZh":"重灾区","severityEn":"Severely affected","disasterTypeZh":"重灾区","landformBasinShare":1.0,"landformMountainShare":0.0,"landformPlateauShare":0.0,"settlementBasinShare":1.0,"settlementMountainShare":0.0,"settlementPlateauShare":0.0,"landformTypeZh":"盆地县","donorBasin":1,"donorMountain":0,"donorPlateau":0,"labelEn":"Fucheng District","population10k":64,"intensity":7.05,"deathsMissing":204,"deathMissingRatePer10k":3,"collapsedHousing":428889,"collapsedHousingPer10k":6701,"affectedResidentialSites":null,"affectedRoads":null,"threatenedRiverBlockages":null,"threatenedBridges":null,"threatenedReservoirs":null,"destroyedLandAreaKm2":null,"geologicalHazardRisk":0,"resettlementRatePer10k":5313,"compositeImpactIndex":0.2336,"damageIndexName":"Fucheng","damageIndexLevelEn":"Severely affected area","damageIndexSource":"damage index.xlsx","landformTypeEn":"Basin county"}},{"type":"Feature","geometry":{"type":"Polygon","coordinates":[[[105.14697731000001,31.442112589999965],[105.14817506999998,31.428848580000306],[105.1372715,31.423735110000166],[105.15156069999995,31.4170393],[105.12443167000009,31.40576743000014],[105.12327705000013,31.39654657000017],[105.11070581000001,31.39836790000004],[105.11324044000014,31.388737320000075],[105.10348204000007,31.38172581000009],[105.10845698000014,31.36176811000007],[105.10349960000008,31.371749750000163],[105.09255113,31.369201060000307],[105.07631644000003,31.35329766000001],[105.05641748000005,31.346682230000113],[105.02562403000002,31.360082340000076],[105.02199473000013,31.36702220000012],[105.02735976999992,31.372599830000127],[105.01489389000005,31.37052447000002],[105.01142231000006,31.383928770000296],[104.97551132000007,31.394768520000298],[104.96941878000007,31.411109269999997],[104.94543672999998,31.420322550000265],[104.93055203,31.411784170000033],[104.9194861900001,31.41735169000009],[104.89419677000001,31.401193660000047],[104.88306975000006,31.41294474000017],[104.87499815000012,31.403079669999954],[104.88228879000008,31.398443960000293],[104.87985894000013,31.391161130000057],[104.86897452,31.388629159999994],[104.87085822000006,31.38003574000004],[104.85800300000011,31.378532500000006],[104.84180615000002,31.35360550000007],[104.82621647999997,31.35683867000006],[104.81067697000009,31.369624820000013],[104.81459213000005,31.403452430000073],[104.78078742000008,31.42602891000024],[104.7881664200001,31.44041309000005],[104.78547531999999,31.458526790000064],[104.75658343000009,31.463975290000235],[104.74012336999994,31.509910580000053],[104.7038168200001,31.523228240000094],[104.71341815999995,31.535644049999917],[104.71394770000006,31.559063510000215],[104.70030995000002,31.597560650000105],[104.71312318000008,31.609840640000073],[104.72085854000005,31.601824250000277],[104.72915759,31.603676320000034],[104.73511284,31.610968809999974],[104.73036453000003,31.620299450000005],[104.73954128000008,31.626889160000076],[104.73349852000001,31.630659730000104],[104.75989033999997,31.622448770000005],[104.78415525000003,31.627523260000146],[104.77096835999998,31.649240740000266],[104.77813922000001,31.65607201000006],[104.81206548000006,31.644140839999977],[104.82432174000002,31.65037386000023],[104.81513777000009,31.67902124999995],[104.82179536000007,31.684534070000097],[104.81116201000009,31.695224259999975],[104.83847997999999,31.7132767600001],[104.88128051999996,31.690168500000198],[104.89188651,31.706252470000152],[104.88319780999996,31.70977161000019],[104.88643565000001,31.720489660000055],[104.91223898999999,31.70077315000009],[104.92116091000008,31.71964796000003],[104.93135919999997,31.71466998000028],[104.92793154000003,31.701376360000097],[104.93442378000003,31.700558980000153],[104.95586964000006,31.720711390000076],[105.0119168600001,31.713585720000083],[105.02585836000003,31.695133250000083],[105.02903579000008,31.655216150000115],[105.02158693000013,31.649046159999955],[105.01598804000014,31.656949480000208],[105.0014476,31.659226130000093],[105.00599685000003,31.62300424999995],[105.02222150000006,31.62369979000016],[105.03089369999992,31.604550490000065],[105.02105726000002,31.57820683999995],[105.04102477000009,31.582320410000136],[105.04240493000009,31.556256730000143],[105.05130366000009,31.554934410000158],[105.0504003900001,31.54431098000009],[105.06588005000015,31.529151220000244],[105.05266654000002,31.492790740000203],[105.05470686000012,31.455616489999954],[105.0720711300001,31.441781900000137],[105.08120378000007,31.451726319999977],[105.08544962000002,31.44266299000003],[105.09866364999999,31.44527173000006],[105.09888075000003,31.457244349999996],[105.10948176,31.460897820000127],[105.14697731000001,31.442112589999965]],[[104.98510279999999,31.71223672000002],[104.98208252,31.702802759999997],[104.99114464000002,31.701899540000227],[104.99418278000002,31.708051920000173],[104.98510279999999,31.71223672000002]]]},"properties":{"nameZh":"游仙区","nameEn":"Youxian District","code":"510704000000","severity":"severe","severityZh":"重灾区","severityEn":"Severely affected","disasterTypeZh":"重灾区","landformBasinShare":1.0,"landformMountainShare":0.0,"landformPlateauShare":0.0,"settlementBasinShare":1.0,"settlementMountainShare":0.0,"settlementPlateauShare":0.0,"landformTypeZh":"盆地县","donorBasin":1,"donorMountain":0,"donorPlateau":0,"labelEn":"Youxian District","population10k":52,"intensity":7.41,"deathsMissing":77,"deathMissingRatePer10k":1,"collapsedHousing":287615,"collapsedHousingPer10k":5531,"affectedResidentialSites":null,"affectedRoads":null,"threatenedRiverBlockages":null,"threatenedBridges":null,"threatenedReservoirs":null,"destroyedLandAreaKm2":null,"geologicalHazardRisk":0,"resettlementRatePer10k":5351,"compositeImpactIndex":0.2472,"damageIndexName":"Youxian","damageIndexLevelEn":"Severely affected area","damageIndexSource":"damage index.xlsx","landformTypeEn":"Basin county"}},{"type":"Feature","geometry":{"type":"Polygon","coordinates":[[[104.51197374000009,31.678609610000024],[104.55070297000003,31.645353720000173],[104.53804820999994,31.63055021999992],[104.54605964000007,31.62888899999996],[104.54402850000002,31.623522620000244],[104.55681304000001,31.619038220000277],[104.57557818999993,31.62550946999994],[104.60736234000007,31.608876900000098],[104.61124251000012,31.60054270000029],[104.60034941999999,31.59312876000024],[104.60618231000012,31.58262709000013],[104.59266831000002,31.58111559000031],[104.59766744000012,31.56929717000014],[104.58871072000011,31.562455760000034],[104.6138376400001,31.564633220000076],[104.62297722000011,31.543025240000304],[104.63499894,31.542379830000016],[104.63524123999997,31.52243847000011],[104.60120061000003,31.503265830000032],[104.57715842999994,31.47385186999992],[104.55088568000002,31.485128780000025],[104.52970684000007,31.47882171000009],[104.50995936000004,31.48894806000004],[104.49739018000014,31.50806495000012],[104.47786708000001,31.507643450000046],[104.47147853000007,31.49182586000012],[104.48978606000014,31.489325860000235],[104.50143492000012,31.472870350000107],[104.50013291000005,31.460463710000113],[104.52034943999996,31.44212750000014],[104.51537629000006,31.432350550000137],[104.50954261000004,31.438842140000077],[104.5123815500001,31.430556300000205],[104.50282355000007,31.43457611000008],[104.50893540000004,31.429849360000162],[104.49852772999992,31.41285934000001],[104.47516781999997,31.40935373000002],[104.48550695000012,31.39315475000018],[104.45666797999996,31.381074430000012],[104.43136056000003,31.37855804999998],[104.42757583000002,31.38405245000024],[104.42229677000006,31.371806059999983],[104.38431508999997,31.38491481000017],[104.37308099,31.375830060000055],[104.35548403000013,31.388412850000236],[104.34392087000015,31.38436747999998],[104.32431953000014,31.401420599999994],[104.3246151300001,31.41386584999998],[104.30847822999999,31.429871350000212],[104.28330683000007,31.438498870000103],[104.26844674,31.461523530000022],[104.23296433999997,31.46618727000009],[104.20045056000004,31.516690980000078],[104.18013016000003,31.522379690000037],[104.16809878000004,31.514474099999973],[104.1533849700001,31.520275300000208],[104.14976541999994,31.543816580000055],[104.15859376999998,31.558196280000004],[104.14354079000009,31.56696049000027],[104.14092857999992,31.588623370000107],[104.12727223000013,31.600136990000294],[104.1302154500001,31.60735259000012],[104.09907503999995,31.63519917000002],[104.09618459000006,31.65233049000011],[104.11391305000001,31.685001430000057],[104.09144505999996,31.69558269999999],[104.10055230999996,31.712304410000115],[104.11725525999998,31.709042280000233],[104.13654493000013,31.71532685000028],[104.14711000999995,31.730234280000218],[104.18761387,31.73201148999999],[104.23357311000007,31.756652870000096],[104.26365768000005,31.78260225000008],[104.29618018999997,31.791291549999983],[104.30410568000008,31.759659320000196],[104.33112697000007,31.737789860000078],[104.34634449999993,31.738608899999974],[104.33951251000008,31.71419634000017],[104.37000835999999,31.708438290000174],[104.37243077000005,31.689896900000292],[104.3838378800001,31.687033670000176],[104.37533011999994,31.680958220000207],[104.3808427300001,31.67388888000005],[104.36232505000004,31.66659082999996],[104.35126632000004,31.65322610999999],[104.35731585999997,31.653999499999998],[104.3597818400001,31.642239380000035],[104.36731699000006,31.639562080000246],[104.3614657,31.630249670000126],[104.36902668999994,31.617962660000103],[104.37796064000003,31.62318037000017],[104.3905835700001,31.612333220000266],[104.39511525000006,31.615259890000118],[104.39660812999995,31.614588640000193],[104.39022744999994,31.601971460000016],[104.3921978300001,31.594941880000135],[104.40583752999993,31.59265658000004],[104.39817949000013,31.585073009999974],[104.40495141000002,31.559917850000033],[104.4248674800001,31.57341867000008],[104.4425083700001,31.568257400000277],[104.45026100000013,31.575901499999986],[104.44103303000009,31.59179273000018],[104.45861288000015,31.590389950000088],[104.50565440000003,31.622355759999948],[104.51450850000003,31.634457930000167],[104.50150486000007,31.646306880000168],[104.5068168200001,31.65899127],[104.50301578,31.67234868999998],[104.51197374000009,31.678609610000024]]]},"properties":{"nameZh":"安州区","nameEn":"Anzhou District","code":"510705000000","severity":"extreme","severityZh":"极重灾区","severityEn":"Extremely affected","disasterTypeZh":"极重灾区","landformBasinShare":0.5596638655462185,"landformMountainShare":0.3949579831932773,"landformPlateauShare":0.0453781512605042,"settlementBasinShare":0.9165507649513213,"settlementMountainShare":0.08344923504867872,"settlementPlateauShare":0.0,"landformTypeZh":"混合县","donorBasin":1,"donorMountain":1,"donorPlateau":1,"labelEn":"Anzhou District","population10k":50,"intensity":8.89,"deathsMissing":3295,"deathMissingRatePer10k":66,"collapsedHousing":774896,"collapsedHousingPer10k":15498,"affectedResidentialSites":98,"affectedRoads":141,"threatenedRiverBlockages":91,"threatenedBridges":0,"threatenedReservoirs":0,"destroyedLandAreaKm2":6,"geologicalHazardRisk":0.95,"resettlementRatePer10k":9720,"compositeImpactIndex":0.4993,"damageIndexName":"Anzhou","damageIndexLevelEn":"Extremely severely affected area","damageIndexSource":"damage index.xlsx","landformTypeEn":"Mixed landform county"}},{"type":"Feature","geometry":{"type":"MultiPolygon","coordinates":[[[[105.20924141000012,31.442512880000038],[105.20228072000009,31.431545770000184],[105.20443379000005,31.415792570000065],[105.22124589000003,31.399273429999994],[105.21104685000012,31.375329240000042],[105.23254617999999,31.358556330000283],[105.26751525999998,31.348721460000093],[105.2454171,31.344034540000052],[105.26526766,31.33040533000002],[105.24612954999998,31.322873829999992],[105.25084236999999,31.298788320000085],[105.26079709999993,31.288322750000134],[105.25723013000004,31.266830160000097],[105.24368181000011,31.25683855000011],[105.25795897000012,31.249762080000096],[105.26992765000011,31.256940079999993],[105.28923022000009,31.23683908000004],[105.25968591000003,31.21916090999997],[105.25267317999993,31.207000210000103],[105.26662032000002,31.20382367000019],[105.2726521400001,31.182283840000196],[105.29636522999999,31.183013269999947],[105.2807073300001,31.167426390000116],[105.29797108000014,31.13904788000025],[105.28375370000009,31.13242452000003],[105.2930926900001,31.129677590000142],[105.29787575000006,31.11509369000015],[105.28571514000004,31.10599798000021],[105.2378333800001,31.10417995000006],[105.2206022900001,31.109980960000257],[105.20820851000013,31.098114460000204],[105.19584830000008,31.099364730000275],[105.18932059999997,31.089901050000094],[105.1965679000001,31.080248350000033],[105.19085731000013,31.06484054000009],[105.17158662999992,31.048996590000115],[105.19189877999997,30.982910970000148],[105.19124708000004,30.96792454000024],[105.17400016999994,30.959344529999953],[105.18963260000004,30.93435722000021],[105.19113469999996,30.91945238000011],[105.20588192999998,30.91180746999993],[105.19134314999997,30.896604850000074],[105.20068258000003,30.885169270000006],[105.212175,30.88137096000014],[105.21781568000011,30.887527710000086],[105.2253406700001,30.87982484000031],[105.22896940999993,30.848734920000254],[105.24079025000015,30.833882210000013],[105.25347924000005,30.831951839999988],[105.26919758000008,30.756027360000076],[105.25937225000001,30.744259930000055],[105.24529517000002,30.741718460000072],[105.24069520000006,30.728648369999917],[105.21188794000005,30.73718920000016],[105.21627129000001,30.729711880000195],[105.20013465,30.73397977999997],[105.18095240000002,30.722633000000144],[105.17005819000013,30.725146510000286],[105.16533621000002,30.70884250000006],[105.15534430000002,30.708649110000238],[105.15936381000006,30.715882020000038],[105.15339102000007,30.734544990000018],[105.14668023000007,30.733809620000102],[105.14095138000005,30.744422900000018],[105.1348999600001,30.74124531000001],[105.13634937000012,30.747578250000174],[105.11527905000003,30.752384999999947],[105.11186751000002,30.761993480000058],[105.09542443000004,30.753881569999976],[105.09612715000009,30.762317280000218],[105.07778186999991,30.75825394000009],[105.0682752400001,30.774110140000005],[105.05679762000005,30.76763011000014],[105.05938511000011,30.77663018999999],[105.04435706999993,30.774430600000073],[105.03742911999996,30.78569849000013],[105.03095291000005,30.780518350000193],[105.03099643999991,30.785863420000112],[105.02155146000001,30.78450463000013],[105.00522311999993,30.796928000000094],[104.98774930000013,30.82805027000012],[104.98896921999994,30.87261472000023],[104.95971307000013,30.851583610000034],[104.96456548000015,30.897499240000002],[104.94192934000006,30.900843689999988],[104.94390866000003,30.918614690000084],[104.92958813999996,30.94789959999997],[104.89703940000004,30.947006920000035],[104.89561627000006,30.939427140000134],[104.88680640000013,30.93764121000015],[104.85387557000001,30.95251450000012],[104.83970940000012,30.945414490000076],[104.85325943999999,30.967261000000235],[104.84357303000002,30.983930110000074],[104.82632482000002,30.98963507999997],[104.82314799000011,31.000124050000068],[104.83562997000007,31.01633516000004],[104.82214058000005,31.02781732000011],[104.82182870999998,31.059052070000064],[104.77255511999999,31.09610454000017],[104.78909292000003,31.12075156000003],[104.78617597000004,31.1326653000001],[104.75632013,31.135189500000024],[104.75178854,31.159350950000032],[104.74111905000007,31.169604240000012],[104.7284527000001,31.168177050000054],[104.72454575999996,31.16051994999998],[104.71717562999999,31.16456208000028],[104.71587332000007,31.19201500000031],[104.72110019999997,31.197266990000003],[104.71122930000001,31.219624589999967],[104.73919249,31.23487089000008],[104.73728454000008,31.25047373000001],[104.74755509000005,31.27195968999996],[104.73302277000005,31.283438060000094],[104.80095464000004,31.303843289999975],[104.79667494000012,31.313115919999973],[104.80434055000006,31.322085320000156],[104.83546987,31.337850179999975],[104.85800300000011,31.378532500000006],[104.87085822000006,31.38003574000004],[104.86972956000011,31.390337560000148],[104.87985894000013,31.391161130000057],[104.88228879000008,31.398443960000293],[104.87499815000012,31.403079669999954],[104.88306975000006,31.41294474000017],[104.89189684000013,31.400984120000146],[104.92089191000008,31.41773225999998],[104.92941524000008,31.41185572000012],[104.94370980999992,31.420284969999955],[104.96437554000005,31.4136881],[104.97286421000007,31.396454549999987],[105.01142231000006,31.383928770000296],[105.01489389000005,31.37052447000002],[105.02735976999992,31.372599830000127],[105.02199473000013,31.36702220000012],[105.02562403000002,31.360082340000076],[105.04824801000001,31.348747789999948],[105.05313487000006,31.352972989999955],[105.05551439999994,31.346486850000304],[105.07631644000003,31.35329766000001],[105.09255113,31.369201060000307],[105.10349960000008,31.371749750000163],[105.10845698000014,31.36176811000007],[105.10348204000007,31.38172581000009],[105.11324044000014,31.388737320000075],[105.11070581000001,31.39836790000004],[105.12327705000013,31.39654657000017],[105.12443167000009,31.40576743000014],[105.15156069999995,31.4170393],[105.1372715,31.423735110000166],[105.14817506999998,31.428848580000306],[105.14934720999997,31.443705329999943],[105.17132691000012,31.444137650000016],[105.18634452000009,31.432457719999945],[105.20924141000012,31.442512880000038]]],[[[104.90389592999998,30.942542080000067],[104.90363129000008,30.943107810000186],[104.90438217000008,30.94360335000016],[104.90438220000004,30.942988710000122],[104.90389592999998,30.942542080000067]]],[[[104.90331478000002,30.942125440000268],[104.90317598000007,30.94218143000012],[104.90342761000011,30.942353280000077],[104.90340965000007,30.942181390000087],[104.90331478000002,30.942125440000268]]],[[[104.89085964000014,30.937498059999996],[104.89076372,30.937485030000005],[104.89071175999999,30.937492010000028],[104.89092059000001,30.937604020000265],[104.89085964000014,30.937498059999996]]],[[[104.8742381300001,30.938853940000115],[104.87414313000005,30.938797880000095],[104.87379612000012,30.93919930000027],[104.87401311999997,30.939185530000202],[104.8742381300001,30.938853940000115]]],[[[104.87289323000005,30.93687271999994],[104.87247621,30.936916260000203],[104.87247618999999,30.937287050000123],[104.87291020999999,30.937243530000273],[104.87289323000005,30.93687271999994]]],[[[104.87267615000002,30.938393620000227],[104.87231113000001,30.938415220000024],[104.87239812000007,30.93869615],[104.87266712999997,30.938708430000133],[104.87267615000002,30.938393620000227]]],[[[104.75306506999993,31.146508750000066],[104.75251753999993,31.14657960000028],[104.75252648999998,31.147374190000107],[104.75358560000006,31.14732444000026],[104.75306506999993,31.146508750000066]]]]},"properties":{"nameZh":"三台县","nameEn":"Santai County","code":"510722000000","severity":"severe","severityZh":"重灾区","severityEn":"Severely affected","disasterTypeZh":"重灾区","landformBasinShare":1.0,"landformMountainShare":0.0,"landformPlateauShare":0.0,"settlementBasinShare":1.0,"settlementMountainShare":0.0,"settlementPlateauShare":0.0,"landformTypeZh":"盆地县","donorBasin":1,"donorMountain":0,"donorPlateau":0,"labelEn":"Santai County","population10k":146,"intensity":6.93,"deathsMissing":43,"deathMissingRatePer10k":0,"collapsedHousing":401844,"collapsedHousingPer10k":2752,"affectedResidentialSites":null,"affectedRoads":null,"threatenedRiverBlockages":null,"threatenedBridges":null,"threatenedReservoirs":null,"destroyedLandAreaKm2":null,"geologicalHazardRisk":0,"resettlementRatePer10k":503,"compositeImpactIndex":0.2127,"damageIndexName":"Santai","damageIndexLevelEn":"Severely affected area","damageIndexSource":"damage index.xlsx","landformTypeEn":"Basin county"}},{"type":"Feature","geometry":{"type":"Polygon","coordinates":[[[105.67448998000009,31.252551139999923],[105.66313657,31.2384630600003],[105.67328338000004,31.216629480000165],[105.67223317000003,31.200572030000274],[105.68600107000003,31.197054980000075],[105.67007148000005,31.192922850000286],[105.66920373000005,31.177844880000066],[105.70536955000011,31.17089133000013],[105.72040620999991,31.141832220000026],[105.71264378000001,31.131885820000036],[105.72048421,31.10690366],[105.71387749999991,31.1001303500002],[105.71199325999999,31.11058294999998],[105.70793846000004,31.103146159999937],[105.71803528000004,31.086506220000047],[105.70506107,31.073606340000083],[105.71375577000015,31.06605029000019],[105.71042135999994,31.041714060000118],[105.68648753000014,31.01894340000024],[105.66028011999992,31.021395460000065],[105.66173822000013,31.00383477000014],[105.6302919800001,31.005852920000166],[105.61041547000008,30.993845420000184],[105.61522427000006,30.980123640000272],[105.59236335999998,30.975162790000127],[105.56873895000001,30.99266228000016],[105.56243737999995,31.013746170000104],[105.54257052000003,31.01610398999992],[105.53088864999995,31.029490820000206],[105.50159366000008,31.02846601999994],[105.50057722000003,31.03945972000008],[105.48523046000014,31.038508480000075],[105.47105355000008,31.065916510000307],[105.45151147000001,31.061980890000086],[105.43024042000002,31.06847746000028],[105.4229994000001,31.078659780000066],[105.40704175000008,31.074708280000152],[105.40451506000011,31.090644690000147],[105.38490181000003,31.11583737000001],[105.37621084,31.156695570000068],[105.35034041999995,31.162754720000123],[105.33851635000008,31.139910260000192],[105.34166727000002,31.128914260000045],[105.32620788000003,31.131893719999994],[105.32236172000012,31.14150511000014],[105.31593007999999,31.1298714900002],[105.32173689000012,31.121729700000117],[105.31315173999997,31.116242950000014],[105.29787575000006,31.11509369000015],[105.2930926900001,31.129677590000142],[105.28375370000009,31.13242452000003],[105.29800604000002,31.13801736000005],[105.2807073300001,31.167426390000116],[105.29636522999999,31.183013269999947],[105.2726521400001,31.182283840000196],[105.26662032000002,31.20382367000019],[105.25267317999993,31.207000210000103],[105.25968591000003,31.21916090999997],[105.28973393000001,31.235303030000125],[105.26992765000011,31.256940079999993],[105.25795897000012,31.249762080000096],[105.24368181000011,31.25683855000011],[105.25723013000004,31.266830160000097],[105.26079709999993,31.288322750000134],[105.25084236999999,31.298788320000085],[105.24612954999998,31.322873829999992],[105.26526766,31.33040533000002],[105.2454171,31.344034540000052],[105.26751525999998,31.348721460000093],[105.23254617999999,31.358556330000283],[105.21104685000012,31.375329240000042],[105.22124589000003,31.399273429999994],[105.20406852000002,31.417217710000216],[105.20228072000009,31.431545770000184],[105.21820757,31.457154160000016],[105.21024832000012,31.46791614000017],[105.22301599000014,31.482711050000205],[105.23737144000006,31.461157389999926],[105.25169272,31.46549347000007],[105.25167502999994,31.477926280000077],[105.28772031000005,31.477748740000152],[105.28417933999998,31.465724710000018],[105.29955996999996,31.454930500000046],[105.31391674000002,31.466043640000123],[105.32821321000006,31.455936210000118],[105.34263176000002,31.472731190000104],[105.35589705000001,31.474233710000078],[105.35550565000011,31.465631850000136],[105.3823672100001,31.45737557000001],[105.38425968999996,31.44725138000007],[105.40248400000013,31.440696640000056],[105.41160027999996,31.452839530000062],[105.42536996000013,31.44950743000004],[105.43396516000001,31.455978970000103],[105.44104171000004,31.482569220000016],[105.45366528000005,31.4767372900003],[105.46735642000004,31.487847450000288],[105.47720978999996,31.483751310000116],[105.49806956000003,31.45709359999995],[105.48806924000002,31.439283439999997],[105.48030010000008,31.44545029000028],[105.47670587000005,31.428032820000112],[105.4964111700001,31.403684820000137],[105.52150601000011,31.393568630000118],[105.52954373000006,31.403898200000015],[105.54587850999997,31.393915770000262],[105.55043539000008,31.404242990000114],[105.56476387000009,31.405965519999995],[105.5702062900001,31.384004970000206],[105.58775555000011,31.3996385600002],[105.60874912000003,31.398717130000136],[105.61872155000003,31.40924333000015],[105.62929316000003,31.396918229999983],[105.63817240000003,31.397123270000066],[105.6398478100001,31.37392820000008],[105.6242077600001,31.355798730000004],[105.63385068000002,31.3567876700003],[105.62195061000006,31.345108780000146],[105.60108601000013,31.34049127999998],[105.60611140000009,31.329375050000067],[105.59212035999997,31.306046500000207],[105.5920601300001,31.293349339999963],[105.61129258,31.298411220000105],[105.62510975999993,31.292216240000016],[105.63681036000014,31.28232104],[105.6431026300001,31.260540900000024],[105.67139998000005,31.258111680000127],[105.67448998000009,31.252551139999923]]]},"properties":{"nameZh":"盐亭县","nameEn":"Yanting County","code":"510723000000","severity":"severe","severityZh":"重灾区","severityEn":"Severely affected","disasterTypeZh":"重灾区","landformBasinShare":1.0,"landformMountainShare":0.0,"landformPlateauShare":0.0,"settlementBasinShare":1.0,"settlementMountainShare":0.0,"settlementPlateauShare":0.0,"landformTypeZh":"盆地县","donorBasin":1,"donorMountain":0,"donorPlateau":0,"labelEn":"Yanting County","population10k":60,"intensity":6.79,"deathsMissing":14,"deathMissingRatePer10k":0,"collapsedHousing":290117,"collapsedHousingPer10k":4835,"affectedResidentialSites":null,"affectedRoads":null,"threatenedRiverBlockages":null,"threatenedBridges":null,"threatenedReservoirs":null,"destroyedLandAreaKm2":null,"geologicalHazardRisk":0,"resettlementRatePer10k":4385,"compositeImpactIndex":0.1932,"damageIndexName":"Yanting","damageIndexLevelEn":"Severely affected area","damageIndexSource":"damage index.xlsx","landformTypeEn":"Basin county"}},{"type":"Feature","geometry":{"type":"MultiPolygon","coordinates":[[[[105.18132752999998,31.904805450000026],[105.20047928000008,31.907158110000182],[105.20478041999996,31.895112580000045],[105.21977089000006,31.88715051000031],[105.21162014999993,31.87846275999999],[105.20187306000014,31.839272440000116],[105.24067854999993,31.83149911999999],[105.24839503999999,31.808649280000168],[105.24034081000008,31.797384729999976],[105.25779466000006,31.780281940000123],[105.26440824999997,31.79724707000014],[105.28524722000003,31.79591438],[105.29335447000011,31.78788922000001],[105.29150528000002,31.778145470000084],[105.30413427000008,31.773480959999972],[105.30707682000002,31.74518364000005],[105.27867693999997,31.74174041000009],[105.28090709999992,31.73132145000011],[105.25887044000007,31.71989122000008],[105.2512324000001,31.70703445999999],[105.28443978000001,31.70329994000008],[105.31289190000012,31.720258919999992],[105.31436813000005,31.704363520000015],[105.34149478000012,31.679255109999986],[105.34376098000001,31.66030992000026],[105.33578300000005,31.65685433999994],[105.32876884000001,31.632648800000027],[105.35844049000013,31.617030780000277],[105.36797315999996,31.624641060000044],[105.38947827999993,31.62035355000023],[105.39137925,31.564103430000102],[105.39435741000005,31.56900840000003],[105.41172157000005,31.56148825000008],[105.41253743000004,31.545311940000147],[105.42722010000006,31.5464987900001],[105.42835724000003,31.540470789999972],[105.45567091000004,31.528946759999997],[105.45849245000011,31.51380123000007],[105.45232783000006,31.509404380000092],[105.4590043,31.500742190000153],[105.43709170000005,31.48495087000026],[105.44063365000005,31.47480877000004],[105.42661165999999,31.449881870000127],[105.41160027999996,31.452839530000062],[105.40142475000005,31.440774470000292],[105.38425968999996,31.44725138000007],[105.3823672100001,31.45737557000001],[105.35550565000011,31.465631850000136],[105.35475021000013,31.47432747000022],[105.34263176000002,31.472731190000104],[105.32821321000006,31.455936210000118],[105.31391674000002,31.466043640000123],[105.29955996999996,31.454930500000046],[105.28417933999998,31.465724710000018],[105.28772031000005,31.477748740000152],[105.25167502999994,31.477926280000077],[105.25169272,31.46549347000007],[105.23737144000006,31.461157389999926],[105.22301599000014,31.482711050000205],[105.21024832000012,31.46791614000017],[105.21820757,31.457154160000016],[105.21411067999998,31.44523418000017],[105.19562323000008,31.432924259999993],[105.18084123000006,31.433323660000212],[105.17058112000007,31.444353210000088],[105.13632586000011,31.442991380000024],[105.12982331999996,31.45311421000008],[105.10948176,31.460897820000127],[105.09888075000003,31.457244349999996],[105.09866364999999,31.44527173000006],[105.08544962000002,31.44266299000003],[105.08120378000007,31.451726319999977],[105.0720711300001,31.441781900000137],[105.05470686000012,31.455616489999954],[105.05266654000002,31.492790740000203],[105.06588005000015,31.529151220000244],[105.0504003900001,31.54431098000009],[105.05130366000009,31.554934410000158],[105.04240493000009,31.556256730000143],[105.04102477000009,31.582320410000136],[105.02136192,31.57762301000014],[105.03089369999992,31.604550490000065],[105.02183022000003,31.6242508900001],[105.00599685000003,31.62300424999995],[105.00066626,31.64254186000022],[105.00256818000003,31.66005275000009],[105.02158693000013,31.649046159999955],[105.02880085999999,31.654237729999977],[105.02618798000015,31.693931249999935],[105.01291521000007,31.71318472000013],[104.99520667000002,31.711934210000038],[104.99315809000001,31.71895516000029],[104.97877512000008,31.717954980000115],[104.96454137000012,31.726617420000082],[104.95710246999994,31.762897910000277],[104.98104988,31.767372750000163],[104.98391376000001,31.76145541000011],[104.99370558999999,31.77192351000008],[104.9791658900001,31.781550489999915],[104.98768153000003,31.786997140000096],[104.98420969,31.79235543000027],[104.9667800100001,31.79590559000019],[104.96273580000013,31.80719418000001],[104.97971239000003,31.818115299999988],[104.98139688000015,31.84848234000009],[105.00030282,31.828256260000103],[105.03690942000014,31.841199680000273],[105.03223034000007,31.847931640000013],[105.06139200000007,31.857053619999988],[105.06486529000006,31.86932330000019],[105.07721048000008,31.87450119000016],[105.08585833000006,31.86785955000005],[105.08642274000005,31.878918740000074],[105.10173789999999,31.874082080000107],[105.10048696000007,31.891926710000064],[105.11212064,31.908117989999994],[105.12886781999998,31.903499829999987],[105.14189913000013,31.91251084000004],[105.15484309999994,31.911784909999994],[105.16259561999993,31.89841013000006],[105.17705612000003,31.90693909999999],[105.18323670000001,31.899447670000086],[105.18132752999998,31.904805450000026]]],[[[104.98510279999999,31.71223672000002],[104.99418278000002,31.708051920000173],[104.99114464000002,31.701899540000227],[104.98208252,31.702802759999997],[104.98510279999999,31.71223672000002]]]]},"properties":{"nameZh":"梓潼县","nameEn":"Zitong County","code":"510725000000","severity":"severe","severityZh":"重灾区","severityEn":"Severely affected","disasterTypeZh":"重灾区","landformBasinShare":1.0,"landformMountainShare":0.0,"landformPlateauShare":0.0,"settlementBasinShare":1.0,"settlementMountainShare":0.0,"settlementPlateauShare":0.0,"landformTypeZh":"盆地县","donorBasin":1,"donorMountain":0,"donorPlateau":0,"labelEn":"Zitong County","population10k":38,"intensity":7.26,"deathsMissing":24,"deathMissingRatePer10k":1,"collapsedHousing":196392,"collapsedHousingPer10k":5168,"affectedResidentialSites":null,"affectedRoads":null,"threatenedRiverBlockages":null,"threatenedBridges":null,"threatenedReservoirs":null,"destroyedLandAreaKm2":null,"geologicalHazardRisk":0,"resettlementRatePer10k":7970,"compositeImpactIndex":0.2488,"damageIndexName":"Zitong","damageIndexLevelEn":"Severely affected area","damageIndexSource":"damage index.xlsx","landformTypeEn":"Basin county"}},{"type":"Feature","geometry":{"type":"Polygon","coordinates":[[[104.25503029999993,32.21703585],[104.24070070000005,32.163304380000284],[104.26355275000009,32.145944820000125],[104.29568443,32.14599837000014],[104.32119481000007,32.113262130000294],[104.37433837999998,32.09287677000003],[104.37782820000007,32.07960345000015],[104.40144543999997,32.06988729],[104.4107697,32.05594772000023],[104.42803677999996,32.058820660000265],[104.44603841000014,32.08516818999993],[104.4615688500001,32.08825481000008],[104.45841794,32.10867862000009],[104.46690802000012,32.112353760000076],[104.50008575000004,32.086421610000286],[104.53312707000009,32.076997500000175],[104.55291649000003,32.06098195000021],[104.64172415000013,32.047978690000264],[104.64201157000008,32.02240807999999],[104.67169660000008,32.005646739999975],[104.70418004999993,32.01738768000007],[104.72157814000008,31.993480850000196],[104.6946578400001,31.97001625000007],[104.68918819999993,31.935616360000267],[104.70038736000004,31.92469912000007],[104.71093474999998,31.925984449999987],[104.70712322999992,31.915170980000028],[104.71728941999999,31.902673480000203],[104.69544788000007,31.882459360000098],[104.67124661000014,31.872993420000284],[104.65767817999995,31.89545822000025],[104.63578751000006,31.905559790000098],[104.61060011000006,31.886937080000052],[104.55125862,31.861800910000227],[104.54803845000004,31.849548040000002],[104.56435564000009,31.845723020000037],[104.57273991000011,31.83088502999999],[104.58932612000007,31.825227449999943],[104.58234780999999,31.78229888000004],[104.60215513999998,31.766442030000235],[104.57785239999998,31.75528771000012],[104.58729528000009,31.737500670000145],[104.59757187000002,31.73340442999995],[104.57730543000002,31.711131890000104],[104.51305836999995,31.68375214000008],[104.5093781000001,31.672604610000008],[104.50304185000005,31.672530780000102],[104.5068168200001,31.65899127],[104.50535035000007,31.64800844000007],[104.50116574000009,31.65023101000014],[104.50572375000007,31.63993829000009],[104.51251207000007,31.638611250000054],[104.51432506000015,31.63378038000002],[104.46580082000014,31.594308840000167],[104.44103303000009,31.59179273000018],[104.45026100000013,31.575901499999986],[104.4425083700001,31.568257400000277],[104.4248674800001,31.57341867000008],[104.40336296000004,31.56038350000017],[104.39817949000013,31.585073009999974],[104.40583752999993,31.59265658000004],[104.3921978300001,31.594941880000135],[104.39022744999994,31.601971460000016],[104.39660812999995,31.614588640000193],[104.3905835700001,31.612333220000266],[104.37796064000003,31.62318037000017],[104.36902668999994,31.617962660000103],[104.3614657,31.630249670000126],[104.36731699000006,31.639562080000246],[104.3597818400001,31.642239380000035],[104.35731585999997,31.653999499999998],[104.35126632000004,31.65322610999999],[104.36232505000004,31.66659082999996],[104.3808427300001,31.67388888000005],[104.37533011999994,31.680958220000207],[104.38398569000009,31.68671654000002],[104.37243077000005,31.689896900000292],[104.37000835999999,31.708438290000174],[104.33951251000008,31.71419634000017],[104.34634449999993,31.738608899999974],[104.33112697000007,31.737789860000078],[104.30410568000008,31.759659320000196],[104.29618018999997,31.791291549999983],[104.26365768000005,31.78260225000008],[104.23357311000007,31.756652870000096],[104.21003445000002,31.748670260000267],[104.21036416999999,31.741508730000305],[104.18761387,31.73201148999999],[104.16856035,31.73440568000001],[104.16783962000005,31.763045239999997],[104.17341297000007,31.769728740000232],[104.16693740000005,31.773527140000056],[104.1660259300001,31.788936930000204],[104.14992375000008,31.796451930000273],[104.15600853000012,31.800631460000034],[104.14928086999998,31.812148639999975],[104.15661669999997,31.820851290000064],[104.14966327000002,31.817940380000096],[104.14469747000004,31.824440229999993],[104.14310023000002,31.816291080000042],[104.13033054000005,31.817980680000062],[104.12429686999997,31.831520000000125],[104.08060197000003,31.84068616000002],[104.05853325999999,31.83110699000025],[104.04811509000007,31.848631780000233],[104.02543163000013,31.8500538400001],[104.01386861999998,31.86482583000003],[103.97321930999999,31.858318620000034],[103.96458317000003,31.880819850000194],[103.95403715000003,31.883331230000124],[103.95546106000006,31.90589607000021],[103.94430780000005,31.909953900000232],[103.94324879999999,31.92288796000014],[103.91796596000012,31.94492200999997],[103.88060899000004,31.929858360000082],[103.87474034000013,31.92028390000013],[103.85982860000001,31.919447440000226],[103.81570757999998,31.94215704999999],[103.76127658999997,31.94865784000001],[103.74644871000004,31.95899110000005],[103.75868228000007,32.00489725000011],[103.77377938000006,32.01512488000009],[103.77325849999994,32.02464472000014],[103.79352919999991,32.04827913000008],[103.81413749000012,32.05557355999997],[103.82259353000006,32.072929320000014],[103.80981311000005,32.10202037000005],[103.81193070000012,32.112226390000046],[103.82465675000009,32.116714929999944],[103.82452677999999,32.13270002000007],[103.85617464,32.1325339],[103.84856227000006,32.163749730000006],[103.89634503000013,32.158063120000236],[103.92040431000004,32.14555624000013],[103.93817146999999,32.14928045000005],[103.97239535,32.14324061000002],[103.99397488000011,32.12063347000003],[104.04287371999999,32.13337573000001],[104.09795039,32.12712930999993],[104.09982587000007,32.13523922000002],[104.12480240000002,32.14228157000008],[104.14994293000007,32.12792058000002],[104.13912585999998,32.15132953],[104.15397959000012,32.16107221000016],[104.15972620000008,32.18350666000009],[104.21926279000013,32.21763871999997],[104.25503029999993,32.21703585]]]},"properties":{"nameZh":"北川羌族自治县","nameEn":"Beichuan Qiang Autonomous County","code":"510726000000","severity":"extreme","severityZh":"极重灾区","severityEn":"Extremely affected","disasterTypeZh":"极重灾区","landformBasinShare":0.027352653858677956,"landformMountainShare":0.8844024747639205,"landformPlateauShare":0.0882448713774015,"settlementBasinShare":0.1953727506426735,"settlementMountainShare":0.8046272493573264,"settlementPlateauShare":0.0,"landformTypeZh":"中山县","donorBasin":0,"donorMountain":1,"donorPlateau":0,"labelEn":"Beichuan Qiang Autonomous County","population10k":16,"intensity":9.16,"deathsMissing":20047,"deathMissingRatePer10k":1253,"collapsedHousing":347856,"collapsedHousingPer10k":21741,"affectedResidentialSites":439,"affectedRoads":271,"threatenedRiverBlockages":27,"threatenedBridges":0,"threatenedReservoirs":1,"destroyedLandAreaKm2":13,"geologicalHazardRisk":1.72,"resettlementRatePer10k":8625,"compositeImpactIndex":0.705,"damageIndexName":"Beichuan","damageIndexLevelEn":"Extremely severely affected area","damageIndexSource":"damage index.xlsx","landformTypeEn":"Mountain county"}},{"type":"Feature","geometry":{"type":"Polygon","coordinates":[[[104.27455784670406,32.893408527857105],[104.29769728700018,32.83301773700015],[104.36130726900012,32.82426452700014],[104.36833928400011,32.808332435000125],[104.42004567500004,32.781854509000084],[104.41939501900004,32.76966647900008],[104.44481499500006,32.76379497200003],[104.45491923900016,32.750924096000006],[104.50622282999996,32.757023530000026],[104.52864271200013,32.72742962800015],[104.55270280400009,32.73617852100023],[104.5810491690001,32.72394600199999],[104.59087354400003,32.69737543200034],[104.6331940825163,32.670868443486654],[104.61522713000011,32.62988202000008],[104.61500976000008,32.604961920000164],[104.63423496000007,32.59789819000031],[104.64858165999993,32.582023090000234],[104.65545636999997,32.560743860000116],[104.70479574000012,32.557067200000006],[104.75181426,32.530879310000216],[104.74714319000009,32.507634020000125],[104.75690104000012,32.496148910000215],[104.74626531000007,32.46713909999994],[104.75890522999998,32.448781980000035],[104.75228973999992,32.437371270000085],[104.77072845000004,32.422060349999924],[104.7719875300001,32.39938607000005],[104.78324666999998,32.3885446700001],[104.8188379,32.37372600000003],[104.83790866999999,32.353579850000074],[104.85895771000003,32.36056883000015],[104.88326870999998,32.35720906999995],[104.90894168,32.328638720000015],[104.93754575000008,32.33609188000031],[104.97716823000002,32.33278276000004],[104.9773677,32.32552798000006],[104.96386225000003,32.32512315999992],[104.95930542999997,32.30780297000001],[104.99667170000009,32.27349313000019],[104.99218360999998,32.24987632000011],[104.95753407000012,32.2454439400002],[104.95197879000006,32.233690460000275],[104.92919496000013,32.22336341000005],[104.92407454999994,32.18765332999999],[104.93656332999996,32.17646096999994],[104.93460204000007,32.165549200000214],[104.89933881000002,32.13766724000021],[104.89376590000006,32.11725546000008],[104.87889823000006,32.103174550000176],[104.89233547000003,32.07283025999999],[104.88937547000006,32.060304320000114],[104.8743346500001,32.048228860000165],[104.84736600999997,32.046456240000225],[104.83962323000009,32.02506552000011],[104.82051777000004,32.0035877200001],[104.80840831,32.00993507000021],[104.78735763999998,31.99724071000003],[104.78491727,32.02314764000005],[104.72512864000004,31.993975820000287],[104.70298234999996,32.01765051000018],[104.67169660000008,32.005646739999975],[104.64077006000002,32.02353435000009],[104.64172415000013,32.047978690000264],[104.55291649000003,32.06098195000021],[104.53312707000009,32.076997500000175],[104.50008575000004,32.086421610000286],[104.46690802000012,32.112353760000076],[104.45841794,32.10867862000009],[104.4615688500001,32.08825481000008],[104.44603841000014,32.08516818999993],[104.42803677999996,32.058820660000265],[104.4107697,32.05594772000023],[104.40144543999997,32.06988729],[104.37782820000007,32.07960345000015],[104.37433837999998,32.09287677000003],[104.32119481000007,32.113262130000294],[104.29568443,32.14599837000014],[104.26355275000009,32.145944820000125],[104.24070070000005,32.163304380000284],[104.25503029999993,32.21703585],[104.24504175000004,32.25172437000026],[104.20694741000005,32.28732778],[104.21041003000005,32.29991021000012],[104.17694003000003,32.309834340000236],[104.16813868999998,32.29893120000014],[104.17111590000007,32.28900512000024],[104.15732189000005,32.26217507000024],[104.15940631000007,32.25175678000028],[104.13553322999991,32.23989134999994],[104.1284055000001,32.225161860000185],[104.08514380999998,32.23461197000012],[104.0662440100001,32.25103587000012],[104.02889706999997,32.25155203000003],[103.9803547300001,32.30743467000008],[103.91807857999999,32.31816719000011],[103.91169921000011,32.33240405999999],[103.89585895000005,32.34375526000002],[103.90230773000002,32.34957045000016],[103.88754316,32.36530547000001],[103.88952218999998,32.38164701000011],[103.91290461,32.43681841999995],[103.90227233000013,32.47319951999992],[103.90540641000007,32.511288080000156],[103.84433501000007,32.58250581000004],[103.85089744999999,32.61604903],[103.87537427999996,32.62377096],[103.89170934000009,32.642322879999995],[103.9222531900001,32.63798331000015],[103.98879973999999,32.65024323000006],[104.00869512000003,32.643037700000036],[104.03557030000002,32.65342700000002],[104.06536598000008,32.63022797000008],[104.06628561999997,32.6043698000002],[104.08274634000003,32.56955497000013],[104.13243716000005,32.521409310000024],[104.12908521000003,32.49323357000003],[104.09251896,32.46966623000014],[104.14187238000005,32.475918860000036],[104.14537928999994,32.49365754000013],[104.16245443000003,32.51374698000001],[104.1604670700001,32.525452740000276],[104.17224628000002,32.533553909999966],[104.16597076,32.58289075000005],[104.17566807000014,32.611362780000036],[104.17975694000006,32.67022198000001],[104.15330747999991,32.71359665000011],[104.12749046000005,32.73236792000017],[104.14413283000005,32.76560697000002],[104.11868802000004,32.80189873000006],[104.10376414000001,32.80425178000007],[104.09928558999997,32.84927429000004],[104.07461006000005,32.85889406000001],[104.06191791000009,32.84440340000009],[104.03407706999991,32.836044079999965],[104.02991917999998,32.82244774000014],[104.00079564000009,32.81600069000018],[103.96942561999998,32.84122935000005],[103.97511927999994,32.853702990000215],[103.99160323999996,32.86209614000029],[103.99179363000007,32.880885890000116],[103.95578084000005,32.89067957000026],[103.9504806600001,32.918980340000076],[103.96324021999993,32.92500107999996],[103.95712049000002,32.942089980000105],[103.96820476000005,32.948835250000286],[103.96102673000013,32.95821764999994],[103.97609559000011,32.98709248000023],[103.97143402000006,33.00723684000002],[103.97810032000007,33.01007701000003],[103.97920340000002,33.0297821800001],[103.99864594000002,33.043867060000025],[104.01102422999998,33.04323504000013],[104.06508882000008,33.00547196000002],[104.11077562000014,33.001672460000066],[104.11670506000013,32.98859383000013],[104.16700356000001,32.95426320000013],[104.18828824000002,32.921024400000306],[104.20375576000015,32.920368680000024],[104.21694415000013,32.89913211000027],[104.23882440000006,32.88358742999998],[104.24539461000012,32.87973111000014],[104.27455784670406,32.893408527857105]]]},"properties":{"nameZh":"平武县","nameEn":"Pingwu County","code":"510727000000","severity":"extreme","severityZh":"极重灾区","severityEn":"Extremely affected","disasterTypeZh":"极重灾区","landformBasinShare":0.0,"landformMountainShare":0.8251595566006046,"landformPlateauShare":0.17484044339939536,"settlementBasinShare":0.0,"settlementMountainShare":1.0,"settlementPlateauShare":0.0,"landformTypeZh":"中山县","donorBasin":0,"donorMountain":1,"donorPlateau":0,"labelEn":"Pingwu County","population10k":19,"intensity":8.15,"deathsMissing":6565,"deathMissingRatePer10k":346,"collapsedHousing":299557,"collapsedHousingPer10k":15766,"affectedResidentialSites":84,"affectedRoads":153,"threatenedRiverBlockages":10,"threatenedBridges":1,"threatenedReservoirs":0,"destroyedLandAreaKm2":1,"geologicalHazardRisk":0.67,"resettlementRatePer10k":9789,"compositeImpactIndex":0.4424,"damageIndexName":"Pingwu","damageIndexLevelEn":"Extremely severely affected area","damageIndexSource":"damage index.xlsx","landformTypeEn":"Mountain county"}},{"type":"Feature","geometry":{"type":"Polygon","coordinates":[[[105.28175372999999,32.14133894000025],[105.27677145000007,32.13152184000012],[105.25802396,32.12730066000029],[105.28541687000006,32.11456768000011],[105.24952649,32.085663140000236],[105.25206643000001,32.06482292000004],[105.24349998999998,32.054291990000195],[105.24665081000012,32.035393620000264],[105.2611532900001,32.032939780000106],[105.25992131999993,32.01728466000009],[105.25295209000012,32.01592505000002],[105.25434056000006,31.991545879999933],[105.24493246000003,31.987519150000026],[105.23225128000007,32.01872897000004],[105.22166253000006,32.01288405000014],[105.2154736600001,32.02246223000003],[105.21269695000007,32.00735341000012],[105.19574486000005,32.01327312000018],[105.19998128000009,32.004776630000265],[105.18899198999998,32.00265431000014],[105.18900041000012,31.995599770000183],[105.17000829000006,32.00125157000008],[105.18439181000002,31.98516416000001],[105.18174427999998,31.967562120000252],[105.18887061000004,31.955811880000056],[105.20384380000013,31.94902090000005],[105.17976548000001,31.913477610000086],[105.18378421,31.899707710000314],[105.17705612000003,31.90693909999999],[105.16039835000004,31.898846130000265],[105.15312446000002,31.91207789000009],[105.12886781999998,31.903499829999987],[105.11212064,31.908117989999994],[105.10048696000007,31.891926710000064],[105.10173789999999,31.874082080000107],[105.08642274000005,31.878918740000074],[105.08585833000006,31.86785955000005],[105.07721048000008,31.87450119000016],[105.06486529000006,31.86932330000019],[105.06139200000007,31.857053619999988],[105.03223034000007,31.847931640000013],[105.03690942000014,31.841199680000273],[105.00030282,31.828256260000103],[104.98139688000015,31.84848234000009],[104.97971239000003,31.818115299999988],[104.96257064999998,31.804302080000184],[104.9667800100001,31.79590559000019],[104.98316754000007,31.793473710000058],[104.98768153000003,31.786997140000096],[104.9791658900001,31.781550489999915],[104.99370558999999,31.77192351000008],[104.98402721999997,31.761488080000163],[104.98104988,31.767372750000163],[104.96117356000002,31.765985330000092],[104.95397820000011,31.757540489999997],[104.96876731999998,31.720364449999977],[104.95586964000006,31.720711390000076],[104.93442378000003,31.700558980000153],[104.92793154000003,31.701376360000097],[104.93168031000005,31.71371041000009],[104.92635983000002,31.719813200000033],[104.91866176000008,31.71837117000007],[104.91223898999999,31.70077315000009],[104.88643565000001,31.720489660000055],[104.88319780999996,31.70977161000019],[104.89188651,31.706252470000152],[104.88128051999996,31.690168500000198],[104.83847997999999,31.7132767600001],[104.81116201000009,31.695224259999975],[104.82179536000007,31.684534070000097],[104.81513777000009,31.67902124999995],[104.82432174000002,31.65037386000023],[104.81206548000006,31.644140839999977],[104.77813922000001,31.65607201000006],[104.77096835999998,31.649240740000266],[104.78361708000011,31.627149570000313],[104.75989033999997,31.622448770000005],[104.73349852000001,31.630659730000104],[104.73950634000005,31.626718170000117],[104.73059908000005,31.620816310000123],[104.73511284,31.610968809999974],[104.72771637000011,31.602756360000114],[104.7007789000001,31.61188573999999],[104.68521399999992,31.60482818999992],[104.68128195000003,31.594443630000114],[104.66773957000004,31.595181400000058],[104.65098717000006,31.582014110000216],[104.66826105000001,31.571171310000125],[104.64820050000003,31.54237455000009],[104.62297722000011,31.543025240000304],[104.61235326000002,31.565183290000107],[104.58930045000005,31.56124000000017],[104.59766744000012,31.56929717000014],[104.59266831000002,31.58111559000031],[104.60618231000012,31.58262709000013],[104.60034941999999,31.59312876000024],[104.60994045000001,31.605545460000144],[104.57557818999993,31.62550946999994],[104.55681304000001,31.619038220000277],[104.54402850000002,31.623522620000244],[104.54605964000007,31.62888899999996],[104.53804820999994,31.63055021999992],[104.55070297000003,31.645353720000173],[104.51149637000003,31.68090538000007],[104.57730543000002,31.711131890000104],[104.59757187000002,31.73340442999995],[104.58729528000009,31.737500670000145],[104.57785239999998,31.75528771000012],[104.60215513999998,31.766442030000235],[104.58234780999999,31.78229888000004],[104.58932612000007,31.825227449999943],[104.57273991000011,31.83088502999999],[104.56435564000009,31.845723020000037],[104.54803845000004,31.849548040000002],[104.54871513000006,31.85704596000005],[104.55624971999998,31.868612370000164],[104.58051688,31.87192601000004],[104.63578751000006,31.905559790000098],[104.65767817999995,31.89545822000025],[104.67124661000014,31.872993420000284],[104.68766088000007,31.87674153000006],[104.71728941999999,31.902673480000203],[104.70712322999992,31.915170980000028],[104.71093474999998,31.925984449999987],[104.69917182,31.925268160000257],[104.68898877999999,31.936532930000055],[104.6946578400001,31.97001625000007],[104.70211478999994,31.977974300000028],[104.76903062000008,32.02005223000009],[104.78760047999998,32.02190889000008],[104.78735763999998,31.99724071000003],[104.80840831,32.00993507000021],[104.81893817000008,32.00262253],[104.83962323000009,32.02506552000011],[104.84736600999997,32.046456240000225],[104.88073139,32.05108410000014],[104.89239652000009,32.07099385000009],[104.87952400000012,32.10455036000013],[104.89376590000006,32.11725546000008],[104.89933881000002,32.13766724000021],[104.93460204000007,32.165549200000214],[104.93656332999996,32.17646096999994],[104.92407454999994,32.18765332999999],[104.92919496000013,32.22336341000005],[104.95197879000006,32.233690460000275],[104.95753407000012,32.2454439400002],[104.99517817000014,32.250309290000246],[105.02972807000015,32.26732830000009],[105.03731513000014,32.28861408000023],[105.07912733000006,32.28571291000014],[105.08666306000003,32.308405320000304],[105.11349124000009,32.31306932000001],[105.1742508700001,32.304852070000095],[105.24417451,32.32277678000031],[105.25292309000002,32.30483615000003],[105.2347310400001,32.28942158000024],[105.25095257000004,32.27392534000006],[105.26586401999998,32.28004496999995],[105.2674436100001,32.26831471999998],[105.2493816600001,32.23855982000009],[105.25878978999992,32.227462560000106],[105.24376597000014,32.22026151000006],[105.23697850000008,32.20615198000007],[105.26789389000004,32.197995400000025],[105.26767684000004,32.18941219000004],[105.24790544999996,32.170414590000064],[105.26155728000015,32.15679065000029],[105.27161649000004,32.158241290000035],[105.28175372999999,32.14133894000025]]]},"properties":{"nameZh":"江油市","nameEn":"Jiangyou City","code":"510781000000","severity":"severe","severityZh":"重灾区","severityEn":"Severely affected","disasterTypeZh":"重灾区","landformBasinShare":0.5132450331125827,"landformMountainShare":0.4867549668874172,"landformPlateauShare":0.0,"settlementBasinShare":0.8201811125485123,"settlementMountainShare":0.17981888745148772,"settlementPlateauShare":0.0,"landformTypeZh":"混合县","donorBasin":1,"donorMountain":1,"donorPlateau":0,"labelEn":"Jiangyou City","population10k":88,"intensity":8.25,"deathsMissing":437,"deathMissingRatePer10k":5,"collapsedHousing":903656,"collapsedHousingPer10k":10269,"affectedResidentialSites":120,"affectedRoads":39,"threatenedRiverBlockages":13,"threatenedBridges":0,"threatenedReservoirs":0,"destroyedLandAreaKm2":5,"geologicalHazardRisk":0.36,"resettlementRatePer10k":5511,"compositeImpactIndex":0.3768,"damageIndexName":"Jiangyou","damageIndexLevelEn":null,"damageIndexSource":"damage index.xlsx","landformTypeEn":"Mixed landform county"}},{"type":"Feature","geometry":{"type":"MultiPolygon","coordinates":[[[[104.82500574999995,29.35222929000031],[104.82375551000007,29.351230530000066],[104.82036196000013,29.35292811000022],[104.82348701000006,29.35615105000005],[104.82500574999995,29.35222929000031]]],[[[104.80623768999999,29.34548885999999],[104.79897195000012,29.34120922000011],[104.79231305999997,29.35073505000031],[104.78392711999999,29.35068855999998],[104.79037740000007,29.34147290000027],[104.77838045000004,29.33479180000029],[104.77640083000006,29.32112631000024],[104.79056819000004,29.305451049999988],[104.76152916000007,29.287188840000113],[104.75322913000002,29.274392430000034],[104.7389742800001,29.27108651000026],[104.74046733,29.24672700000002],[104.72972911000005,29.251423760000137],[104.73363488000007,29.240705990000095],[104.72279182,29.24550142000004],[104.71547432000011,29.237294780000127],[104.72264412000004,29.224044890000016],[104.71541339000004,29.216939520000267],[104.69376276000008,29.218908310000074],[104.68940529999998,29.204994020000072],[104.66458688999995,29.1997485],[104.62192561000012,29.210373600000025],[104.61481624000004,29.2177458500002],[104.61230789000001,29.235196160000214],[104.62400817000014,29.255650899999978],[104.63532699999996,29.255782059999945],[104.63126470999998,29.268374059999985],[104.63566506000006,29.280128820000016],[104.64514322000002,29.27776540000025],[104.63909380000007,29.306656990000306],[104.66126316999993,29.3135825600001],[104.65899666999996,29.32570708999998],[104.67050704000007,29.315778520000094],[104.67697420000013,29.325583890000303],[104.68233055000007,29.323624080000116],[104.69476965000007,29.288775770000143],[104.70722723,29.311884440000085],[104.71800865,29.321314109999946],[104.72559591999999,29.315935400000058],[104.72411209999996,29.332569100000228],[104.75113676000012,29.321367060000057],[104.75481000000008,29.336330390000057],[104.74749965000007,29.3363344],[104.74852417000011,29.345071020000262],[104.74034647999991,29.354880050000247],[104.75454119000005,29.358130010000025],[104.75546129999998,29.362539640000023],[104.76060894000011,29.36606858000016],[104.75362967000012,29.3632187500001],[104.74873280999998,29.36975224000014],[104.76367325000001,29.372516460000213],[104.77946551000014,29.35908017000014],[104.79392846000007,29.363086060000114],[104.78749540000001,29.353959260000067],[104.80602116,29.35277405000005],[104.80623768999999,29.34548885999999]],[[104.80456211000006,29.34809436000012],[104.80505753000006,29.348151180000002],[104.80351222000007,29.348205490000055],[104.80361632999995,29.34778392999999],[104.80456211000006,29.34809436000012]],[[104.78874507,29.352063120000025],[104.78874506,29.352372940000294],[104.78821582000012,29.352036410000153],[104.78837190000002,29.351912700000014],[104.78874507,29.352063120000025]],[[104.78442206000005,29.355795110000088],[104.78437903000008,29.355996930000288],[104.78366677999992,29.356070990000205],[104.78419599,29.35561991999998],[104.78442206000005,29.355795110000088]],[[104.78350179999995,29.35443676000017],[104.78276354999997,29.354699690000245],[104.78210437999996,29.35431712000002],[104.78360586000002,29.354029140000193],[104.78350179999995,29.35443676000017]],[[104.78287673000011,29.35161969000012],[104.78319779000003,29.352635470000166],[104.78264260000009,29.352834670000107],[104.78245160000012,29.35176308000007],[104.78287673000011,29.35161969000012]],[[104.78201742000005,29.35281092000008],[104.78147023000008,29.35360279000008],[104.78041200000013,29.35304287999992],[104.78138324999998,29.35275020000006],[104.78201742000005,29.35281092000008]],[[104.78161849000008,29.349028740000165],[104.7817655,29.349601570000118],[104.78134837999994,29.349885900000004],[104.78121835000002,29.34961889999994],[104.78161849000008,29.349028740000165]],[[104.76461927000008,29.364738610000245],[104.76400347999993,29.36496509999995],[104.76385554999996,29.36458923000015],[104.76442034999997,29.36448064000001],[104.76461927000008,29.364738610000245]],[[104.75746602999993,29.360208700000044],[104.75780480000009,29.360523639999997],[104.75759686000009,29.362027660000308],[104.75659854000008,29.36162155000011],[104.75746602999993,29.360208700000044]],[[104.75387179000012,29.356532800000025],[104.75399366000005,29.357085500000096],[104.75346408999991,29.35707537999997],[104.75356804,29.3562139200003],[104.75387179000012,29.356532800000025]],[[104.6353876,29.261175219999984],[104.63524895000012,29.26142225000018],[104.6346844300001,29.260921420000102],[104.63478816999998,29.260878300000286],[104.6353876,29.261175219999984]],[[104.63528383999994,29.262025779999988],[104.63422456000006,29.26200233000003],[104.63416373000001,29.26167464000008],[104.63469338999994,29.26137109000001],[104.63528383999994,29.262025779999988]]],[[[104.74816292000008,29.35849388000031],[104.74732677999998,29.358847670000273],[104.74846356000006,29.359422340000208],[104.7488372200001,29.358764750000148],[104.74816292000008,29.35849388000031]]],[[[104.74849161000009,29.3578722700002],[104.74799511000003,29.358188060000032],[104.7484466200001,29.358502889999954],[104.74872436999999,29.357990200000188],[104.74849161000009,29.3578722700002]]],[[[104.74460055000003,29.344050810000226],[104.74446971000003,29.343855940000083],[104.74272484000005,29.34418800000003],[104.74399221999994,29.345290120000072],[104.74460055000003,29.344050810000226]]],[[[104.74257896000006,29.345623150000108],[104.74187388000001,29.34548138000008],[104.74196970000014,29.34652672000027],[104.74259488999996,29.346687500000257],[104.74257896000006,29.345623150000108]]],[[[104.74192774000005,29.346831550000275],[104.74117073000008,29.347069570000258],[104.74140538999995,29.347646169999962],[104.74216141,29.347514080000053],[104.74192774000005,29.346831550000275]]]]},"properties":{"nameZh":"自流井区","nameEn":"自流井区","code":"510302000000","severity":"general","severityZh":"一般灾区","severityEn":"Generally affected","disasterTypeZh":"一般灾区","landformBasinShare":1.0,"landformMountainShare":0.0,"landformPlateauShare":0.0,"settlementBasinShare":1.0,"settlementMountainShare":0.0,"settlementPlateauShare":0.0,"landformTypeZh":"盆地县","donorBasin":1,"donorMountain":0,"donorPlateau":0,"labelEn":"","landformTypeEn":"Basin county"}},{"type":"Feature","geometry":{"type":"Polygon","coordinates":[[[104.73204674999994,29.365755150000155],[104.74129248000003,29.348975380000013],[104.72170728000015,29.349814639999977],[104.72925205000001,29.33630678000003],[104.72274001999995,29.330264759999977],[104.72559591999999,29.315935400000058],[104.71800865,29.321314109999946],[104.70722723,29.311884440000085],[104.69476965000007,29.288775770000143],[104.69187024000001,29.30906232000001],[104.67826714,29.325535479999985],[104.67050704000007,29.315778520000094],[104.65899666999996,29.32570708999998],[104.66126316999993,29.3135825600001],[104.63909380000007,29.306656990000306],[104.64514322000002,29.27776540000025],[104.63566506000006,29.280128820000016],[104.63532699999996,29.255782059999945],[104.62400817000014,29.255650899999978],[104.61128375999999,29.23158545000007],[104.62192561000012,29.210373600000025],[104.59413353000008,29.193587600000058],[104.59339568999997,29.179881810000268],[104.55670730999998,29.16093795000012],[104.54568389000008,29.144306690000008],[104.51891547999998,29.160743019999984],[104.50320375000013,29.16063314000013],[104.45844600000004,29.224657120000018],[104.44519786000006,29.219024230000286],[104.43209750000005,29.223675560000004],[104.43913888000003,29.24377632000011],[104.47563418000004,29.260740640000108],[104.48323022000005,29.273345759999984],[104.5126046100001,29.27482312000018],[104.5121011,29.256596209999998],[104.53906128000011,29.262761850000174],[104.5440001,29.28497780000015],[104.55322651000012,29.292300380000086],[104.54072778,29.2991790800001],[104.54880945000002,29.314432430000068],[104.52868033000004,29.324320269999987],[104.53383687000002,29.335687280000116],[104.56153341999999,29.342580010000006],[104.56520479,29.356073019999997],[104.57767659000001,29.357727380000085],[104.55846116999999,29.37247829000006],[104.54409548000007,29.373106610000036],[104.54411282000012,29.389048510000293],[104.54998101999996,29.387398529999984],[104.55355646000004,29.396565130000113],[104.54073707000003,29.40906595000007],[104.53003466000001,29.408630130000063],[104.53126697000005,29.416859880000118],[104.51908070999997,29.418539169999974],[104.52502669000006,29.424748319999992],[104.52192796000003,29.434113010000033],[104.52795048000007,29.42192259999996],[104.54697789,29.425564720000068],[104.5380110000001,29.432006530000137],[104.54225624999998,29.444367000000227],[104.55564038,29.434576549999974],[104.56993478999999,29.444560130000013],[104.58613931999997,29.425884250000024],[104.59086156000006,29.4343803000001],[104.60884598000007,29.432524800000238],[104.60846311,29.44311964000002],[104.61765498000011,29.447793560000036],[104.64535267999997,29.412808520000112],[104.66277339000004,29.40461933000023],[104.66431029,29.41220634000001],[104.67096772999997,29.40181422000012],[104.66573274000007,29.391501000000176],[104.67535140000012,29.390114340000196],[104.67759085999995,29.378753550000056],[104.68536017999998,29.39046843],[104.69392807000008,29.37728289000006],[104.69667088,29.382765189999986],[104.70591650000011,29.380575290000138],[104.69965702000002,29.369623010000055],[104.70830305000004,29.364304470000206],[104.73204674999994,29.365755150000155]],[[104.66656418000014,29.367618150000112],[104.66391944999998,29.36754520000011],[104.66239135000001,29.365121540000132],[104.66727900000012,29.365889790000097],[104.66656418000014,29.367618150000112]],[[104.66479730999998,29.37747678000011],[104.66374560999998,29.37621047000016],[104.66543840000008,29.37508894000007],[104.66686183000007,29.3767382500003],[104.66479730999998,29.37747678000011]],[[104.66376771000006,29.372463610000295],[104.66393617000011,29.372645180000006],[104.66331114000008,29.37253942999996],[104.66346765000009,29.372382229999914],[104.66376771000006,29.372463610000295]],[[104.61781143000007,29.338014830000134],[104.61647498999997,29.338083970000184],[104.61614462,29.337839410000015],[104.61622248000003,29.337749400000007],[104.61781143000007,29.338014830000134]],[[104.61779443000006,29.33895926000031],[104.61744708000015,29.339369320000117],[104.61690812000012,29.33924787000001],[104.61698698000009,29.33898896000028],[104.61779443000006,29.33895926000031]]]},"properties":{"nameZh":"贡井区","nameEn":"贡井区","code":"510303000000","severity":"general","severityZh":"一般灾区","severityEn":"Generally affected","disasterTypeZh":"一般灾区","landformBasinShare":1.0,"landformMountainShare":0.0,"landformPlateauShare":0.0,"settlementBasinShare":1.0,"settlementMountainShare":0.0,"settlementPlateauShare":0.0,"landformTypeZh":"盆地县","donorBasin":1,"donorMountain":0,"donorPlateau":0,"labelEn":"","landformTypeEn":"Basin county"}},{"type":"Feature","geometry":{"type":"MultiPolygon","coordinates":[[[[105.05838895000011,29.463188020000132],[105.06453548000013,29.456946829999936],[105.06002911000013,29.44240258000002],[105.08101388,29.424946470000066],[105.07715930000012,29.41138343000017],[105.07144631000011,29.40799459000027],[105.06200970000003,29.4164440200002],[105.0436564100001,29.411363560000098],[105.0321964900001,29.385686020000094],[105.04708552000011,29.381863660000022],[105.04469768000007,29.37108793999994],[105.06041191999998,29.367295000000013],[105.06914577999999,29.354117040000176],[105.06554288999996,29.34009508000031],[105.08249065999996,29.339476460000128],[105.07990300000012,29.33075051000003],[105.10028854999996,29.31922130999999],[105.0933079400001,29.303458980000016],[105.07867051000011,29.310581250000098],[105.08895825000008,29.29664620999995],[105.07477246999997,29.278240919999973],[105.05693123999993,29.27584682000031],[105.04382952000003,29.28124458999997],[105.04910054000004,29.284275530000116],[105.04275412000004,29.288619000000153],[105.03454925000005,29.282320560000016],[105.03108596000004,29.290362930000015],[105.01870717000008,29.29227446000027],[105.01495638000006,29.285278989999995],[104.99362866000001,29.298152830000106],[104.99815996000012,29.30874311000025],[104.97594712000006,29.31201427000019],[104.96540991000006,29.331574830000022],[104.92629953,29.32535447999993],[104.92700328999996,29.33424101999998],[104.91427706000002,29.34096413000009],[104.91589183000008,29.362458950000075],[104.89051252000002,29.372409720000064],[104.87633972000009,29.38902392],[104.86431789,29.37496247000007],[104.85956190000013,29.374992910000117],[104.85067329000009,29.37824827999998],[104.84954551000004,29.37705711000001],[104.84981406000003,29.369450980000238],[104.83087374000002,29.372615180000025],[104.83908550000001,29.357246499999917],[104.83502295000011,29.349800530000266],[104.82506662000003,29.356417869999916],[104.82535316000013,29.351026670000067],[104.81826099000006,29.34946027999996],[104.81771389000005,29.339725220000105],[104.80735785000013,29.341771110000252],[104.80602116,29.35277405000005],[104.78749540000001,29.353959260000067],[104.79392846000007,29.363086060000114],[104.77946551000014,29.35908017000014],[104.76367325000001,29.372516460000213],[104.75446259000012,29.372205670000255],[104.74921047000004,29.366848970000035],[104.76002733999997,29.36394855000026],[104.75546129999998,29.362539640000023],[104.75090333999998,29.35632837999998],[104.74454788000008,29.359741310000118],[104.74015577999995,29.35385572000007],[104.74852417000011,29.345071020000262],[104.74749965000007,29.3363344],[104.75481000000008,29.336330390000057],[104.75113676000012,29.321367060000057],[104.74146657000006,29.320596040000055],[104.72489352000014,29.332897230000015],[104.72925205000001,29.33630678000003],[104.72170728000015,29.349814639999977],[104.74129248000003,29.348975380000013],[104.73080508000004,29.361869199999944],[104.74278574999994,29.366099800000256],[104.73562398000001,29.38536792000002],[104.74541662000001,29.386429679999935],[104.75373299,29.375857370000062],[104.75930672999999,29.38553969000003],[104.75475757000004,29.38929094000008],[104.76337864999994,29.409241640000232],[104.74854140000014,29.404033800000093],[104.75423688000012,29.41258698000007],[104.74578113000001,29.4094549000003],[104.74052844000005,29.41477293000031],[104.74743006,29.41484094000009],[104.74932374000002,29.422718819999943],[104.74077227999999,29.4325835300001],[104.74541620000002,29.438204859999985],[104.73597106000011,29.436335290000216],[104.75338631000005,29.46062335000022],[104.76273669000011,29.456715920000022],[104.7625541000001,29.449797190000083],[104.78364989999994,29.46035446999997],[104.80517040000012,29.460297110000226],[104.83098603000008,29.433366080000212],[104.84485745000006,29.469713540000043],[104.86956054999996,29.475478450000082],[104.86883202000007,29.462548679999998],[104.88104447999996,29.4591961000001],[104.88166056999995,29.453022549999957],[104.89828161000014,29.450672180000197],[104.90181373000001,29.441370670000083],[104.91500611999999,29.43727829000005],[104.93370327000014,29.44872543000008],[104.95906472000013,29.41954103000029],[104.98683120999999,29.440679939999995],[105.00149296000006,29.436003780000135],[105.02386481000013,29.44226285000002],[105.0190619600001,29.46173179000027],[105.03899421999995,29.46577058000031],[105.03815993000006,29.475906810000197],[105.02755626000004,29.475236929999994],[105.03869046000005,29.483844940000097],[105.04678165000001,29.476902140000107],[105.04486301000009,29.468431140000177],[105.05838895000011,29.463188020000132]],[[104.99807247000001,29.406917600000156],[104.99811624000006,29.407407200000137],[104.99736077000011,29.407720370000106],[104.99721349999999,29.407173120000152],[104.99807247000001,29.406917600000156]],[[104.9967831300001,29.414701370000046],[104.99689160999998,29.41513082000006],[104.99650141000006,29.415371860000107],[104.99656216000011,29.41469304000009],[104.9967831300001,29.414701370000046]],[[104.98887110000004,29.393119130000116],[104.98895864999997,29.394022360000065],[104.9884639500001,29.394076820000123],[104.98839430999999,29.393174530000067],[104.98887110000004,29.393119130000116]],[[104.85989102999997,29.375680980000027],[104.85906659,29.37644235000016],[104.85871942000006,29.376335900000015],[104.85884950000013,29.375947320000023],[104.85989102999997,29.375680980000027]],[[104.83501387000007,29.35122465000012],[104.8344062700001,29.35118354000008],[104.83445833999997,29.35095278],[104.83515302000006,29.35097006000001],[104.83501387000007,29.35122465000012]],[[104.82500574999995,29.35222929000031],[104.82348701000006,29.35615105000005],[104.82036196000013,29.35292811000022],[104.82375551000007,29.351230530000066],[104.82500574999995,29.35222929000031]],[[104.75512244999999,29.364646290000053],[104.75500052000007,29.364931090000027],[104.75438401000002,29.36452515999997],[104.75474874000003,29.364303389999918],[104.75512244999999,29.364646290000053]],[[104.74816292000008,29.35849388000031],[104.7488372200001,29.358764750000148],[104.74846356000006,29.359422340000208],[104.74732677999998,29.358847670000273],[104.74816292000008,29.35849388000031]],[[104.74849161000009,29.3578722700002],[104.74872436999999,29.357990200000188],[104.7484466200001,29.358502889999954],[104.74799511000003,29.358188060000032],[104.74849161000009,29.3578722700002]],[[104.74460055000003,29.344050810000226],[104.74399221999994,29.345290120000072],[104.74272484000005,29.34418800000003],[104.74446971000003,29.343855940000083],[104.74460055000003,29.344050810000226]],[[104.74257896000006,29.345623150000108],[104.74259488999996,29.346687500000257],[104.74196970000014,29.34652672000027],[104.74187388000001,29.34548138000008],[104.74257896000006,29.345623150000108]],[[104.74192774000005,29.346831550000275],[104.74216141,29.347514080000053],[104.74140538999995,29.347646169999962],[104.74117073000008,29.347069570000258],[104.74192774000005,29.346831550000275]]],[[[104.91391307000009,29.355870290000098],[104.91301874999999,29.356656390000126],[104.91336604000014,29.357725530000153],[104.91460669000014,29.356499440000107],[104.91391307000009,29.355870290000098]]],[[[104.85214872000012,29.36999548000017],[104.85187954000003,29.369841140000005],[104.85155925999999,29.370868020000046],[104.85168936000014,29.370844240000054],[104.85214872000012,29.36999548000017]]],[[[104.85148026000007,29.36963061],[104.8509689,29.369591799999966],[104.85114200999993,29.36981595000003],[104.85148026000007,29.36963061]]],[[[104.85126002999993,29.371255300000314],[104.85089876000006,29.371447600000238],[104.85087274000006,29.371664430000237],[104.85126302000003,29.371475180000004],[104.85126002999993,29.371255300000314]]],[[[104.85059251000013,29.372153690000232],[104.85005711000008,29.372313710000128],[104.85069055000008,29.37274950000011],[104.85052545000008,29.372345460000076],[104.85059251000013,29.372153690000232]]],[[[104.83866841999992,29.35071168000013],[104.83816493,29.35097860000002],[104.83879050000007,29.351339520000238],[104.83888560000014,29.35120278000028],[104.83866841999992,29.35071168000013]]],[[[104.80456211000006,29.34809436000012],[104.80361632999995,29.34778392999999],[104.80351222000007,29.348205490000055],[104.80505753000006,29.348151180000002],[104.80456211000006,29.34809436000012]]],[[[104.79722666999993,29.341627160000257],[104.78553337,29.33658329000002],[104.78394454,29.341770040000142],[104.79037740000007,29.34147290000027],[104.78392711999999,29.35068855999998],[104.79231305999997,29.35073505000031],[104.79722666999993,29.341627160000257]]],[[[104.78874507,29.352063120000025],[104.78837190000002,29.351912700000014],[104.78821582000012,29.352036410000153],[104.78874506,29.352372940000294],[104.78874507,29.352063120000025]]],[[[104.78442206000005,29.355795110000088],[104.78419599,29.35561991999998],[104.78366677999992,29.356070990000205],[104.78437903000008,29.355996930000288],[104.78442206000005,29.355795110000088]]],[[[104.78350179999995,29.35443676000017],[104.78360586000002,29.354029140000193],[104.78210437999996,29.35431712000002],[104.78276354999997,29.354699690000245],[104.78350179999995,29.35443676000017]]],[[[104.78287673000011,29.35161969000012],[104.78245160000012,29.35176308000007],[104.78264260000009,29.352834670000107],[104.78319779000003,29.352635470000166],[104.78287673000011,29.35161969000012]]],[[[104.78201742000005,29.35281092000008],[104.78138324999998,29.35275020000006],[104.78041200000013,29.35304287999992],[104.78147023000008,29.35360279000008],[104.78201742000005,29.35281092000008]]],[[[104.78161849000008,29.349028740000165],[104.78121835000002,29.34961889999994],[104.78134837999994,29.349885900000004],[104.7817655,29.349601570000118],[104.78161849000008,29.349028740000165]]],[[[104.76461927000008,29.364738610000245],[104.76442034999997,29.36448064000001],[104.76385554999996,29.36458923000015],[104.76400347999993,29.36496509999995],[104.76461927000008,29.364738610000245]]],[[[104.75746602999993,29.360208700000044],[104.75659854000008,29.36162155000011],[104.75759686000009,29.362027660000308],[104.75780480000009,29.360523639999997],[104.75746602999993,29.360208700000044]]],[[[104.75387179000012,29.356532800000025],[104.75356804,29.3562139200003],[104.75346408999991,29.35707537999997],[104.75399366000005,29.357085500000096],[104.75387179000012,29.356532800000025]]]]},"properties":{"nameZh":"大安区","nameEn":"大安区","code":"510304000000","severity":"general","severityZh":"一般灾区","severityEn":"Generally affected","disasterTypeZh":"一般灾区","landformBasinShare":1.0,"landformMountainShare":0.0,"landformPlateauShare":0.0,"settlementBasinShare":1.0,"settlementMountainShare":0.0,"settlementPlateauShare":0.0,"landformTypeZh":"盆地县","donorBasin":1,"donorMountain":0,"donorPlateau":0,"labelEn":"","landformTypeEn":"Basin county"}},{"type":"Feature","geometry":{"type":"MultiPolygon","coordinates":[[[[105.01495638000006,29.285278989999995],[105.00825488999999,29.268641200000275],[105.00277814999998,29.272560109999972],[104.99602419000001,29.263823790000288],[104.98127632000012,29.26618246000004],[104.98695305000012,29.27048163000012],[104.98542533,29.28624750000023],[104.95687805000006,29.281247140000005],[104.95253735000006,29.26858087000005],[104.9257530000001,29.25989868000005],[104.92187407999995,29.247269819999985],[104.91451097000004,29.24716019000016],[104.91893705000012,29.240909120000026],[104.91133446000009,29.23617095000003],[104.92409562000012,29.228514810000206],[104.92737683999997,29.216274759999976],[104.9196168900001,29.212005360000035],[104.90315802000003,29.223720850000007],[104.89979964999998,29.21742676000008],[104.91332201000006,29.209731930000032],[104.91359980999994,29.20268993000002],[104.92586635000004,29.203389080000136],[104.92358344000002,29.194811050000055],[104.93001471000008,29.195602500000177],[104.94428449000003,29.174756220000006],[104.94081286000005,29.158895860000086],[104.92020732000009,29.13119998000002],[104.8942534200001,29.133494569999982],[104.89650062000004,29.146369980000202],[104.88223238000006,29.149287790000017],[104.84406715000006,29.13672564000001],[104.81413700000007,29.152556930000173],[104.81223549000009,29.167162289999965],[104.8101786900001,29.163844090000055],[104.80814684,29.163394799999992],[104.80918888000008,29.161485110000285],[104.80682781999997,29.159759249999922],[104.80812989000003,29.161937880000266],[104.80511725000002,29.161350050000294],[104.80293016000007,29.16681814000009],[104.77969077000012,29.161276850000093],[104.76606894999998,29.16817910000009],[104.74367971000004,29.148977670000136],[104.7435495100001,29.156689770000185],[104.72219328,29.153888680000023],[104.71601228000003,29.16720589000022],[104.6969487400001,29.170572940000284],[104.68088927000002,29.18487847000017],[104.69102790000011,29.217229220000263],[104.71523081999999,29.21682880999998],[104.72264412000004,29.224044890000016],[104.71547432000011,29.237294780000127],[104.72279182,29.24550142000004],[104.73363488000007,29.240705990000095],[104.72972911000005,29.251423760000137],[104.74046733,29.24672700000002],[104.7389742800001,29.27108651000026],[104.75322913000002,29.274392430000034],[104.76152916000007,29.287188840000113],[104.79056819000004,29.305451049999988],[104.78480409000008,29.315291810000303],[104.77864850000003,29.313303730000143],[104.77838045000004,29.33479180000029],[104.8039977300001,29.34605464000009],[104.81771389000005,29.339725220000105],[104.82506662000003,29.356417869999916],[104.83502295000011,29.349800530000266],[104.83908550000001,29.357246499999917],[104.83087374000002,29.372615180000025],[104.84981406000003,29.369450980000238],[104.84954551000004,29.37705711000001],[104.85067329000009,29.37824827999998],[104.86431789,29.37496247000007],[104.87563678999999,29.388885340000286],[104.89051252000002,29.372409720000064],[104.91589183000008,29.362458950000075],[104.91427706000002,29.34096413000009],[104.92700328999996,29.33424101999998],[104.92629953,29.32535447999993],[104.96540991000006,29.331574830000022],[104.97594712000006,29.31201427000019],[104.99815996000012,29.30874311000025],[104.99362866000001,29.298152830000106],[105.01495638000006,29.285278989999995]],[[104.91391307000009,29.355870290000098],[104.91460669000014,29.356499440000107],[104.91336604000014,29.357725530000153],[104.91301874999999,29.356656390000126],[104.91391307000009,29.355870290000098]],[[104.85214872000012,29.36999548000017],[104.85168936000014,29.370844240000054],[104.85155925999999,29.370868020000046],[104.85187954000003,29.369841140000005],[104.85214872000012,29.36999548000017]],[[104.85148026000007,29.36963061],[104.85114200999993,29.36981595000003],[104.8509689,29.369591799999966],[104.85148026000007,29.36963061]],[[104.85126002999993,29.371255300000314],[104.85126302000003,29.371475180000004],[104.85087274000006,29.371664430000237],[104.85089876000006,29.371447600000238],[104.85126002999993,29.371255300000314]],[[104.85059251000013,29.372153690000232],[104.85052545000008,29.372345460000076],[104.85069055000008,29.37274950000011],[104.85005711000008,29.372313710000128],[104.85059251000013,29.372153690000232]],[[104.83866841999992,29.35071168000013],[104.83888560000014,29.35120278000028],[104.83879050000007,29.351339520000238],[104.83816493,29.35097860000002],[104.83866841999992,29.35071168000013]],[[104.80930185,29.164375109999924],[104.8097792800001,29.164665749999983],[104.80976225000012,29.164907530000107],[104.80922377000013,29.164509870000074],[104.80915373000005,29.16412004000017],[104.80930185,29.164375109999924]],[[104.80739217999991,29.162905840000235],[104.80653240000004,29.16316912999997],[104.80677564000007,29.162725890000274],[104.80739217999991,29.162905840000235]],[[104.80607207000014,29.161747409999975],[104.80596796000003,29.162148919999936],[104.80544749999996,29.162116040000058],[104.80543852000011,29.161690350000015],[104.80607207000014,29.161747409999975]],[[104.79684758000002,29.165579110000067],[104.79668845999998,29.165724750000038],[104.79654937000004,29.165624600000115],[104.79678354000004,29.16555603000012],[104.79684758000002,29.165579110000067]],[[104.78623461000012,29.165702539999984],[104.78627962000013,29.165749560000165],[104.78624460000009,29.165945370000202],[104.78608853999992,29.165880210000125],[104.78623461000012,29.165702539999984]]],[[[104.80562976999994,29.15978514000011],[104.80405842999994,29.159689500000013],[104.80370210999996,29.160071600000208],[104.8045968300001,29.160790580000196],[104.80562976999994,29.15978514000011]]],[[[104.80154911,29.16526000000016],[104.80146305,29.165142950000245],[104.80130592000012,29.16516467000008],[104.80144503000008,29.165336770000295],[104.80154911,29.16526000000016]]],[[[104.80069944000002,29.165310550000072],[104.80054232000003,29.16526431999995],[104.80048227000003,29.16528820999997],[104.80054231000003,29.165430200000003],[104.80069944000002,29.165310550000072]]],[[[104.74275059000007,29.154910270000016],[104.74263772999996,29.154882310000005],[104.74207345000002,29.154925390000017],[104.74246395,29.155114159999982],[104.74275059000007,29.154910270000016]]],[[[104.74261179000013,29.154476620000196],[104.74249893000001,29.154463660000033],[104.74208246000006,29.154565660000287],[104.74243798999998,29.154762440000013],[104.74261179000013,29.154476620000196]]],[[[104.71740053999997,29.157679610000002],[104.71745337000004,29.158927600000027],[104.71870359000013,29.158343710000054],[104.71802611000004,29.15810061000002],[104.71740053999997,29.157679610000002]]]]},"properties":{"nameZh":"沿滩区","nameEn":"沿滩区","code":"510311000000","severity":"general","severityZh":"一般灾区","severityEn":"Generally affected","disasterTypeZh":"一般灾区","landformBasinShare":1.0,"landformMountainShare":0.0,"landformPlateauShare":0.0,"settlementBasinShare":1.0,"settlementMountainShare":0.0,"settlementPlateauShare":0.0,"landformTypeZh":"盆地县","donorBasin":1,"donorMountain":0,"donorPlateau":0,"labelEn":"","landformTypeEn":"Basin county"}},{"type":"Feature","geometry":{"type":"MultiPolygon","coordinates":[[[[104.66656418000014,29.367618150000112],[104.66727900000012,29.365889790000097],[104.66239135000001,29.365121540000132],[104.66391944999998,29.36754520000011],[104.66656418000014,29.367618150000112]]],[[[104.66479730999998,29.37747678000011],[104.66686183000007,29.3767382500003],[104.66543840000008,29.37508894000007],[104.66374560999998,29.37621047000016],[104.66479730999998,29.37747678000011]]],[[[104.66376771000006,29.372463610000295],[104.66346765000009,29.372382229999914],[104.66331114000008,29.37253942999996],[104.66393617000011,29.372645180000006],[104.66376771000006,29.372463610000295]]],[[[104.6353876,29.261175219999984],[104.63478816999998,29.260878300000286],[104.6346844300001,29.260921420000102],[104.63524895000012,29.26142225000018],[104.6353876,29.261175219999984]]],[[[104.63528383999994,29.262025779999988],[104.63469338999994,29.26137109000001],[104.63416373000001,29.26167464000008],[104.63422456000006,29.26200233000003],[104.63528383999994,29.262025779999988]]],[[[104.61781143000007,29.338014830000134],[104.61622248000003,29.337749400000007],[104.61614462,29.337839410000015],[104.61647498999997,29.338083970000184],[104.61781143000007,29.338014830000134]]],[[[104.61779443000006,29.33895926000031],[104.61698698000009,29.33898896000028],[104.61690812000012,29.33924787000001],[104.61744708000015,29.339369320000117],[104.61779443000006,29.33895926000031]]],[[[104.24746962,29.63886974000019],[104.27424629000006,29.63070945000004],[104.27809977000004,29.616380439999944],[104.27100879000005,29.612520560000178],[104.30840126000004,29.609276130000126],[104.31199470000001,29.59687134000012],[104.32441626000013,29.59394077000013],[104.34509337999998,29.564440920000038],[104.38098263000012,29.58674130000003],[104.37915027000003,29.609789649999982],[104.39135641000013,29.623371340000006],[104.40974402000006,29.615355350000243],[104.42006673000009,29.618831380000074],[104.4327509200001,29.603630960000032],[104.46805797000002,29.612045090000265],[104.48694742999993,29.603541050000047],[104.49108839000007,29.585340080000094],[104.48001879000009,29.56621797000014],[104.52721348,29.521727190000092],[104.52953128000013,29.48437923000006],[104.53745579999998,29.481357320000143],[104.53231735000008,29.459497940000006],[104.54293311000004,29.451776829999915],[104.5075703500001,29.45957304000018],[104.52394977,29.434023600000046],[104.51840396000011,29.420280339999977],[104.55355646000004,29.396565130000113],[104.54998101999996,29.387398529999984],[104.54411282000012,29.389048510000293],[104.54409548000007,29.373106610000036],[104.55846116999999,29.37247829000006],[104.57767659000001,29.357727380000085],[104.56520479,29.356073019999997],[104.56153341999999,29.342580010000006],[104.53383687000002,29.335687280000116],[104.52868033000004,29.324320269999987],[104.54880945000002,29.314432430000068],[104.54072778,29.2991790800001],[104.55322651000012,29.292300380000086],[104.5338011500001,29.25772569000003],[104.5121011,29.256596209999998],[104.51057329000002,29.275697580000042],[104.48579999000003,29.27405282000001],[104.47563418000004,29.260740640000108],[104.44998138000005,29.253275570000255],[104.44377454000005,29.243461960000047],[104.42865929999999,29.245429319999914],[104.42688018000001,29.238410070000214],[104.41397926000002,29.239717170000006],[104.40908282000004,29.248195590000023],[104.37777710000012,29.241117760000066],[104.36202886000007,29.25067830000029],[104.34177598999997,29.24663425000017],[104.34611645000007,29.236864430000026],[104.33495342999998,29.230682259999924],[104.33188072000013,29.24936681999992],[104.32168094999997,29.243676310000012],[104.28973801000001,29.245991040000035],[104.29461630000009,29.25389220000028],[104.28405350000008,29.26177773000029],[104.25110478000005,29.268499380000094],[104.24903057,29.250013430000138],[104.26421165000005,29.230177230000265],[104.25368250999998,29.21525462000011],[104.22602074000008,29.210169559999997],[104.18885308000006,29.242990589999977],[104.18470410999993,29.23899608000022],[104.19284555999997,29.221682690000137],[104.17762149999993,29.21308676999996],[104.17447833000011,29.198646509999946],[104.15719754000008,29.193951679999998],[104.14649767000009,29.199661600000297],[104.14855479999994,29.23001896000011],[104.14115454,29.25961885999999],[104.12973481000012,29.257674810000083],[104.11593925,29.239228130000015],[104.10855915000008,29.241047790000152],[104.11395773999999,29.266661380000073],[104.14420304999999,29.28912366999998],[104.13290998000014,29.300091320000092],[104.13576330000012,29.312777080000046],[104.10340971999995,29.31078718000009],[104.0993661500001,29.318985920000046],[104.07512968000009,29.32493037000006],[104.07751569999994,29.350061710000205],[104.10315333000005,29.341492700000117],[104.12628594000006,29.346509410000067],[104.13210716000015,29.34081627000012],[104.13805156000012,29.358957760000123],[104.14597059000005,29.342878100000007],[104.15797253000011,29.342436510000084],[104.14632139000008,29.36076787000013],[104.16097806000005,29.36508341000018],[104.15453112000012,29.37024758000007],[104.16032115000007,29.38132274999998],[104.13868069000011,29.377184010000235],[104.13566485999996,29.388362159999986],[104.14172479000007,29.389009000000215],[104.13253086000003,29.405987990000142],[104.09674853000001,29.385247630000038],[104.08765273000006,29.395035560000053],[104.08976446000003,29.419003880000048],[104.10368604000007,29.41822687000007],[104.09893098999993,29.436785100000122],[104.08553519000003,29.44020646000024],[104.0662784000001,29.42679246000023],[104.05639658000013,29.427902980000113],[104.05131452000012,29.4669499700002],[104.06172157999998,29.47498726999993],[104.08758771000004,29.464545720000217],[104.12375847999999,29.501091839999958],[104.13077770000007,29.495201860000066],[104.12607036999998,29.490840930000218],[104.13332008999993,29.49271938000021],[104.14659286,29.47492587000022],[104.15457658000014,29.47652106000021],[104.16148956000012,29.490563399999985],[104.15725669,29.49314145000011],[104.16431745,29.497697510000137],[104.16027543000001,29.511090330000002],[104.14685493000002,29.50619549000021],[104.15349285999997,29.517650270000104],[104.14616092999995,29.525649340000086],[104.1336932800001,29.52245537999994],[104.13294503999998,29.528161070000067],[104.14562182999993,29.530470530000002],[104.16441088000005,29.56072284000004],[104.13674331000004,29.595303720000288],[104.16551721000013,29.60084766],[104.17988241999996,29.636028590000308],[104.21335238000012,29.614633319999996],[104.24844486000006,29.624378620000243],[104.23631500000005,29.639105370000152],[104.24746962,29.63886974000019]],[[104.16449571999999,29.49912721999999],[104.16448770000005,29.499241160000167],[104.16418320000008,29.49909270000012],[104.16430537000002,29.498988930000053],[104.16449571999999,29.49912721999999]],[[104.14694354000005,29.47274047000002],[104.14704769000014,29.47335037000005],[104.1468744,29.47342404000011],[104.14650982000006,29.47279072000009],[104.14694354000005,29.47274047000002]]],[[[104.13068866999998,29.402123640000127],[104.13068367000011,29.402052669999932],[104.12993775000007,29.402112670000122],[104.13012796999999,29.402424750000193],[104.13068866999998,29.402123640000127]]]]},"properties":{"nameZh":"荣县","nameEn":"荣县","code":"510321000000","severity":"general","severityZh":"一般灾区","severityEn":"Generally affected","disasterTypeZh":"一般灾区","landformBasinShare":1.0,"landformMountainShare":0.0,"landformPlateauShare":0.0,"settlementBasinShare":1.0,"settlementMountainShare":0.0,"settlementPlateauShare":0.0,"landformTypeZh":"盆地县","donorBasin":1,"donorMountain":0,"donorPlateau":0,"labelEn":"","landformTypeEn":"Basin county"}},{"type":"Feature","geometry":{"type":"MultiPolygon","coordinates":[[[[105.26370821000012,29.19158199000003],[105.25206863,29.182199079999975],[105.26560864999999,29.174602450000066],[105.26851670000008,29.163089960000207],[105.24241741999992,29.139490020000096],[105.24443064000008,29.118524570000204],[105.18640691000013,29.061144670000033],[105.18291775000012,29.040862660000016],[105.18458485000002,29.030327089999957],[105.19870767000003,29.021194099999946],[105.21027766000009,29.018209759999934],[105.23112552000003,29.029691860000185],[105.24873694000001,29.025102820000086],[105.24620218000013,29.01653679000009],[105.26522764000009,29.017051680000066],[105.26510657,28.984503630000177],[105.23664602000008,28.96348318000014],[105.24147292999993,28.95359234999995],[105.26390888000003,28.943583900000192],[105.25103711999992,28.930284740000275],[105.24038744,28.941880370000092],[105.22354237999997,28.93707607999994],[105.21457390000012,28.958741150000037],[105.20100760000008,28.95408994000013],[105.19916754000008,28.93296079999999],[105.18497557,28.927287540000066],[105.16444588000007,28.93300993000014],[105.16075641000003,28.948879590000104],[105.14912446,28.95261658000004],[105.13889849999998,28.942700570000284],[105.12365341999998,28.948255710000012],[105.10788719000004,28.93667057000016],[105.09831729000013,28.941905150000196],[105.0704671800001,28.93935946000005],[105.04240743000014,28.957374770000115],[105.04436957999991,28.9693669400001],[105.02907282000012,28.966553070000145],[105.01236267000002,28.976387300000056],[105.00214500999999,28.992923910000172],[104.98340387000007,28.994702240000038],[104.98685051000001,29.005585420000273],[104.96844849000007,29.010590340000135],[104.96685187999998,29.018916960000013],[104.94362490999998,29.022574130000294],[104.93910292999993,29.062055880000116],[104.93226354000001,29.06389248000022],[104.89186632999991,29.049810089999937],[104.88013123000007,29.057806190000235],[104.87823894000002,29.02971812000004],[104.85896976999999,29.02290496000012],[104.8548641800001,29.00669676000001],[104.81744405000012,29.005291550000095],[104.80862409000008,28.993719530000078],[104.78451732000013,29.00605124000009],[104.74070171,28.993388380000056],[104.71754842000013,28.999782130000256],[104.70269518000003,29.050274179999974],[104.71036060000012,29.06348188999999],[104.73405172000008,29.077622790000078],[104.73222974999999,29.099215670000035],[104.72639583000011,29.110403850000125],[104.71868695999996,29.107526190000215],[104.71196083000001,29.125401930000066],[104.6900550100001,29.123884569999973],[104.69469104000001,29.13085919000025],[104.67780706999991,29.158737070000086],[104.69392717,29.17715098000008],[104.69886734000005,29.16963556999997],[104.70637578000009,29.173399450000204],[104.71601228000003,29.16720589000022],[104.72219328,29.153888680000023],[104.7435495100001,29.156689770000185],[104.74367971000004,29.148977670000136],[104.76606894999998,29.16817910000009],[104.77969077000012,29.161276850000093],[104.80293016000007,29.16681814000009],[104.80511725000002,29.161350050000294],[104.80812989000003,29.161937880000266],[104.80682781999997,29.159759249999922],[104.81223549000009,29.167162289999965],[104.81413700000007,29.152556930000173],[104.84406715000006,29.13672564000001],[104.88223238000006,29.149287790000017],[104.89650062000004,29.146369980000202],[104.8942534200001,29.133494569999982],[104.92020732000009,29.13119998000002],[104.94081286000005,29.158895860000086],[104.94428449000003,29.174756220000006],[104.93001471000008,29.195602500000177],[104.92358344000002,29.194811050000055],[104.92586635000004,29.203389080000136],[104.91359980999994,29.20268993000002],[104.89979959999994,29.21835908000031],[104.90315802000003,29.223720850000007],[104.9196168900001,29.212005360000035],[104.92737683999997,29.216274759999976],[104.92409562000012,29.228514810000206],[104.91102196000003,29.237472190000062],[104.91867765,29.24012791000024],[104.91409482000006,29.246378030000074],[104.92187407999995,29.247269819999985],[104.9257530000001,29.25989868000005],[104.95219067,29.268355810000116],[104.95574949000007,29.280648230000224],[104.97623406999998,29.286775089999992],[104.98611122000011,29.28506524000028],[104.98138981000005,29.266061209999975],[104.99875935,29.264597890000005],[105.00277814999998,29.272560109999972],[105.01173566,29.272907870000154],[105.0183856000001,29.29227638000026],[105.03108596000004,29.290362930000015],[105.03454925000005,29.282320560000016],[105.04275412000004,29.288619000000153],[105.04910054000004,29.284275530000116],[105.04382952000003,29.28124458999997],[105.05693123999993,29.27584682000031],[105.07477246999997,29.278240919999973],[105.08895825000008,29.29664620999995],[105.07867051000011,29.310581250000098],[105.0933079400001,29.303458980000016],[105.10028854999996,29.31922130999999],[105.10596630000009,29.31689177999999],[105.10100934000013,29.31098579000019],[105.11676673000005,29.304874890000292],[105.1098476900001,29.288573460000293],[105.13013732000002,29.28340097000006],[105.12310502000008,29.27760337000018],[105.1298934400001,29.260655209999925],[105.13649201999999,29.26753070000001],[105.15725740000005,29.265564100000006],[105.16620675000013,29.256154270000025],[105.19410557000009,29.247668680000118],[105.20191833000013,29.238260520000097],[105.19121503000002,29.214359790000003],[105.20015617000001,29.221080250000227],[105.22441621999997,29.20669447000006],[105.22840802000007,29.211615800000118],[105.22189806,29.215076190000104],[105.23236612,29.218401210000252],[105.26370821000012,29.19158199000003]],[[104.80562976999994,29.15978514000011],[104.8045968300001,29.160790580000196],[104.80370210999996,29.160071600000208],[104.80405842999994,29.159689500000013],[104.80562976999994,29.15978514000011]],[[104.80154911,29.16526000000016],[104.80144503000008,29.165336770000295],[104.80130592000012,29.16516467000008],[104.80146305,29.165142950000245],[104.80154911,29.16526000000016]],[[104.80069944000002,29.165310550000072],[104.80054231000003,29.165430200000003],[104.80048227000003,29.16528820999997],[104.80054232000003,29.16526431999995],[104.80069944000002,29.165310550000072]],[[104.74275059000007,29.154910270000016],[104.74246395,29.155114159999982],[104.74207345000002,29.154925390000017],[104.74263772999996,29.154882310000005],[104.74275059000007,29.154910270000016]],[[104.74261179000013,29.154476620000196],[104.74243798999998,29.154762440000013],[104.74208246000006,29.154565660000287],[104.74249893000001,29.154463660000033],[104.74261179000013,29.154476620000196]],[[104.71740053999997,29.157679610000002],[104.71802611000004,29.15810061000002],[104.71870359000013,29.158343710000054],[104.71745337000004,29.158927600000027],[104.71740053999997,29.157679610000002]],[[104.69620178000008,29.172806469999955],[104.69629749,29.173025150000115],[104.69548084000013,29.17315540000027],[104.6955596300001,29.172810529999936],[104.69620178000008,29.172806469999955]]],[[[104.99807247000001,29.406917600000156],[104.99721349999999,29.407173120000152],[104.99736077000011,29.407720370000106],[104.99811624000006,29.407407200000137],[104.99807247000001,29.406917600000156]]],[[[104.9967831300001,29.414701370000046],[104.99656216000011,29.41469304000009],[104.99650141000006,29.415371860000107],[104.99689160999998,29.41513082000006],[104.9967831300001,29.414701370000046]]],[[[104.98887110000004,29.393119130000116],[104.98839430999999,29.393174530000067],[104.9884639500001,29.394076820000123],[104.98895864999997,29.394022360000065],[104.98887110000004,29.393119130000116]]],[[[104.85989102999997,29.375680980000027],[104.85884950000013,29.375947320000023],[104.85871942000006,29.376335900000015],[104.85906659,29.37644235000016],[104.85989102999997,29.375680980000027]]],[[[104.83501387000007,29.35122465000012],[104.83515302000006,29.35097006000001],[104.83445833999997,29.35095278],[104.8344062700001,29.35118354000008],[104.83501387000007,29.35122465000012]]],[[[104.80930185,29.164375109999924],[104.80915373000005,29.16412004000017],[104.80922377000013,29.164509870000074],[104.80976225000012,29.164907530000107],[104.80930185,29.164375109999924]]],[[[104.80739217999991,29.162905840000235],[104.80677564000007,29.162725890000274],[104.80653240000004,29.16316912999997],[104.80739217999991,29.162905840000235]]],[[[104.80607207000014,29.161747409999975],[104.80543852000011,29.161690350000015],[104.80544749999996,29.162116040000058],[104.80596796000003,29.162148919999936],[104.80607207000014,29.161747409999975]]],[[[104.79684758000002,29.165579110000067],[104.79678354000004,29.16555603000012],[104.79654937000004,29.165624600000115],[104.79668845999998,29.165724750000038],[104.79684758000002,29.165579110000067]]],[[[104.78623461000012,29.165702539999984],[104.78608853999992,29.165880210000125],[104.78624460000009,29.165945370000202],[104.78627962000013,29.165749560000165],[104.78623461000012,29.165702539999984]]]]},"properties":{"nameZh":"富顺县","nameEn":"富顺县","code":"510322000000","severity":"general","severityZh":"一般灾区","severityEn":"Generally affected","disasterTypeZh":"一般灾区","landformBasinShare":1.0,"landformMountainShare":0.0,"landformPlateauShare":0.0,"settlementBasinShare":1.0,"settlementMountainShare":0.0,"settlementPlateauShare":0.0,"landformTypeZh":"盆地县","donorBasin":1,"donorMountain":0,"donorPlateau":0,"labelEn":"","landformTypeEn":"Basin county"}},{"type":"Feature","geometry":{"type":"MultiPolygon","coordinates":[[[[104.78648926000005,30.294857460000117],[104.78230513000005,30.266184580000015],[104.82092635999993,30.246551860000068],[104.85556964,30.207689589999973],[104.88127094000009,30.192523150000284],[104.89088489000005,30.167379060000144],[104.89440561000004,30.17263492999996],[104.92306011000005,30.17662146999993],[104.93764952999999,30.170614290000117],[104.95382627999993,30.177819610000142],[104.97846384000007,30.1764107300001],[104.98629545000006,30.162426910000022],[104.99863904,30.170414380000125],[105.04256168000006,30.129167550000034],[105.04397339000002,30.110791510000183],[105.05436549000012,30.1054758800002],[105.05176258,30.077871610000045],[105.05903248000004,30.074683920000098],[105.04348511000012,30.056257420000122],[105.01115192000003,30.043914860000143],[104.99066648000007,30.01571383999999],[104.96387132000012,30.006432340000174],[104.94875525999993,29.995345210000096],[104.95002697000001,29.98766846999996],[104.93042726999994,29.98061969000031],[104.93024263000012,29.96311401000014],[104.91482765000012,29.962443200000052],[104.92211628000013,29.94997397000003],[104.90099714999991,29.944235800000286],[104.9051426900001,29.938315149999937],[104.89925301000005,29.929258100000027],[104.90907388000011,29.928758910000113],[104.91218073999994,29.9416941100003],[104.92435049000005,29.936445719999995],[104.91788407000007,29.925192310000057],[104.89733973,29.91776026000008],[104.89593487000013,29.90399547000021],[104.88167772999998,29.898716400000012],[104.89163954999998,29.90901733000004],[104.88033462000004,29.909847070000126],[104.87816780999998,29.91662914000011],[104.86071391000002,29.90103056000021],[104.86525332999992,29.88674917000003],[104.86186276000007,29.89386740000009],[104.84317403000006,29.89658555000011],[104.82538303000007,29.888262020000127],[104.83815766999999,29.87006759999997],[104.81689082999998,29.87768849999992],[104.80218148000012,29.87234452000007],[104.80020454999993,29.879927890000147],[104.78988111000001,29.87282933000006],[104.80654695999999,29.856438830000002],[104.80041108,29.85104271000006],[104.78793610000002,29.852727680000044],[104.78646285000002,29.865291000000013],[104.78220557999998,29.85981687000003],[104.77790242999993,29.864085709999927],[104.79582521999998,29.882879750000313],[104.76907354000008,29.885115470000017],[104.77657389999996,29.892743070000165],[104.75961913000009,29.903220960000056],[104.76112996000006,29.911063470000045],[104.74560965,29.91196205999995],[104.74165741000002,29.93548018000024],[104.72235205999999,29.92465960000004],[104.7133960600001,29.930069079999953],[104.71426267000004,29.936587940000038],[104.73438183000007,29.941530730000295],[104.72506020000009,29.952530830000228],[104.68917655000007,29.95734648000024],[104.67745752999997,29.96600597000014],[104.67302568000008,29.942110620000108],[104.70240194999991,29.941811880000273],[104.70644733999995,29.93596607000029],[104.68680640000008,29.922144190000097],[104.68477145000008,29.90498231000015],[104.67520549999995,29.904183240000293],[104.65959793000002,29.924124510000183],[104.67008350000003,29.931963410000037],[104.65797452999999,29.93409938000002],[104.65922407,29.946776870000008],[104.64963179,29.959254269999974],[104.64153412000002,29.96023897000009],[104.62881494999993,29.943830640000158],[104.61131166999996,29.944767940000077],[104.60443737999998,29.935795710000036],[104.59140373000002,29.952447959999915],[104.57731974000001,29.95473303],[104.5667863600001,29.94544314999996],[104.56899890000005,29.939294940000025],[104.5606547800001,29.939809610000168],[104.55966118000015,29.95471491000029],[104.57396681,29.962884010000096],[104.57051928000004,29.993079390000048],[104.54507835000004,30.011315720000084],[104.53073923000005,30.00202598000027],[104.5215293500001,30.017590400000017],[104.52369107000004,30.02785940000024],[104.50396884999998,30.042365640000014],[104.49475914000004,30.036782070000072],[104.49695565000007,30.025373580000064],[104.46573056,30.029387199999974],[104.45449673999991,30.04596887000008],[104.46171143999999,30.05251013000003],[104.47739817000013,30.05000414],[104.4644197500001,30.068747080000037],[104.47990643000003,30.077241479999998],[104.47296157000005,30.08052291000024],[104.47937750000011,30.08926200999997],[104.45724924000012,30.08977049999993],[104.44803805000004,30.106801130000065],[104.43275850000003,30.111322090000215],[104.45515648000014,30.12320161000008],[104.44626665000004,30.13720042000017],[104.45427955000008,30.14915639999998],[104.46303894000005,30.149115450000124],[104.46986220999992,30.162562079999987],[104.48593955000001,30.161890700000242],[104.48094780000002,30.172482919999993],[104.48644367999998,30.18870056999998],[104.49842190000004,30.19442507000008],[104.50340786999993,30.185820300000273],[104.51242389000004,30.185723970000083],[104.52788324,30.197357710000063],[104.53915513000004,30.187032019999947],[104.56123905999993,30.196232430000236],[104.5707599000001,30.209006390000013],[104.59775351000013,30.22328413000008],[104.59726691999998,30.24732286000028],[104.65065685000008,30.243023379999954],[104.65030939000007,30.254083290000267],[104.63511038000001,30.27368264000029],[104.64557876000003,30.288838750000195],[104.6615934300001,30.279304590000038],[104.68787756000006,30.277553210000065],[104.70131588999993,30.304363290000026],[104.72034499000006,30.311046299999987],[104.72509373000003,30.29698843],[104.73583272000002,30.29295795000013],[104.75632092000006,30.304867590000015],[104.78648926000005,30.294857460000117]],[[105.04307334999999,30.11817647000015],[105.04315204000011,30.11837429000002],[105.04269176000003,30.118475310000008],[105.0426499300001,30.118288399999983],[105.04307334999999,30.11817647000015]],[[104.97464714999995,30.174712720000116],[104.97490398000008,30.175097980000203],[104.97469788000006,30.175553560000253],[104.97427680000004,30.174979759999985],[104.97464714999995,30.174712720000116]],[[104.46952185999999,30.152334320000023],[104.46956295000001,30.152442430000065],[104.46952383000001,30.15296532000019],[104.46897854999997,30.152521860000263],[104.46952185999999,30.152334320000023]],[[104.46767842000008,30.153270399999997],[104.46681340000009,30.15281413000008],[104.46858764999996,30.15160683000005],[104.46870285000011,30.1533261200002],[104.46767842000008,30.153270399999997]]],[[[104.90499061000014,29.902668970000036],[104.90250311,29.90321347000014],[104.90310506000009,29.907938230000298],[104.90652611999997,29.90584843000022],[104.90499061000014,29.902668970000036]]]]},"properties":{"nameZh":"雁江区","nameEn":"Ziyang","code":"512002000000","severity":"general","severityZh":"一般灾区","severityEn":"Generally affected","disasterTypeZh":"一般灾区","landformBasinShare":1.0,"landformMountainShare":0.0,"landformPlateauShare":0.0,"settlementBasinShare":1.0,"settlementMountainShare":0.0,"settlementPlateauShare":0.0,"landformTypeZh":"盆地县","donorBasin":1,"donorMountain":0,"donorPlateau":0,"labelEn":"Ziyang","landformTypeEn":"Basin county"}},{"type":"Feature","geometry":{"type":"MultiPolygon","coordinates":[[[[105.0635779700001,30.538322640000047],[105.05612000999997,30.52670896999996],[105.06284053000002,30.511592970000038],[105.08082924000001,30.497049479999987],[105.07318028000003,30.482963539999957],[105.08957598,30.450737650000065],[105.06587814,30.43767401000008],[105.08744456000005,30.42650070000002],[105.0847096500001,30.41594697000005],[105.07753831000002,30.41637135000002],[105.07058475000002,30.405628009999987],[105.08688066000013,30.40466530000009],[105.08619510000005,30.398736680000013],[105.09237588000008,30.400104860000056],[105.09692067000003,30.395589630000018],[105.12188623999998,30.344366630000025],[105.14918893000004,30.3442899800001],[105.14493578000003,30.33887547000029],[105.15752574000004,30.32314162000017],[105.19734020000004,30.30862496000003],[105.21418700000004,30.31010181000022],[105.21761553000005,30.291460400000233],[105.22719814999994,30.282973520000212],[105.23186799999996,30.29100269999998],[105.24335041000006,30.28301518000012],[105.25578738000002,30.28297663000029],[105.26089088000009,30.29071659999994],[105.26530950000011,30.28233757999999],[105.26130717000007,30.272602950000305],[105.24566799000013,30.266929660000017],[105.24717809000003,30.253587610000295],[105.23618973999999,30.270732440000074],[105.20470046000008,30.23856860999996],[105.20745222000005,30.22980684000015],[105.19221855000012,30.213156620000063],[105.19470194000007,30.204697049999993],[105.20651507000014,30.206577639999978],[105.20899671000012,30.195432320000293],[105.20798989000014,30.18478933000023],[105.19308655999998,30.170491410000068],[105.21181802999996,30.170019520000096],[105.21578424000006,30.163977190000026],[105.22578276000007,30.16783736000002],[105.23028443000004,30.148540730000207],[105.24376775000013,30.141103520000172],[105.24709052000009,30.119220780000035],[105.24018208000007,30.10119911999999],[105.21150719000002,30.073051700000235],[105.18784997,30.0820371100001],[105.18523410000006,30.072993480000036],[105.17222196000012,30.078581600000007],[105.17271391999992,30.070263490000286],[105.16682564000001,30.07428843000025],[105.1599493,30.063689560000284],[105.15480340000005,30.080497190000244],[105.13416715,30.061976170000264],[105.10454547000012,30.074727940000002],[105.10378277000007,30.042794459999982],[105.09577018000005,30.044864810000036],[105.10176104999994,30.04858682000014],[105.09696112,30.058521970000072],[105.06890251999994,30.04595108000001],[105.06221008000006,30.05637296000009],[105.04691294000003,30.04983507000003],[105.03678405000005,30.053627860000176],[105.05905954999997,30.071821860000057],[105.05167386,30.078251780000073],[105.05436549000012,30.1054758800002],[105.04397339000002,30.110791510000183],[105.04256168000006,30.129167550000034],[104.99863904,30.170414380000125],[104.98629545000006,30.162426910000022],[104.97846384000007,30.1764107300001],[104.95382627999993,30.177819610000142],[104.93764952999999,30.170614290000117],[104.92306011000005,30.17662146999993],[104.89440561000004,30.17263492999996],[104.89088489000005,30.167379060000144],[104.88127094000009,30.192523150000284],[104.85556964,30.207689589999973],[104.82092635999993,30.246551860000068],[104.78102862000014,30.26940581000008],[104.78648926000005,30.294857460000117],[104.79398089999995,30.281737340000063],[104.80451999000013,30.299584800000275],[104.82011913999992,30.296284400000218],[104.82352216999993,30.306388780000304],[104.84607388,30.309628819999944],[104.84774871000002,30.341713800000093],[104.83144750000002,30.364348180000093],[104.84978000000007,30.347642399999984],[104.85921501000001,30.36801506000006],[104.87830154000005,30.363692970000216],[104.88184303000014,30.374796980000042],[104.89484421999992,30.380559940000296],[104.87901282000013,30.39641006000005],[104.87196568000002,30.39038147000025],[104.87656206000003,30.421140120000246],[104.86745817999991,30.428577850000124],[104.87237032000013,30.43990395000003],[104.86964531000007,30.4968855300001],[104.88987709000003,30.553735830000107],[104.88581541000002,30.558818159999987],[104.87420184000013,30.553960740000264],[104.86287887000009,30.57140536999998],[104.85587032000001,30.61380836000012],[104.87555657000013,30.62010858000002],[104.87865548000002,30.63322001000006],[104.8888452600001,30.606589190000193],[104.89054546000006,30.61843021000027],[104.92040431000004,30.630167840000126],[104.9293530600001,30.62044643000013],[104.92845835000014,30.603624249999996],[104.9353764,30.601934780000022],[104.93599201000012,30.61202386000008],[104.9494719000001,30.616496480000137],[104.94843017000005,30.60760120000026],[104.95776922000005,30.609568200000297],[104.96748172000002,30.58915113000012],[104.96022532000006,30.568667390000087],[104.98271425000007,30.530678020000096],[105.02195018999998,30.5327411400001],[105.01956704999998,30.54755905000013],[105.02517103000002,30.551329169999917],[105.04358322000007,30.54958814000031],[105.05375821000013,30.534781590000193],[105.0635779700001,30.538322640000047]],[[105.24178264,30.13965627000016],[105.24061161000009,30.140219039999977],[105.24014900000003,30.139865940000277],[105.2408045200001,30.13884509000019],[105.24178264,30.13965627000016]],[[105.09771625999997,30.38773712000011],[105.09775021999991,30.38778910999997],[105.09769827000008,30.387887090000277],[105.09760337000006,30.38779109000012],[105.09771625999997,30.38773712000011]],[[105.09742055999999,30.387848060000238],[105.09753344000012,30.387956060000306],[105.09722076999998,30.387924030000306],[105.09723876000004,30.387854040000207],[105.09742055999999,30.387848060000238]],[[105.09222925,30.396959460000232],[105.09188169000004,30.3974044200001],[105.09184668999995,30.398188280000113],[105.09156012000005,30.397443459999977],[105.09222925,30.396959460000232]],[[105.08998032000011,30.39777270000002],[105.09089199000005,30.39836340000022],[105.09109168000003,30.3990362400001],[105.08975464000008,30.397848730000078],[105.08998032000011,30.39777270000002]],[[105.07597577000007,30.414077090000262],[105.07616633000004,30.414680810000107],[105.07641875000013,30.415142500000115],[105.07595778000001,30.414701980000075],[105.07597577000007,30.414077090000262]]],[[[105.19484907999998,30.31440935000012],[105.19474500000007,30.314426180000055],[105.19481403999993,30.314604270000245],[105.19492713000005,30.31455846],[105.19484907999998,30.31440935000012]]],[[[105.04307334999999,30.11817647000015],[105.0426499300001,30.118288399999983],[105.04269176000003,30.118475310000008],[105.04315204000011,30.11837429000002],[105.04307334999999,30.11817647000015]]],[[[104.97464714999995,30.174712720000116],[104.97427680000004,30.174979759999985],[104.97469788000006,30.175553560000253],[104.97490398000008,30.175097980000203],[104.97464714999995,30.174712720000116]]]]},"properties":{"nameZh":"乐至县","nameEn":"Ziyang","code":"512022000000","severity":"general","severityZh":"一般灾区","severityEn":"Generally affected","disasterTypeZh":"一般灾区","landformBasinShare":1.0,"landformMountainShare":0.0,"landformPlateauShare":0.0,"settlementBasinShare":1.0,"settlementMountainShare":0.0,"settlementPlateauShare":0.0,"landformTypeZh":"盆地县","donorBasin":1,"donorMountain":0,"donorPlateau":0,"labelEn":"Ziyang","landformTypeEn":"Basin county"}},{"type":"Feature","geometry":{"type":"Polygon","coordinates":[[[107.37672195999994,31.556774459999986],[107.38296411000005,31.546824620000052],[107.37515052999998,31.538310390000106],[107.37925608,31.524235400000293],[107.39154287000002,31.531796240000062],[107.40566088000003,31.520333129999983],[107.42559420999999,31.526736440000093],[107.42782729999999,31.535628410000243],[107.44224762999994,31.52750586999997],[107.46232151999999,31.531143850000092],[107.49520620000004,31.507433420000268],[107.52221973999997,31.517718360000003],[107.52690538000002,31.507772060000036],[107.51751395999997,31.493501690000244],[107.53018624000009,31.487359440000034],[107.52135018000013,31.474469390000024],[107.52582833000008,31.46420224999997],[107.51250547999996,31.45975928000007],[107.51120322000008,31.446701150000024],[107.49327845000005,31.428735030000155],[107.51144459999995,31.410294320000048],[107.53165307000012,31.406577030000165],[107.55156240000002,31.41864899999996],[107.55705604999997,31.415930010000068],[107.54954047000007,31.415064150000205],[107.55138869000001,31.409553960000096],[107.56912869000007,31.407287349999933],[107.55845346999996,31.402095750000285],[107.56781812999998,31.392176950000078],[107.54982598000004,31.373701040000128],[107.54817701000002,31.33733756999999],[107.58398501000005,31.334866350000198],[107.57773699,31.30957397000003],[107.59092884000006,31.307015170000057],[107.59814090999998,31.297426420000193],[107.58885411,31.284383640000158],[107.60133371,31.27062425000014],[107.62669357000004,31.265687030000038],[107.62239406000009,31.243860620000135],[107.63029203000008,31.238232100000005],[107.63226189,31.223703880000187],[107.6283129200001,31.197796510000103],[107.61678698999998,31.183846500000186],[107.60809962000008,31.187808430000246],[107.59994975000006,31.17694151000012],[107.5840246300001,31.182691750000004],[107.57228279000009,31.16982221000029],[107.54511776000004,31.172148900000252],[107.53965787000004,31.183773429999974],[107.54793817000001,31.22770199000024],[107.53753174000013,31.23706061000007],[107.52488576000007,31.235092060000056],[107.49799479,31.20838814000001],[107.47711734000012,31.2150623],[107.47662198999996,31.198475720000033],[107.46505012999995,31.188344780000023],[107.44763293,31.186750970000162],[107.43856025000002,31.16470123000005],[107.42945184000013,31.16362522000003],[107.44023524000005,31.17990266999999],[107.4345656100001,31.18924826],[107.42161957000008,31.193104900000094],[107.40661217000002,31.179637410000055],[107.39857251000006,31.195310000000063],[107.37352292000014,31.199285230000214],[107.40235742000004,31.269127300000093],[107.39878082000007,31.285533170000235],[107.37122108000011,31.299980000000062],[107.33872158999992,31.272357770000042],[107.31767795000013,31.301828000000228],[107.32572721000003,31.34616374000001],[107.34596813000002,31.374952350000285],[107.32296815999996,31.40720600999998],[107.32292913000015,31.42274621000024],[107.30530855000006,31.4101554100003],[107.28903667000003,31.40812174000007],[107.28587708000009,31.399993410000036],[107.25999613000005,31.402090670000234],[107.26089261999999,31.394324250000125],[107.28775678,31.389906510000003],[107.28798967000006,31.384333750000053],[107.22490527000008,31.372807480000063],[107.22435209000014,31.387058900000113],[107.18472789000009,31.397637000000145],[107.15898823000003,31.41378014999998],[107.17268622000012,31.43190546000028],[107.20554857000008,31.428556110000272],[107.21913243000012,31.435571149999987],[107.22096315000005,31.45220526999998],[107.23127553000012,31.455581830000312],[107.23318463999999,31.468416309999952],[107.25333677000009,31.447965710000062],[107.26068697000005,31.449062190000177],[107.28034670000005,31.492084309999996],[107.31825938999992,31.494967119999956],[107.32660321000003,31.533489270000018],[107.33835696999995,31.539706580000143],[107.34691601000009,31.536114750000138],[107.34690797000013,31.550463490000084],[107.35673524000003,31.543238359999975],[107.37672195999994,31.556774459999986]]]},"properties":{"nameZh":"通川区","nameEn":"通川区","code":"511702000000","severity":"general","severityZh":"一般灾区","severityEn":"Generally affected","disasterTypeZh":"一般灾区","landformBasinShare":0.6430976430976431,"landformMountainShare":0.3569023569023569,"landformPlateauShare":0.0,"settlementBasinShare":0.728744939271255,"settlementMountainShare":0.27125506072874495,"settlementPlateauShare":0.0,"landformTypeZh":"盆地县","donorBasin":1,"donorMountain":1,"donorPlateau":0,"labelEn":"","landformTypeEn":"Basin county"}},{"type":"Feature","geometry":{"type":"Polygon","coordinates":[[[107.59994975000006,31.17694151000012],[107.59730305000011,31.16907606000001],[107.60699688999995,31.166270780000048],[107.6336161100001,31.131238699999983],[107.64540293999994,31.126797080000017],[107.65071498000003,31.131714060000036],[107.65868415,31.120193390000054],[107.68011640999998,31.110149040000294],[107.69721908000002,31.135031070000252],[107.72065109000005,31.114691020000237],[107.72822239999999,31.127603140000076],[107.75949638999998,31.12642742000014],[107.75843740999994,31.114746139999966],[107.77888416999991,31.10260964000014],[107.77012402000003,31.07261719000013],[107.77307587000001,31.05803412000023],[107.78497859000004,31.056996550000008],[107.79083037999999,31.044174050000038],[107.80899288999996,31.040356340000017],[107.83095505000011,31.023462840000036],[107.79935655000008,31.006918820000067],[107.7955545000001,30.99285372999998],[107.78569961000005,30.990100810000115],[107.79708234000003,30.983641519999992],[107.79274979000002,30.978714570000022],[107.79827145999997,30.975058430000217],[107.76758090999994,30.96151471000013],[107.70168308000007,30.876125090000244],[107.68747915000006,30.877247650000015],[107.64307838000002,30.825817769999958],[107.62942542000013,30.82041168000012],[107.61269259999995,30.82971084000002],[107.61033182,30.841787920000286],[107.59392868999998,30.847367970000107],[107.57845379000014,30.842904569999916],[107.57270021,30.850989480000067],[107.53187357000007,30.850751969999976],[107.52217818000008,30.841963700000065],[107.50856834000001,30.85736652999998],[107.53968491000012,30.896604340000238],[107.5131595200001,30.923102250000113],[107.4968840300001,30.91298304000003],[107.47073644000005,30.92723746000013],[107.45719221000013,30.905123050000043],[107.44028785999996,30.896817540000086],[107.42452882000009,30.915255809999962],[107.38908855,30.92021139000002],[107.38571139999999,30.934214760000145],[107.36192234000004,30.946643200000153],[107.34380339000012,30.93403801000005],[107.32190201000003,30.935035359999972],[107.31292618000009,30.94407622],[107.30803113000007,30.94114900000011],[107.3103136900001,30.948564490000308],[107.29666944000007,30.95454202999997],[107.29949032000002,30.95907768000029],[107.26520693000009,30.955998039999997],[107.25654495999999,30.961485950000053],[107.25539973000008,30.981201970000143],[107.26644855999996,30.993466350000062],[107.25460157999993,30.99419275000031],[107.26182289000002,31.019818470000132],[107.23097791999999,31.03754977000017],[107.22484184000001,31.051184100000285],[107.23065693000012,31.06577264999993],[107.21636327999994,31.088213850000272],[107.18046334000002,31.089983399999937],[107.19219896000004,31.118501359999982],[107.1914093800001,31.126038040000083],[107.17923078000001,31.12849337000023],[107.17962249000004,31.141003520000027],[107.19377054000006,31.15352258000007],[107.19736423000006,31.178754550000008],[107.18377142999998,31.18670491000006],[107.21206712000014,31.190219990000116],[107.22335896000004,31.199487670000053],[107.22197075999992,31.208841080000013],[107.19293797000012,31.20319066000002],[107.16817278000002,31.212134960000242],[107.15737366000002,31.204719290000014],[107.15387542999997,31.218899249999993],[107.13912578000009,31.217284820000202],[107.12428802000005,31.19741559000005],[107.11271533999997,31.199893999999915],[107.10878177000012,31.18605491000011],[107.08584185000012,31.18140575000001],[107.06068070000015,31.20526830000017],[107.04464417000003,31.198848180000084],[107.02496236000013,31.20653919000017],[107.00875340999994,31.245547720000104],[107.0118788100001,31.253134180000018],[106.99052487000006,31.26366416999997],[107.01183633999995,31.305583110000043],[107.03425936000002,31.296747359999927],[107.02987559000002,31.322107920000235],[107.05011327000011,31.32885286999999],[107.04204785999997,31.34994826000002],[107.05347418000002,31.363847120000173],[107.06513428000005,31.36130810000003],[107.06922372000002,31.37511501000006],[107.09576631000004,31.337559650000117],[107.11575349999998,31.336025220000124],[107.14401401000009,31.355085299999928],[107.14088915999997,31.381736040000078],[107.15898823000003,31.41378014999998],[107.18472789000009,31.397637000000145],[107.22435209000014,31.387058900000113],[107.22490527000008,31.372807480000063],[107.28798967000006,31.384333750000053],[107.28775678,31.389906510000003],[107.26089261999999,31.394324250000125],[107.25999613000005,31.402090670000234],[107.28587708000009,31.399993410000036],[107.28903667000003,31.40812174000007],[107.30530855000006,31.4101554100003],[107.32163058999998,31.423082620000002],[107.32296815999996,31.40720600999998],[107.34596813000002,31.374952350000285],[107.32572721000003,31.34616374000001],[107.31798951999997,31.310101290000148],[107.32372461000006,31.290301860000056],[107.33425440999997,31.281766220000122],[107.33204175000003,31.274084510000307],[107.34528815000004,31.27403536999998],[107.35286545999992,31.28803615000021],[107.37544068,31.300730569999985],[107.4032958300001,31.27654346999998],[107.37352292000014,31.199285230000214],[107.39857251000006,31.195310000000063],[107.40661217000002,31.179637410000055],[107.42161957000008,31.193104900000094],[107.4345656100001,31.18924826],[107.44023524000005,31.17990266999999],[107.4290521900001,31.165160880000258],[107.43609408000009,31.162738950000062],[107.44763293,31.186750970000162],[107.46505012999995,31.188344780000023],[107.47662198999996,31.198475720000033],[107.47711734000012,31.2150623],[107.49799479,31.20838814000001],[107.52488576000007,31.235092060000056],[107.53888520000004,31.23696374000002],[107.54793817000001,31.22770199000024],[107.54093355000003,31.17617801],[107.5589166100001,31.168054640000037],[107.57543269999991,31.171541080000225],[107.5840246300001,31.182691750000004],[107.59994975000006,31.17694151000012]]]},"properties":{"nameZh":"达川区","nameEn":"达川区","code":"511703000000","severity":"general","severityZh":"一般灾区","severityEn":"Generally affected","disasterTypeZh":"一般灾区","landformBasinShare":0.8149466192170819,"landformMountainShare":0.18505338078291814,"landformPlateauShare":0.0,"settlementBasinShare":0.8660714285714286,"settlementMountainShare":0.13392857142857142,"settlementPlateauShare":0.0,"landformTypeZh":"盆地县","donorBasin":1,"donorMountain":0,"donorPlateau":0,"labelEn":"","landformTypeEn":"Basin county"}},{"type":"Feature","geometry":{"type":"Polygon","coordinates":[[[108.45077119122777,31.78761084072181],[108.484080270611,31.782424998959243],[108.48446516600018,31.774102826000103],[108.53093670349938,31.75993180922461],[108.50112126000005,31.734797170000093],[108.51538267500115,31.727295971061494],[108.51941032000002,31.71278471000005],[108.5204161800001,31.701918449999994],[108.51039985,31.69627459000003],[108.54220105000013,31.66738887999992],[108.51467066000004,31.667892900000254],[108.48567874000003,31.643378149999933],[108.46745699999997,31.641022330000055],[108.4607195000001,31.620381520000024],[108.44630754000013,31.63425753000007],[108.42799666999997,31.63081908999999],[108.38718080000001,31.59515528000003],[108.38916817,31.578437080000015],[108.37329755999991,31.57237326000029],[108.38691129000011,31.563384859999985],[108.38294285000006,31.547086230000048],[108.34416222999994,31.547854159999986],[108.33493434000007,31.540980520000232],[108.3425561200001,31.52421933000005],[108.33449150000001,31.510507750000272],[108.31764243000003,31.504094730000247],[108.27799498999997,31.509628290000137],[108.27317771000003,31.503359389999957],[108.24653969000008,31.50024635999995],[108.22967619000013,31.508887700000173],[108.21388267000003,31.497558870000034],[108.18597521000004,31.493560560000105],[108.18906596,31.46974386000022],[108.2180118830002,31.467813036000337],[108.22110980000008,31.45514340000011],[108.20599064000004,31.439904760000275],[108.21184953000005,31.41331536000007],[108.20357797000008,31.401258850000147],[108.17515071000008,31.393873310000117],[108.16745171000002,31.38135044000012],[108.14953386000008,31.37326988999996],[108.15429999600008,31.362344680000206],[108.17485589,31.35380876000022],[108.18133151000006,31.339294450000125],[108.17515956000011,31.32708337000014],[108.10210428000005,31.285755999999992],[108.0876731400001,31.26779755000007],[108.03419792000005,31.25513784000009],[107.93236129000002,31.20387747000001],[107.92724146000006,31.229395990000057],[107.91793731000013,31.220702469999992],[107.88895946000002,31.221679920000042],[107.88280516999993,31.206784880000043],[107.84064123000002,31.22221064000007],[107.79367989000002,31.25756870000015],[107.78473744000001,31.24974818999999],[107.78322385000001,31.235152649999918],[107.74283441,31.195720909999977],[107.68170519,31.109756310000307],[107.65868415,31.120193390000054],[107.65071498000003,31.131714060000036],[107.64540293999994,31.126797080000017],[107.6336161100001,31.131238699999983],[107.60699688999995,31.166270780000048],[107.59660009999999,31.17029955999999],[107.60432419,31.185497629999986],[107.61678698999998,31.183846500000186],[107.6278706600001,31.196665629999984],[107.63131559000004,31.23548988999994],[107.62239406000009,31.243860620000135],[107.62669357000004,31.265687030000038],[107.60133371,31.27062425000014],[107.58885411,31.284383640000158],[107.59814090999998,31.297426420000193],[107.59092884000006,31.307015170000057],[107.57773699,31.30957397000003],[107.58398501000005,31.334866350000198],[107.54852384000014,31.336313590000202],[107.54982598000004,31.373701040000128],[107.56781812999998,31.392176950000078],[107.55845346999996,31.402095750000285],[107.56912869000007,31.407287349999933],[107.55138869000001,31.409553960000096],[107.54954047000007,31.415064150000205],[107.55705604999997,31.415930010000068],[107.55156240000002,31.41864899999996],[107.53165307000012,31.406577030000165],[107.51144459999995,31.410294320000048],[107.49327845000005,31.428735030000155],[107.51120322000008,31.446701150000024],[107.51250547999996,31.45975928000007],[107.52582833000008,31.46420224999997],[107.52135018000013,31.474469390000024],[107.53018624000009,31.487359440000034],[107.51751395999997,31.493501690000244],[107.52690538000002,31.507772060000036],[107.52221973999997,31.517718360000003],[107.49520620000004,31.507433420000268],[107.46182615000004,31.53126757000001],[107.44224762999994,31.52750586999997],[107.42782729999999,31.535628410000243],[107.42559420999999,31.526736440000093],[107.40432380000004,31.52016771000018],[107.39154287000002,31.531796240000062],[107.38444026000013,31.524289969999984],[107.37727739000007,31.527456630000188],[107.37515052999998,31.538310390000106],[107.38296411000005,31.546824620000052],[107.37672195999994,31.556774459999986],[107.3841884200001,31.565916510000022],[107.40084103999999,31.560073240000065],[107.40336805000004,31.57041311000029],[107.42899009999991,31.572366230000057],[107.43523302000006,31.592358900000306],[107.44935962000005,31.585070260000123],[107.46700188,31.59828390000007],[107.48622278999994,31.5992385200002],[107.49445198999996,31.627595980000137],[107.51412975000011,31.640143190000174],[107.52684626000013,31.661191780000024],[107.52669914,31.68474083000018],[107.53378154,31.692893250000225],[107.57157823000006,31.694661140000107],[107.58870922000011,31.70925446000001],[107.57602166999999,31.72079551000013],[107.62469271000003,31.742625450000162],[107.64969800000006,31.765286960000026],[107.72801067000006,31.719389410000133],[107.73332399000003,31.67892986000004],[107.78034662999994,31.64344287000017],[107.78164095000011,31.654655850000154],[107.79659063000003,31.665329780000093],[107.81908389,31.66210041000005],[107.82612414000005,31.648706080000068],[107.83768623000014,31.647430370000222],[107.86598167000011,31.65720856000013],[107.86388169000008,31.662104200000044],[107.87943492,31.672440500000107],[107.86689286000001,31.690289670000084],[107.84552423000014,31.692169660000218],[107.84391828000014,31.710463550000043],[107.85432629000007,31.71964539999999],[107.87243921000004,31.708548280000002],[107.88947556000011,31.710958989999995],[107.87176290000008,31.72721657000011],[107.8706952,31.74260933000005],[107.89195901000005,31.78340920000005],[107.90237307000001,31.786724800000115],[107.91964331000008,31.81272874000001],[107.96545051999993,31.79749521000008],[107.99609887000008,31.808758570000123],[108.00038785000004,31.79768658000029],[108.01497999999998,31.80978826000006],[108.03995722000002,31.807769740000026],[108.04836176999993,31.81415815000014],[108.06274772000012,31.809252200000117],[108.07315850999993,31.817807820000155],[108.08929073999997,31.798521460000075],[108.08934329000004,31.777968069999986],[108.10992082000001,31.76616451000001],[108.09557658999995,31.755573439999978],[108.09759094999998,31.750113949999957],[108.12578288000009,31.735018570000307],[108.17355516000003,31.732204800000204],[108.21443651000004,31.70540497000019],[108.23465907000008,31.73170895999999],[108.24792002000004,31.733709130000136],[108.27918470999998,31.714769920000208],[108.31804376000002,31.733928379999952],[108.35248006,31.7725097900003],[108.37105860999992,31.76708501000013],[108.38792801000005,31.775412599999925],[108.40563112000001,31.769243970000048],[108.41735337000006,31.786070810000012],[108.45077119122777,31.78761084072181]]]},"properties":{"nameZh":"宣汉县","nameEn":"宣汉县","code":"511722000000","severity":"general","severityZh":"一般灾区","severityEn":"Generally affected","disasterTypeZh":"一般灾区","landformBasinShare":0.24758766768651447,"landformMountainShare":0.7524123323134855,"landformPlateauShare":0.0,"settlementBasinShare":0.4124331550802139,"settlementMountainShare":0.5875668449197861,"settlementPlateauShare":0.0,"landformTypeZh":"中山县","donorBasin":0,"donorMountain":1,"donorPlateau":0,"labelEn":"","landformTypeEn":"Mountain county"}},{"type":"Feature","geometry":{"type":"Polygon","coordinates":[[[108.01537517000003,31.24470190000011],[108.0270598400001,31.23896007000002],[108.02700849000013,31.219201105000025],[108.07263339649046,31.233447453634312],[108.06450617000013,31.22186388000017],[108.0769145100686,31.22047975608939],[108.08523196000004,31.20392586000014],[108.08055314,31.189263159999996],[108.05063293000012,31.158756640000263],[108.05339371000008,31.148975640000288],[108.03709672000014,31.146405720000075],[108.0225381300001,31.119838010000308],[108.00487229999999,31.11184853000003],[108.02016901300789,31.091474953077636],[108.02041217000004,31.065565690000028],[108.04338348400017,31.063358509000125],[108.05478446000006,31.051620200000116],[108.03873074000012,31.037620520000132],[107.99931800000013,31.027720350000266],[107.97872019983686,30.986633082058347],[107.93767554800007,30.990321000000222],[107.93280700100007,30.938196407000135],[107.94453244100015,30.921217109000224],[107.9874700470001,30.913000753000176],[107.98938839900006,30.90670358200026],[107.95161458000001,30.88549848000025],[107.95094675255655,30.87582149785078],[107.89129751000007,30.8368695100001],[107.84635586000002,30.79536422000018],[107.81445459999998,30.799989350000033],[107.78452038999995,30.82166361999998],[107.75942815000002,30.819489370000213],[107.74775997000006,30.848480819000088],[107.75578229000001,30.865907870000058],[107.74552813384042,30.867240252585475],[107.73512645999995,30.886592410000162],[107.71099772000002,30.889938560000076],[107.76758090999994,30.96151471000013],[107.79827145999997,30.975058430000217],[107.79274979000002,30.978714570000022],[107.79708234000003,30.983641519999992],[107.78569961000005,30.990100810000115],[107.7955545000001,30.99285372999998],[107.79935655000008,31.006918820000067],[107.83095505000011,31.023462840000036],[107.80899288999996,31.040356340000017],[107.79083037999999,31.044174050000038],[107.78497859000004,31.056996550000008],[107.77307587000001,31.05803412000023],[107.77012402000003,31.07261719000013],[107.77888416999991,31.10260964000014],[107.75843740999994,31.114746139999966],[107.75949638999998,31.12642742000014],[107.72822239999999,31.127603140000076],[107.72065109000005,31.114691020000237],[107.69721908000002,31.135031070000252],[107.74283441,31.195720909999977],[107.78322385000001,31.235152649999918],[107.78473744000001,31.24974818999999],[107.79367989000002,31.25756870000015],[107.84064123000002,31.22221064000007],[107.88280516999993,31.206784880000043],[107.88895946000002,31.221679920000042],[107.91793731000013,31.220702469999992],[107.92724146000006,31.229395990000057],[107.93236129000002,31.20387747000001],[108.01537517000003,31.24470190000011]]]},"properties":{"nameZh":"开江县","nameEn":"开江县","code":"511723000000","severity":"general","severityZh":"一般灾区","severityEn":"Generally affected","disasterTypeZh":"一般灾区","landformBasinShare":0.8622047244094488,"landformMountainShare":0.1377952755905512,"landformPlateauShare":0.0,"settlementBasinShare":0.9371508379888268,"settlementMountainShare":0.06284916201117319,"settlementPlateauShare":0.0,"landformTypeZh":"盆地县","donorBasin":1,"donorMountain":0,"donorPlateau":0,"labelEn":"","landformTypeEn":"Basin county"}},{"type":"Feature","geometry":{"type":"MultiPolygon","coordinates":[[[[107.50856834000001,30.85736652999998],[107.47546799000008,30.84042316999995],[107.48756085500008,30.835576001000106],[107.48483579700002,30.824317142000154],[107.49401075000003,30.81205238000001],[107.48152706999991,30.811563530000058],[107.48924541857406,30.806123253018654],[107.47316765,30.80217466000022],[107.46882668999996,30.788163189999977],[107.45538700999998,30.78794403000012],[107.46196804143818,30.77705998050203],[107.4578614300001,30.772405160000176],[107.44088736000003,30.780518110000003],[107.4348960800001,30.762114210000107],[107.44101741999992,30.755322439999986],[107.42148965000001,30.74969341000002],[107.4196404700001,30.74300089999997],[107.45398924472647,30.70719154493213],[107.4536943600001,30.696169130000044],[107.45890348389389,30.69745497386731],[107.45200114200014,30.68476246000023],[107.51220569000003,30.646815369999956],[107.45625539000008,30.574181950000025],[107.42294034999992,30.550629200000117],[107.43660726000007,30.533633199999997],[107.41523731000012,30.518904010000085],[107.40405442999997,30.523969470000168],[107.35539860000011,30.458719860000087],[107.32848063000012,30.38152935000005],[107.30024950999996,30.357460810000248],[107.28524289,30.366585710000095],[107.27231035000005,30.360814950000304],[107.27875969000002,30.336782360000086],[107.26784974000009,30.324752970000077],[107.25763449000004,30.3277062800002],[107.24325281000012,30.350749030000202],[107.21727688000004,30.346922210000287],[107.22866434000008,30.359324670000092],[107.22310069999997,30.361669340000105],[107.22704063000003,30.38004529000017],[107.24902001999999,30.387169980000067],[107.24024974999998,30.39826376999997],[107.23288105000012,30.397416520000036],[107.23946061000004,30.38920327000028],[107.22436786000003,30.380616259999954],[107.20440531999998,30.393705220000072],[107.21403076000007,30.40613688000019],[107.20113438000004,30.415648340000246],[107.22207681000003,30.427661340000157],[107.22193813000007,30.436886200000117],[107.18847032999992,30.433782280000173],[107.18011171000006,30.44237753000027],[107.18171737,30.453001950000214],[107.15784615000007,30.463535949999937],[107.20951859000013,30.503757950000136],[107.19982432,30.526866690000247],[107.18774926000015,30.537102920000052],[107.17911371000008,30.537225490000253],[107.18474626,30.518997369999965],[107.16990377000008,30.50540015000007],[107.11943919999999,30.527677470000185],[107.11818037000006,30.516514660000098],[107.10705807999994,30.528350420000265],[107.09569288,30.523326290000057],[107.09077838999997,30.50868983000015],[107.12590696000007,30.48966398000016],[107.13692457000002,30.471806990000232],[107.12110594,30.47243806000023],[107.11448097000005,30.48727973000024],[107.1048782800001,30.484808059999978],[107.10236021999992,30.49253288],[107.07783204999993,30.488611030000072],[107.0835896100001,30.496655420000252],[107.07716351000005,30.496831220000047],[107.07330067000004,30.514813179999976],[107.06452191,30.51820293999998],[107.04099349999996,30.51500302000005],[107.01754540000002,30.526402880000035],[107.00551335000011,30.522387519999995],[106.99674553000011,30.50762560000021],[106.97807538000006,30.50350094999999],[106.97047195999994,30.5363866000003],[106.98235454000007,30.550152700000126],[107.00376808999994,30.54667299000016],[107.01502774000005,30.55388714000003],[107.05572865000005,30.701389230000302],[107.07643564000006,30.71280818000008],[107.09515553999995,30.747662289999994],[107.0960932000001,30.75889264],[107.08197605999999,30.763364299999978],[107.07658418000011,30.77312273000001],[107.11786990999997,30.83586737000013],[107.13319361000009,30.845238720000168],[107.13659736999995,30.885577940000246],[107.15442928999994,30.906471049999993],[107.16293632000003,30.932346810000126],[107.21896602000004,30.99884202000004],[107.25691032000003,31.00816580000003],[107.26124963000007,31.005131280000114],[107.25460157999993,30.99419275000031],[107.26644855999996,30.993466350000062],[107.25539973000008,30.981201970000143],[107.25605936000011,30.962735430000237],[107.26481644000012,30.956228190000047],[107.29949032000002,30.95907768000029],[107.29666944000007,30.95454202999997],[107.3103136900001,30.948564490000308],[107.30803113000007,30.94114900000011],[107.31292618000009,30.94407622],[107.32190201000003,30.935035359999972],[107.34380339000012,30.93403801000005],[107.36192234000004,30.946643200000153],[107.38571139999999,30.934214760000145],[107.38908855,30.92021139000002],[107.42452882000009,30.915255809999962],[107.43922887999992,30.896986510000033],[107.45719221000013,30.905123050000043],[107.47073644000005,30.92723746000013],[107.4968840300001,30.91298304000003],[107.5131595200001,30.923102250000113],[107.53968497999995,30.895514969999965],[107.50856834000001,30.85736652999998]],[[107.25696604000001,30.388584390000233],[107.25267851000001,30.382307050000065],[107.25700920000003,30.38565689000012],[107.25983868000003,30.377153940000028],[107.27268389000005,30.373217610000097],[107.25696604000001,30.388584390000233]],[[107.26492529000006,30.34802819000015],[107.26046362,30.352690430000052],[107.25940483,30.352935979999927],[107.25792065999991,30.350006150000013],[107.26492529000006,30.34802819000015]],[[107.23516498000004,30.352149980000092],[107.23674464000004,30.353844290000154],[107.23536372999996,30.355526560000044],[107.23373206999997,30.352599339999983],[107.23516498000004,30.352149980000092]],[[107.22004622000003,30.422945560000244],[107.21632327000003,30.421058320000043],[107.22639906000006,30.41569619000029],[107.22580037000006,30.423453150000114],[107.22004622000003,30.422945560000244]]],[[[107.24955469999998,30.32745587000005],[107.25321686000012,30.326202170000272],[107.24342736,30.326753250000024],[107.24578808000007,30.327940160000026],[107.24955469999998,30.32745587000005]]],[[[107.24968454000009,30.328494720000037],[107.24812258999998,30.328870890000076],[107.24814849999996,30.3300357400002],[107.24917278999999,30.33013160000013],[107.24968454000009,30.328494720000037]]],[[[107.23716951,30.339909379999995],[107.23638858000004,30.340953990000116],[107.23839313999997,30.341346530000067],[107.2384371600001,30.340862610000045],[107.23716951,30.339909379999995]]],[[[107.23531267000004,30.341750500000103],[107.23482670999994,30.341928290000283],[107.23657043999998,30.342505840000285],[107.23640551000005,30.34192987000023],[107.23531267000004,30.341750500000103]]],[[[107.23505152000007,30.344404039999915],[107.23648435999996,30.343906619999984],[107.23637944000001,30.343008709999935],[107.23336867000012,30.34396240000018],[107.23505152000007,30.344404039999915]]],[[[107.23371549000001,30.346455209999988],[107.23301263000013,30.344743130000097],[107.23031347000011,30.345642640000108],[107.23059144000001,30.346436680000068],[107.23371549000001,30.346455209999988]]],[[[107.22037534000009,30.37941113000028],[107.22270959000014,30.37583575000002],[107.22228453000014,30.37421966000005],[107.21748472000002,30.380585180000253],[107.22037534000009,30.37941113000028]]],[[[107.03237223000002,30.51650802000006],[107.03193868000005,30.518200589999992],[107.03421255000006,30.51771509000031],[107.0339704700001,30.516908930000227],[107.03237223000002,30.51650802000006]]]]},"properties":{"nameZh":"大竹县","nameEn":"大竹县","code":"511724000000","severity":"general","severityZh":"一般灾区","severityEn":"Generally affected","disasterTypeZh":"一般灾区","landformBasinShare":0.7560270009643202,"landformMountainShare":0.24397299903567984,"landformPlateauShare":0.0,"settlementBasinShare":0.8661735036987223,"settlementMountainShare":0.13382649630127774,"settlementPlateauShare":0.0,"landformTypeZh":"盆地县","donorBasin":1,"donorMountain":0,"donorPlateau":0,"labelEn":"","landformTypeEn":"Basin county"}},{"type":"Feature","geometry":{"type":"Polygon","coordinates":[[[106.99052487000006,31.26366416999997],[107.0118788100001,31.253134180000018],[107.00875340999994,31.245547720000104],[107.02496236000013,31.20653919000017],[107.04464417000003,31.198848180000084],[107.06068070000015,31.20526830000017],[107.08584185000012,31.18140575000001],[107.10878177000012,31.18605491000011],[107.11271533999997,31.199893999999915],[107.12428802000005,31.19741559000005],[107.13912578000009,31.217284820000202],[107.15387542999997,31.218899249999993],[107.15737366000002,31.204719290000014],[107.16817278000002,31.212134960000242],[107.19293797000012,31.20319066000002],[107.22197075999992,31.208841080000013],[107.22335896000004,31.199487670000053],[107.21206712000014,31.190219990000116],[107.18377142999998,31.18670491000006],[107.19736423000006,31.178754550000008],[107.19377054000006,31.15352258000007],[107.17962249000004,31.141003520000027],[107.17923078000001,31.12849337000023],[107.19211252000002,31.123064780000107],[107.18072382000008,31.088642610000022],[107.21636327999994,31.088213850000272],[107.23065693000012,31.06577264999993],[107.22484184000001,31.051184100000285],[107.23097791999999,31.03754977000017],[107.26264702000003,31.017420320000156],[107.25031460000014,31.00329473000005],[107.21896602000004,30.99884202000004],[107.16293632000003,30.932346810000126],[107.15442928999994,30.906471049999993],[107.13659736999995,30.885577940000246],[107.13319361000009,30.845238720000168],[107.11786990999997,30.83586737000013],[107.07658418000011,30.77312273000001],[107.08197605999999,30.763364299999978],[107.0960932000001,30.75889264],[107.09515553999995,30.747662289999994],[107.07643564000006,30.71280818000008],[107.05572865000005,30.701389230000302],[107.0388158400001,30.64521441000022],[106.98088781000007,30.638523570000302],[106.96444904000009,30.648158869999918],[106.94614478000011,30.63801577000021],[106.93911504000005,30.650933980000048],[106.92453452000012,30.650116410000066],[106.90274198000003,30.66246557000028],[106.88590545,30.697640110000066],[106.89977398999991,30.70535737],[106.92307617000006,30.687592400000028],[106.94545923000004,30.710288639999987],[106.91652435000015,30.706810870000027],[106.89229290999998,30.721392100000116],[106.87935320999998,30.718557990000306],[106.8765065,30.736641779999957],[106.83641527999998,30.740975160000232],[106.82379342999997,30.75443885000027],[106.82712693999991,30.759684449999952],[106.79972184000013,30.76367160000018],[106.79868863000007,30.778845000000103],[106.75172943000007,30.794768709999914],[106.75306580999995,30.810899320000203],[106.73505099999994,30.810367150000218],[106.72682848,30.834888450000165],[106.68081703000007,30.832180880000124],[106.66895958000003,30.848873089999927],[106.67442868000012,30.853601970000057],[106.67231056000003,30.871626840000204],[106.68514940000006,30.889083880000044],[106.66219760000013,30.91505632000019],[106.67340401000007,30.925559810000095],[106.70323217999999,30.918365250000022],[106.71912891000011,30.94906488999993],[106.7389061500001,30.95837576999992],[106.72754122000015,30.976048110000022],[106.77958109000008,30.97351918000004],[106.78235946000007,30.99743869999992],[106.79545990000008,30.994689910000034],[106.8079698200001,31.003733859999954],[106.82942967000002,31.046762069999943],[106.82652096000004,31.055275840000263],[106.83710226,31.066033400000208],[106.86791537000005,31.085789910000074],[106.89080285,31.090046630000018],[106.90500074000005,31.110126550000018],[106.92780911,31.114280170000143],[106.92727894000001,31.135512599999913],[106.93512541999996,31.135926690000076],[106.94685903000004,31.163648260000173],[106.93351076999994,31.180056820000118],[106.93580275000005,31.20951387000008],[106.94839606000005,31.223842929999932],[106.95442797999993,31.218659640000055],[106.96058842000002,31.25316709000009],[106.97720909999998,31.24945905000027],[106.98457020000012,31.264872690000175],[106.99052487000006,31.26366416999997]]]},"properties":{"nameZh":"渠县","nameEn":"渠县","code":"511725000000","severity":"general","severityZh":"一般灾区","severityEn":"Generally affected","disasterTypeZh":"一般灾区","landformBasinShare":0.8755599800895968,"landformMountainShare":0.12444001991040318,"landformPlateauShare":0.0,"settlementBasinShare":0.9236596736596736,"settlementMountainShare":0.07634032634032634,"settlementPlateauShare":0.0,"landformTypeZh":"盆地县","donorBasin":1,"donorMountain":0,"donorPlateau":0,"labelEn":"","landformTypeEn":"Basin county"}},{"type":"Feature","geometry":{"type":"Polygon","coordinates":[[[107.75142459365986,32.338549701748036],[107.78410505500017,32.28213983000029],[107.82766794000008,32.22816132100013],[107.84114783400003,32.224010401000214],[107.840583971,32.217700545000184],[107.8603905330001,32.20343190500017],[107.87550997900001,32.20476221600018],[107.88613279700019,32.216816192000124],[107.90082559200005,32.210425678000206],[107.97488233000001,32.14832419999999],[107.99323994999997,32.15083789000016],[108.01970727700007,32.17945145300001],[108.01278015200006,32.19437473900007],[108.02063660700003,32.20507894100018],[108.01377864000006,32.213361682000084],[108.025644909,32.222439739000095],[108.04102095899998,32.21780629800014],[108.04688180700015,32.224519794000344],[108.05602424800014,32.22255973799997],[108.06626031600013,32.2352976330003],[108.0851886850001,32.235740572000054],[108.11964034000005,32.21985495000001],[108.13594583500014,32.22076191000008],[108.15199736800014,32.24111914300022],[108.18090373600018,32.22331540500005],[108.20820052800008,32.24951569700022],[108.20860839099998,32.2609004040001],[108.22522073400006,32.26464346400036],[108.23628628600011,32.27691146700016],[108.30748445100005,32.23436226600023],[108.327239991,32.23549203700003],[108.34462846000014,32.256551279000234],[108.36604523800008,32.2557158540003],[108.38740226200008,32.2656976830001],[108.41030710900009,32.25454081000004],[108.41715728300005,32.26271254300019],[108.44612237700017,32.26138745000026],[108.46629874100012,32.27296644900002],[108.4787651760002,32.26328316700034],[108.47989368000009,32.25291237200014],[108.50206401000003,32.24849477000021],[108.51002252000006,32.2219579500001],[108.50162934000014,32.210490590000234],[108.50527512000002,32.20344237000006],[108.47551838999993,32.18450349999995],[108.45267659000007,32.183596290000025],[108.42933059,32.19414359000001],[108.41970157504767,32.189489349796645],[108.40055722999995,32.19837814000027],[108.36478585999998,32.17761260000003],[108.38341745000002,32.16089401000016],[108.37436266999993,32.15540203000012],[108.40194570000011,32.143369740000026],[108.42696871999999,32.103739329999996],[108.44746822000008,32.09311320000006],[108.44479122000007,32.07504366999996],[108.42534243900013,32.063391326000044],[108.40820567500015,32.0721007260002],[108.38706140800008,32.06870696400023],[108.36998651300013,32.07918476400016],[108.34231586186723,32.07218313707796],[108.34017188000001,32.06259279000005],[108.35587601999998,32.05499873000002],[108.35869747999999,32.04008307999993],[108.32463247999999,32.02135726000006],[108.36480908999994,31.988850710000065],[108.34653401000008,31.97371659000021],[108.30256844999997,31.99938331000004],[108.28119104000012,31.990119760000084],[108.27765008000006,31.98136993000014],[108.26221018000007,31.98700825000003],[108.26236704000013,31.97410105],[108.25476437000009,31.96966382000005],[108.27566227000005,31.95520990000017],[108.27978519999994,31.917099170000256],[108.30390464077703,31.908077330955507],[108.33898128800007,31.863071560000208],[108.38151183813034,31.855874798616355],[108.38732915000003,31.830656510000097],[108.42165936800018,31.812259452000262],[108.4579253330001,31.814856154000154],[108.45077119122777,31.78761084072181],[108.41735337000006,31.786070810000012],[108.40563112000001,31.769243970000048],[108.38792801000005,31.775412599999925],[108.37105860999992,31.76708501000013],[108.35248006,31.7725097900003],[108.31804376000002,31.733928379999952],[108.27918470999998,31.714769920000208],[108.24792002000004,31.733709130000136],[108.23465907000008,31.73170895999999],[108.21443651000004,31.70540497000019],[108.17355516000003,31.732204800000204],[108.12578288000009,31.735018570000307],[108.09759094999998,31.750113949999957],[108.09557658999995,31.755573439999978],[108.10992082000001,31.76616451000001],[108.08934329000004,31.777968069999986],[108.08929073999997,31.798521460000075],[108.07315850999993,31.817807820000155],[108.06274772000012,31.809252200000117],[108.04836176999993,31.81415815000014],[108.03995722000002,31.807769740000026],[108.01497999999998,31.80978826000006],[108.00038785000004,31.79768658000029],[107.99609887000008,31.808758570000123],[107.96545051999993,31.79749521000008],[107.91964331000008,31.81272874000001],[107.90237307000001,31.786724800000115],[107.89195901000005,31.78340920000005],[107.8706952,31.74260933000005],[107.87176290000008,31.72721657000011],[107.88947556000011,31.710958989999995],[107.87243921000004,31.708548280000002],[107.85432629000007,31.71964539999999],[107.84391828000014,31.710463550000043],[107.84552423000014,31.692169660000218],[107.86689286000001,31.690289670000084],[107.87943492,31.672440500000107],[107.86388169000008,31.662104200000044],[107.86598167000011,31.65720856000013],[107.83768623000014,31.647430370000222],[107.82612414000005,31.648706080000068],[107.81908389,31.66210041000005],[107.79659063000003,31.665329780000093],[107.77750813000011,31.64375958000005],[107.73332399000003,31.67892986000004],[107.72801067000006,31.719389410000133],[107.65086161000005,31.765393880000204],[107.62469271000003,31.742625450000162],[107.57602166999999,31.72079551000013],[107.58870922000011,31.70925446000001],[107.57157823000006,31.694661140000107],[107.53837242000009,31.696006280000233],[107.52840895000008,31.686780399999975],[107.51250727000013,31.685720840000272],[107.49834976000005,31.69792408000012],[107.48945212000001,31.72704647000006],[107.48415982,31.725685600000077],[107.51186550999995,31.73679506000002],[107.52776646000007,31.723556190000295],[107.52372181000004,31.733623729999977],[107.53458930000005,31.740664190000246],[107.52906839000013,31.76286358000027],[107.55003829000003,31.771015450000277],[107.559976,31.812328959999945],[107.5714048800001,31.823623040000086],[107.56487063999998,31.838378590000048],[107.49193710000009,31.86761469000004],[107.49796073000005,31.87265172000025],[107.50244007000009,31.867216919999976],[107.50317773,31.878083460000255],[107.51215313999995,31.87885994000021],[107.50986996000006,31.88940865000029],[107.52005237000003,31.88967659000025],[107.52885239,31.879317660000027],[107.54681024000013,31.89753768999998],[107.51055634,31.928675640000108],[107.54070970000004,31.92748481000001],[107.53469490000009,31.94494214000008],[107.57180583000002,31.9563665900003],[107.57974662999999,31.971560430000125],[107.56598039999994,31.98915717],[107.58064069000005,31.992723049999995],[107.58823473000012,32.009192830000075],[107.61687486999995,32.017033530000276],[107.67005511000008,32.006913630000156],[107.67393532999995,32.01291567000027],[107.66767628000008,32.020138379999935],[107.6787010700001,32.01523423000026],[107.69817336000011,32.03226850999994],[107.72829972,32.041753410000126],[107.75933040000012,32.07187009000012],[107.73789030000006,32.10460309000024],[107.71115821000012,32.121270370000104],[107.70327574000004,32.117317040000046],[107.67383686,32.144540160000076],[107.62929214000013,32.14201890000004],[107.6352198400001,32.148865700000044],[107.62144609,32.159428930000104],[107.62594983999998,32.20166372000017],[107.66237854999997,32.21389584000008],[107.66611935000003,32.201455839999994],[107.67432278000007,32.19937682000011],[107.6677944700001,32.218273080000245],[107.68715261000006,32.22205346000021],[107.67269047000002,32.25093777000001],[107.69630277000005,32.27242667000024],[107.69899356999991,32.32027844999999],[107.71212028894428,32.33110671852933],[107.75142459365986,32.338549701748036]]]},"properties":{"nameZh":"万源市","nameEn":"万源市","code":"511781000000","severity":"general","severityZh":"一般灾区","severityEn":"Generally affected","disasterTypeZh":"一般灾区","landformBasinShare":0.06076388888888889,"landformMountainShare":0.9392361111111112,"landformPlateauShare":0.0,"settlementBasinShare":0.06357615894039735,"settlementMountainShare":0.9364238410596026,"settlementPlateauShare":0.0,"landformTypeZh":"中山县","donorBasin":0,"donorMountain":1,"donorPlateau":0,"labelEn":"","landformTypeEn":"Mountain county"}},{"type":"Feature","geometry":{"type":"MultiPolygon","coordinates":[[[[105.75614078000007,30.388231720000192],[105.76631008999999,30.378833850000092],[105.74858519999998,30.362339360000306],[105.75092967,30.34502615000008],[105.73016549000005,30.338491859999976],[105.73673417999998,30.32130673000023],[105.71865020000013,30.334947769999985],[105.72848712000012,30.343337290000136],[105.71081021999998,30.360540110000102],[105.72151489999999,30.367898270000182],[105.71036807999997,30.37705004999998],[105.67434161000006,30.36673156000029],[105.66251912000007,30.386813830000108],[105.64529759999999,30.393581139999924],[105.64494100999997,30.384497360000296],[105.62615855000007,30.39358372999999],[105.60589288999995,30.383373430000006],[105.57619323,30.384896850000302],[105.54822074999998,30.4129182100001],[105.53524419999991,30.45230710000027],[105.49847578000004,30.465940300000113],[105.50311972000009,30.496407090000105],[105.47482894000001,30.503116760000182],[105.49595861999995,30.507524560000206],[105.48986501000007,30.54192863999998],[105.46098261000009,30.54375630000004],[105.44442565000008,30.529918570000177],[105.43414664000011,30.55376061000004],[105.42265168000006,30.553667460000156],[105.41547125,30.58639430000028],[105.39952257000004,30.556189770000117],[105.38843429000008,30.568039930000054],[105.40913310000013,30.58827474000026],[105.4057469500001,30.597584910000023],[105.42183514999999,30.60807975000006],[105.42710569000002,30.62590670999998],[105.44521674999999,30.615980420000255],[105.45178850000002,30.632915410000066],[105.48394042999996,30.639722510000013],[105.49208759999993,30.653247969999995],[105.51005591,30.645050949999984],[105.51680019000008,30.65270910000021],[105.52653104000001,30.639464380000163],[105.5483852800001,30.638317679999943],[105.56044061000011,30.6224871],[105.60490454000006,30.638932269999998],[105.62913674000009,30.618601410000224],[105.64758082000009,30.62100869000028],[105.66029781999998,30.633174380000014],[105.66738922999997,30.625426049999987],[105.67755389000007,30.627411810000183],[105.68678233999998,30.638910039999928],[105.69962162000007,30.641258520000292],[105.70962287999998,30.658083050000016],[105.73071893000002,30.64103012000004],[105.7360935000001,30.61128855999999],[105.70482224999995,30.56016990000029],[105.70635020000009,30.50819935000004],[105.70026423000013,30.505199119999986],[105.67353485000007,30.520158830000014],[105.67087885000007,30.487746290000132],[105.65621752000004,30.480776059999982],[105.65456819000002,30.45770300000015],[105.63807394000003,30.446664010000006],[105.64967501000001,30.43823944000019],[105.68427299000001,30.44633755000018],[105.69446465000004,30.433772600000054],[105.70053664000011,30.403129200000194],[105.71027604,30.397701540000185],[105.7175572000001,30.398564899999997],[105.73008465999993,30.40491315999998],[105.74565079000001,30.420498860000293],[105.75176410000012,30.420042420000186],[105.75003502000004,30.39289941000021],[105.75614078000007,30.388231720000192]]],[[[105.71523903000013,30.39914131000029],[105.71410177000001,30.40289890000014],[105.71931015000001,30.40311925000026],[105.7174173200001,30.40035871000009],[105.71523903000013,30.39914131000029]]]]},"properties":{"nameZh":"船山区","nameEn":"Suining","code":"510903000000","severity":"general","severityZh":"一般灾区","severityEn":"Generally affected","disasterTypeZh":"一般灾区","landformBasinShare":1.0,"landformMountainShare":0.0,"landformPlateauShare":0.0,"settlementBasinShare":1.0,"settlementMountainShare":0.0,"settlementPlateauShare":0.0,"landformTypeZh":"盆地县","donorBasin":1,"donorMountain":0,"donorPlateau":0,"labelEn":"Suining","landformTypeEn":"Basin county"}},{"type":"Feature","geometry":{"type":"MultiPolygon","coordinates":[[[[105.73953996999995,30.89217111000005],[105.74250064,30.883284550000212],[105.72680422000013,30.879249940000136],[105.72923480999998,30.870659130000263],[105.7398358100001,30.85839919],[105.74916817000008,30.862172290000046],[105.74315200000007,30.85493148000012],[105.75531599000004,30.85268092000007],[105.75273769,30.842847690000212],[105.78058041999998,30.826326090000293],[105.78079751000001,30.811938209999994],[105.79227593999991,30.808169760000112],[105.77863579000001,30.787562770000022],[105.7892615500001,30.762479490000146],[105.77878304000012,30.752484149999987],[105.79198782000009,30.73654858000026],[105.78898408000003,30.713954270000045],[105.79713903999993,30.708878040000172],[105.79525143000006,30.68790489000014],[105.8101660700001,30.65397134],[105.8041761500001,30.62897928000001],[105.81968027000005,30.62461520000005],[105.81933262000001,30.607679290000135],[105.83633796999999,30.58198276000013],[105.87403489000013,30.55753111000007],[105.85920948000006,30.515201880000006],[105.84329975999998,30.507993620000093],[105.8421013300001,30.4965088200002],[105.85670152,30.487717120000184],[105.8638794800001,30.49987370000025],[105.8821240100001,30.4981813],[105.88443218999993,30.479744790000098],[105.8717168,30.470757750000075],[105.88302663000002,30.460975750000046],[105.88949147000005,30.467641329999992],[105.90325686,30.461925820000147],[105.91979034000002,30.470368810000252],[105.92295858999995,30.492083719999982],[105.92586561999997,30.481950060000145],[105.94651354000007,30.482062520000227],[105.94519404999994,30.497143080000114],[105.92896409000002,30.50256628000028],[105.92424338000006,30.49628608000006],[105.91342904000004,30.51765985999998],[105.92703786999999,30.51260991000015],[105.92883426000009,30.520733060000055],[105.94755462000006,30.502391690000024],[105.94211258000007,30.515899680000018],[105.95147813,30.51638000000014],[105.97138844999995,30.471726829999966],[105.96559069000006,30.4571873000001],[105.94661781999997,30.455714010000065],[105.94467346000005,30.44437965999998],[105.96015775000012,30.42745918000014],[105.9673702,30.43415786000014],[105.97568505000004,30.43024048000001],[105.97652683000001,30.418048630000044],[105.98613546000013,30.415236800000116],[105.98762165,30.40463141000015],[105.97898413999997,30.401017830000114],[105.99660590000013,30.39876228999998],[105.98749984000005,30.392311080000013],[105.99730888000005,30.38916389000002],[105.99358459000007,30.37275495],[105.96770956000006,30.375504229999933],[105.96429037000013,30.381952290000015],[105.93818296,30.374757610000188],[105.93812168000011,30.381868520000012],[105.91452379999998,30.39882610000012],[105.8980069100001,30.389172810000048],[105.895082833,30.398123890000306],[105.90244283800013,30.399849376000248],[105.90177357000005,30.409252780000088],[105.89944773000013,30.40326219000019],[105.88628199000004,30.409045070000104],[105.88353035000011,30.400686140000005],[105.87433901000009,30.40442820000021],[105.88326146971622,30.39646672814314],[105.8743649000001,30.389428000000066],[105.86820253767638,30.395855290255952],[105.87136232,30.403842320000024],[105.86513052255088,30.405075809098435],[105.87058114000001,30.41103909000026],[105.8596780100001,30.413616939999997],[105.84263216,30.395203240000228],[105.83553198600009,30.402448036000123],[105.84306485000008,30.41349249000001],[105.81929842000005,30.43967607000002],[105.78965177000003,30.430880500000228],[105.78790654000005,30.413113740000142],[105.76649355000006,30.40644700000007],[105.75614078000007,30.388231720000192],[105.75003502000004,30.39289941000021],[105.75021833000011,30.420789020000143],[105.72868630000005,30.40406623000007],[105.7175572000001,30.398564899999997],[105.71027604,30.397701540000185],[105.70053664000011,30.403129200000194],[105.69446465000004,30.433772600000054],[105.68427299000001,30.44633755000018],[105.6748894000001,30.448596550000218],[105.65522456999997,30.43850927000011],[105.63992285000006,30.44233608000002],[105.63933084000013,30.449466380000047],[105.65456819000002,30.45770300000015],[105.65621752000004,30.480776059999982],[105.67087885000007,30.487746290000132],[105.67353485000007,30.520158830000014],[105.70026423000013,30.505199119999986],[105.70635020000009,30.50819935000004],[105.70482224999995,30.56016990000029],[105.7360935000001,30.61128855999999],[105.73071893000002,30.64103012000004],[105.70962287999998,30.658083050000016],[105.69962162000007,30.641258520000292],[105.68678233999998,30.638910039999928],[105.67755389000007,30.627411810000183],[105.66738922999997,30.625426049999987],[105.66029781999998,30.633174380000014],[105.64758082000009,30.62100869000028],[105.62913674000009,30.618601410000224],[105.60378473000014,30.639182650000123],[105.56044061000011,30.6224871],[105.5483852800001,30.638317679999943],[105.52653104000001,30.639464380000163],[105.51680019000008,30.65270910000021],[105.51005591,30.645050949999984],[105.49529037000008,30.65312864000009],[105.4891619,30.64885111000001],[105.47616226999997,30.674598860000003],[105.45655197000013,30.67379073000012],[105.44073686000007,30.66027034000001],[105.42773972000009,30.665938510000217],[105.45458381999998,30.680208220000168],[105.44997391999993,30.69100495000015],[105.43268789000001,30.69499423000002],[105.43694231999996,30.726871740000206],[105.47326650000002,30.735443909999958],[105.47850208999995,30.744913989999986],[105.50081159000007,30.75316091000002],[105.50607207999991,30.767989980000266],[105.51923044000011,30.756319959999928],[105.52472539000001,30.767483250000055],[105.51403132999997,30.785803919999978],[105.53514968000007,30.791386270000203],[105.54393805000001,30.806840940000313],[105.56346116999993,30.807858720000127],[105.55335911000003,30.82657561999997],[105.57525618000011,30.822264959999984],[105.56971034000009,30.83996082000027],[105.58302456000001,30.85683103000008],[105.59422027,30.906942300000082],[105.60180550999996,30.905417910000097],[105.60779414000007,30.919532070000116],[105.62155927999999,30.916663170000106],[105.64883176000001,30.928518180000253],[105.66717254000002,30.91991889999997],[105.66591441999998,30.92879319000008],[105.68604446000006,30.938346720000254],[105.70088062000013,30.91361820000003],[105.72582259000006,30.910389870000074],[105.73953996999995,30.89217111000005]],[[105.71523903000013,30.39914131000029],[105.7174173200001,30.40035871000009],[105.71931015000001,30.40311925000026],[105.71410177000001,30.40289890000014],[105.71523903000013,30.39914131000029]]],[[[105.91779430000008,30.497865239999953],[105.91855763000001,30.492916949999994],[105.91138032000015,30.494979780000165],[105.91143217000001,30.496651280000265],[105.91779430000008,30.497865239999953]]],[[[105.90273685999995,30.483460370000046],[105.91016513999995,30.48174909000022],[105.9142008500001,30.472826900000086],[105.90083514999998,30.47466000000003],[105.89672166999998,30.484088609999958],[105.90273685999995,30.483460370000046]]]]},"properties":{"nameZh":"蓬溪县","nameEn":"Suining","code":"510921000000","severity":"general","severityZh":"一般灾区","severityEn":"Generally affected","disasterTypeZh":"一般灾区","landformBasinShare":1.0,"landformMountainShare":0.0,"landformPlateauShare":0.0,"settlementBasinShare":1.0,"settlementMountainShare":0.0,"settlementPlateauShare":0.0,"landformTypeZh":"盆地县","donorBasin":1,"donorMountain":0,"donorPlateau":0,"labelEn":"Suining","landformTypeEn":"Basin county"}},{"type":"Feature","geometry":{"type":"MultiPolygon","coordinates":[[[[105.61522427000006,30.980123640000272],[105.62451932999994,30.976181360000226],[105.64312894999995,30.947459060000142],[105.65633120000007,30.944766110000273],[105.6562263400001,30.930244710000125],[105.62155927999999,30.916663170000106],[105.60855815000002,30.920059310000056],[105.60180550999996,30.905417910000097],[105.59422027,30.906942300000082],[105.58302456000001,30.85683103000008],[105.56971034000009,30.83996082000027],[105.57525618000011,30.822264959999984],[105.55335911000003,30.82657561999997],[105.56346116999993,30.807858720000127],[105.54393805000001,30.806840940000313],[105.53514968000007,30.791386270000203],[105.51403132999997,30.785803919999978],[105.52472539000001,30.767483250000055],[105.51923044000011,30.756319959999928],[105.50607207999991,30.767989980000266],[105.50081159000007,30.75316091000002],[105.47850208999995,30.744913989999986],[105.47326650000002,30.735443909999958],[105.43694231999996,30.726871740000206],[105.43295734999992,30.691397310000298],[105.40959357000003,30.678983430000244],[105.39660459999999,30.684697280000137],[105.3858045500001,30.66249473000005],[105.36394275000009,30.66044348999992],[105.36405664000011,30.640629840000145],[105.34842113000013,30.63555476000016],[105.34557339000008,30.6547305200001],[105.31289116000005,30.65639718],[105.30612067999999,30.666999940000096],[105.28857053000002,30.66804807999995],[105.28263329000015,30.6621587300001],[105.2777378400001,30.667873090000057],[105.28269463000004,30.68872169000008],[105.29099159999998,30.69175875999997],[105.29240716000004,30.70071444000007],[105.2677570400001,30.709990300000186],[105.24124100000012,30.669831070000043],[105.21611474000002,30.685050950000118],[105.21073286000006,30.678207840000198],[105.20974379000012,30.69143155000029],[105.19762735,30.691447319999952],[105.19507492000002,30.70209029000023],[105.20773888999997,30.729758639999943],[105.21697335000005,30.730189390000078],[105.21188794000005,30.73718920000016],[105.24069520000006,30.728648369999917],[105.24529517000002,30.741718460000072],[105.25937225000001,30.744259930000055],[105.26919758000008,30.756027360000076],[105.25708134000001,30.82535923000023],[105.22896940999993,30.848734920000254],[105.2253406700001,30.87982484000031],[105.21781568000011,30.887527710000086],[105.212175,30.88137096000014],[105.20068258000003,30.885169270000006],[105.19134314999997,30.896604850000074],[105.20588192999998,30.91180746999993],[105.19113469999996,30.91945238000011],[105.18963260000004,30.93435722000021],[105.17400016999994,30.959344529999953],[105.19124708000004,30.96792454000024],[105.19189877999997,30.982910970000148],[105.17134342000008,31.048246560000052],[105.19085731000013,31.06484054000009],[105.1965679000001,31.080248350000033],[105.18932059999997,31.089901050000094],[105.19499770000004,31.098835650000183],[105.20820851000013,31.098114460000204],[105.2206022900001,31.109980960000257],[105.2378333800001,31.10417995000006],[105.28823244000012,31.106386250000185],[105.32097343999999,31.120227960000022],[105.31593007999999,31.1298714900002],[105.32236172000012,31.14150511000014],[105.32620788000003,31.131893719999994],[105.34082590000003,31.128094220000037],[105.33851635000008,31.139910260000192],[105.35034041999995,31.162754720000123],[105.36801530000008,31.159695719999945],[105.37759124999997,31.155001210000023],[105.38490181000003,31.11583737000001],[105.40451506000011,31.090644690000147],[105.40704175000008,31.074708280000152],[105.4229994000001,31.078659780000066],[105.43024042000002,31.06847746000028],[105.45151147000001,31.061980890000086],[105.47105355000008,31.065916510000307],[105.48523046000014,31.038508480000075],[105.5017845700001,31.03896462],[105.50091576999995,31.028858770000113],[105.53088864999995,31.029490820000206],[105.54257052000003,31.01610398999992],[105.56243737999995,31.013746170000104],[105.56873895000001,30.99266228000016],[105.59236335999998,30.975162790000127],[105.61522427000006,30.980123640000272]]],[[[105.24422715000009,30.67165366000023],[105.24318914000003,30.671782500000234],[105.24309022,30.671998389999942],[105.24358574999997,30.672069419999957],[105.24422715000009,30.67165366000023]]]]},"properties":{"nameZh":"射洪县","nameEn":"Suining","code":"510922000000","severity":"general","severityZh":"一般灾区","severityEn":"Generally affected","disasterTypeZh":"一般灾区","landformBasinShare":1.0,"landformMountainShare":0.0,"landformPlateauShare":0.0,"settlementBasinShare":1.0,"settlementMountainShare":0.0,"settlementPlateauShare":0.0,"landformTypeZh":"盆地县","donorBasin":1,"donorMountain":0,"donorPlateau":0,"labelEn":"Suining","landformTypeEn":"Basin county"}},{"type":"Feature","geometry":{"type":"Polygon","coordinates":[[[105.20773888999997,30.729758639999943],[105.19503093000014,30.701365560000113],[105.19878119000009,30.690442580000138],[105.21003891000004,30.691125059999933],[105.21073286000006,30.678207840000198],[105.21611474000002,30.685050950000118],[105.24174456000003,30.669982099999913],[105.2677570400001,30.709990300000186],[105.29240716000004,30.70071444000007],[105.29099159999998,30.69175875999997],[105.28269463000004,30.68872169000008],[105.27847523999998,30.66539535000004],[105.30586944999999,30.667050370000197],[105.31289116000005,30.65639718],[105.34509579999997,30.65498625000015],[105.34842113000013,30.63555476000016],[105.36548808000009,30.642134350000276],[105.3642819000001,30.660777900000085],[105.3858045500001,30.66249473000005],[105.39660459999999,30.684697280000137],[105.40959357000003,30.678983430000244],[105.43304424000002,30.69455497000007],[105.44997391999993,30.69100495000015],[105.45458381999998,30.680208220000168],[105.42864240999995,30.66462826999998],[105.44073686000007,30.66027034000001],[105.45655197000013,30.67379073000012],[105.47616226999997,30.674598860000003],[105.48856350000005,30.645026960000166],[105.45178850000002,30.632915410000066],[105.44354034000003,30.615299400000026],[105.42622820000008,30.62503397000006],[105.42183514999999,30.60807975000006],[105.40526926000001,30.596558160000143],[105.40913310000013,30.58827474000026],[105.38843429000008,30.568039930000054],[105.40286431999994,30.55213051999999],[105.40101506000008,30.544740710000156],[105.37541160000012,30.550134179999986],[105.37514296000006,30.5361890100001],[105.35958476000013,30.52452253000007],[105.36639115000003,30.51926497000011],[105.3557135800001,30.49843905],[105.31857679000012,30.48681463000014],[105.32676190000006,30.481437350000192],[105.31644108,30.46088841000028],[105.2779460800001,30.476257890000056],[105.27690444000007,30.45951329000019],[105.25508423999997,30.449472600000036],[105.24170121000003,30.45973622000014],[105.23201457000005,30.480241550000187],[105.2081459800001,30.477433870000027],[105.19935392000002,30.484632460000228],[105.19313924000011,30.470021390000284],[105.18222741,30.473584510000023],[105.16387729000013,30.46389577000025],[105.16375568000001,30.47275230000008],[105.15715003000003,30.474563610000246],[105.10780356000004,30.43593891000006],[105.07121775000002,30.43199092000009],[105.06567382000014,30.435390780000205],[105.07008086999991,30.44431940999999],[105.07083598000003,30.444838460000312],[105.07183855000005,30.4447374100003],[105.07713073000008,30.4425390400001],[105.08675863999997,30.444857880000143],[105.08957598,30.450737650000065],[105.07318028000003,30.482963539999957],[105.08082924000001,30.497049479999987],[105.06284053000002,30.511592970000038],[105.05611997999995,30.527283790000297],[105.0979414300001,30.578865819999976],[105.09156867000007,30.585961280000163],[105.09360941,30.596565090000183],[105.10916676000005,30.599566209999978],[105.11961209000009,30.617002700000285],[105.11667697000007,30.62421806000009],[105.12802392999993,30.621194469999978],[105.13693982000012,30.63810983999997],[105.15044849000014,30.64268303],[105.13814645000014,30.65744341000004],[105.13962277000007,30.668210960000124],[105.15775750000006,30.675029100000074],[105.16531741000011,30.68703268000013],[105.17189841999999,30.701444350000088],[105.16533621000002,30.70884250000006],[105.16715029000005,30.723076050000202],[105.18095240000002,30.722633000000144],[105.19910199999998,30.73383627999999],[105.20773888999997,30.729758639999943]],[[105.24422715000009,30.67165366000023],[105.24358574999997,30.672069419999957],[105.24309022,30.671998389999942],[105.24318914000003,30.671782500000234],[105.24422715000009,30.67165366000023]],[[105.07175576999992,30.444401580000033],[105.07169589999995,30.444623590000106],[105.07131283000007,30.444657980000102],[105.07152134000012,30.444405820000213],[105.07175576999992,30.444401580000033]],[[105.07087989000013,30.444423500000255],[105.07074023000013,30.44448664000015],[105.07034121999999,30.44436011000016],[105.07067940000007,30.444104789999983],[105.07087989000013,30.444423500000255]]]},"properties":{"nameZh":"大英县","nameEn":"Suining","code":"510923000000","severity":"general","severityZh":"一般灾区","severityEn":"Generally affected","disasterTypeZh":"一般灾区","landformBasinShare":1.0,"landformMountainShare":0.0,"landformPlateauShare":0.0,"settlementBasinShare":1.0,"settlementMountainShare":0.0,"settlementPlateauShare":0.0,"landformTypeZh":"盆地县","donorBasin":1,"donorMountain":0,"donorPlateau":0,"labelEn":"Suining","landformTypeEn":"Basin county"}},{"type":"Feature","geometry":{"type":"Polygon","coordinates":[[[101.85160755999999,32.333563760000004],[101.86044250000003,32.32901024000023],[101.8554989800001,32.30808592000017],[101.86362373999998,32.300181280000004],[101.88662644000004,32.30978847000017],[101.91100377999999,32.289739480000094],[101.93734951000005,32.29159842000024],[101.9423392600001,32.28443618000006],[101.95688610000008,32.288071800000296],[101.96658601000007,32.31373517000003],[101.98501057000004,32.33047778000014],[101.96340864000007,32.34073932000007],[101.95703228000008,32.35736713000006],[101.9693685200001,32.361632770000256],[102.01864062999994,32.349248219999936],[102.03342377000007,32.33868282000009],[102.07319120000011,32.352009469999985],[102.08762814000005,32.34303404000025],[102.10354855000014,32.317582680000044],[102.13255240000007,32.302603770000076],[102.16005227000005,32.30476990000005],[102.1930806900001,32.317631960000085],[102.21813944999997,32.30618648000001],[102.24038576999993,32.31827034999992],[102.25266658999999,32.30142011999999],[102.25955726000012,32.24955634000008],[102.28602269999999,32.249832620000234],[102.29645503,32.23154720000002],[102.32159310999998,32.23842630000007],[102.34871835000013,32.22838446000003],[102.3617134000001,32.2133777100002],[102.35144301000014,32.17778893000025],[102.35552274000003,32.16987387000029],[102.40421307000008,32.13839579000006],[102.43617002000008,32.12847970000013],[102.4506230500001,32.1098294600003],[102.46571959000005,32.10288748000022],[102.48945733,32.058347800000035],[102.46237338999993,32.03930025],[102.46409192000004,32.02169527000001],[102.52356960999998,32.00465868000009],[102.56239385000015,31.956869010000105],[102.56957188000007,31.937217870000268],[102.60218998000005,31.958287020000057],[102.63935578000013,31.961714190000066],[102.64454474000013,31.941115870000203],[102.65385908000002,31.93915920000012],[102.65044105999999,31.926826360000064],[102.65990117000007,31.920748650000235],[102.65520157000009,31.913691700000072],[102.67027013000006,31.879823520000173],[102.67278033000008,31.853718040000047],[102.65961156000009,31.84634658000016],[102.64211516,31.802572880000298],[102.64660141000013,31.75422166000004],[102.63280843000001,31.673750480000137],[102.60752431000003,31.65227742999997],[102.59959122999999,31.611523110000007],[102.56045524999996,31.59377212999999],[102.54028380000005,31.600271510000027],[102.5344339400001,31.622681420000276],[102.48764049999994,31.61064658000015],[102.47370892000009,31.660487930000045],[102.43857716000014,31.65883217999999],[102.42178068000004,31.67496208],[102.38132882000002,31.69319724000013],[102.34182113999998,31.69858079000005],[102.32820032000012,31.715644110000028],[102.28289817000007,31.689804200000253],[102.26645884000004,31.695609560000264],[102.24270966,31.684847540000305],[102.20706955000009,31.681756870000015],[102.20233873000001,31.674380540000243],[102.20789091,31.658018510000034],[102.18635187000007,31.647051679999947],[102.17738712999994,31.654548630000136],[102.14663719999999,31.651798439999993],[102.0994024200001,31.635035749999986],[102.05452778000011,31.64156974000008],[102.03020203,31.659041400000092],[102.02796168000009,31.70039036000003],[101.99658853000005,31.754054670000073],[101.98030450000005,31.76674333000011],[101.95331761,31.77187677000012],[101.93233818000004,31.790612660000306],[101.86525868000007,31.814160570000183],[101.84635283000006,31.841306830000065],[101.81287174000005,31.845621140000162],[101.78180269000012,31.839359110000203],[101.75778190000005,31.846224030000144],[101.73574819000004,31.83566041000006],[101.71941959000009,31.838482630000158],[101.70096402000001,31.831046500000014],[101.69472174000009,31.86159298000007],[101.67677862,31.875192509999977],[101.66489488000013,31.895546820000106],[101.61470568000004,31.910646729999996],[101.5825242300001,31.937983550000013],[101.48973698000009,31.97107374000001],[101.48310691,31.970981240000185],[101.47358837000007,31.948235700000055],[101.46315455000013,31.950335710000104],[101.44577833,31.93487300000004],[101.43569590999994,31.949147780000033],[101.42492956999996,31.942543880000017],[101.41491316000008,31.950815149999983],[101.40098016000013,31.94491603],[101.38452503000002,31.96165649000011],[101.37914719000003,31.99132793000001],[101.34319970000001,31.984884970000053],[101.32951097000006,31.994875040000068],[101.32535315000007,32.01149796000021],[101.29118757999993,32.006234710000285],[101.28298568000008,32.010579840000275],[101.28272562000001,32.025710890000255],[101.30012950000014,32.066489370000056],[101.32923022000006,32.08725064999993],[101.34384806000003,32.11755804000029],[101.38248778000002,32.15430737999998],[101.39978087999998,32.190496110000026],[101.41412213000001,32.19788852000005],[101.43619054000004,32.23806664999995],[101.46210492000012,32.25819128000012],[101.47518678,32.28165608000023],[101.47875426999997,32.30401473000029],[101.46858056999997,32.334780089999924],[101.41775102000003,32.357742690000066],[101.41447750000009,32.37135425000008],[101.44398595000001,32.39230717000021],[101.45789288000014,32.38068920000029],[101.47621936000002,32.378567880000276],[101.49942205000008,32.39716112999997],[101.52990798000008,32.407746640000084],[101.54054061,32.39598137000007],[101.56724847000004,32.38626621000003],[101.57805943999995,32.36902994000013],[101.59548758000011,32.363146210000025],[101.61064555000002,32.34608861000004],[101.62785663000011,32.35164058000021],[101.65707507000002,32.345857060000014],[101.68421311999998,32.350029699999936],[101.70542305000004,32.31787837000002],[101.70394366,32.309699150000256],[101.71733326999993,32.31473184000009],[101.73042685999991,32.34465096000008],[101.73155638000014,32.36726121999999],[101.74686807000012,32.37334669000029],[101.77188734000003,32.3584558900003],[101.79680644000007,32.36758635000007],[101.82363958000013,32.33741137000004],[101.83266388000004,32.34352236000012],[101.84160629000007,32.33241353000005],[101.85160755999999,32.333563760000004]]]},"properties":{"nameZh":"马尔康市","nameEn":"马尔康市","code":"513201000000","severity":"general","severityZh":"一般灾区","severityEn":"Generally affected","disasterTypeZh":"一般灾区","landformBasinShare":0.0,"landformMountainShare":0.10966570866737256,"landformPlateauShare":0.8903342913326274,"settlementBasinShare":0.0,"settlementMountainShare":0.8461538461538461,"settlementPlateauShare":0.15384615384615385,"landformTypeZh":"高原县","donorBasin":0,"donorMountain":0,"donorPlateau":1,"labelEn":"","landformTypeEn":"Plateau county"}},{"type":"Feature","geometry":{"type":"Polygon","coordinates":[[[103.74429650000013,31.41837049000003],[103.73762093000005,31.401080659999934],[103.69860089000002,31.393401719999986],[103.66587625000011,31.356469330000095],[103.63520002999996,31.35383859000001],[103.62503014999999,31.34653427000012],[103.60337243999999,31.35384139000024],[103.59334777999993,31.34452461000012],[103.56755519999996,31.34086934000021],[103.56831807000003,31.31475240000003],[103.57771641999994,31.29370879000004],[103.56709683000008,31.264454510000007],[103.57937009,31.249064320000286],[103.57472559999997,31.218318150000073],[103.58120212000006,31.193886750000104],[103.56278622000008,31.17748830000005],[103.55515800000006,31.15156702000013],[103.52358272999999,31.103540730000077],[103.52651913999995,31.092671560000156],[103.51834192999996,31.082324700000072],[103.51798259000009,31.06594374000025],[103.5024344900001,31.042958029999966],[103.51501542000011,31.032588019999935],[103.51666549000004,30.977095520000034],[103.46280518999993,30.94388276000018],[103.45237054000006,30.927039840000134],[103.45165022000015,30.90066139999999],[103.44141940000009,30.886874880000278],[103.40710069000005,30.86725705000015],[103.38144335000004,30.865367320000075],[103.35225234000012,30.853222640000126],[103.33541352000003,30.827088150000293],[103.30307341000014,30.812987210000074],[103.25625382999993,30.844904360000214],[103.22794971000002,30.838906840000107],[103.17350819,30.84935400000012],[103.12177156000013,30.79514322],[103.07523666000003,30.816630879999934],[102.96103084999993,30.772312419999935],[102.8993091800001,30.76735136000002],[102.87238415000007,30.786243679999984],[102.8615686600001,30.80948471000022],[102.88786062999998,30.86856732000001],[102.88543830000015,30.90728995000029],[102.9079633500001,30.921585030000188],[102.90108031000011,30.958226249999996],[102.91779738000002,30.969988540000145],[102.91680782000003,31.0018419700001],[102.95422616000002,31.029734070000075],[102.97337344999994,31.08619155000008],[102.95912947,31.10515465000003],[102.91916859000014,31.097881260000065],[102.90418761000001,31.105605820000278],[102.9125201,31.140935110000044],[102.89111582000004,31.1917163600001],[102.91122846000007,31.234479600000213],[102.94269011999995,31.251113770000018],[102.95744308000013,31.249661979999985],[102.96143534000004,31.263733270000216],[102.97625441000014,31.25944722000014],[103.00362064000007,31.323028640000018],[103.01760306000006,31.315293730000064],[103.02950968000005,31.2909677800003],[103.06080593000013,31.26892729000008],[103.08405395000005,31.267628160000243],[103.11281467999993,31.29155324000004],[103.14190346999999,31.284282379999922],[103.14997597999997,31.288579089999985],[103.16628232000005,31.32055879000012],[103.19378636000005,31.33190489000009],[103.20584385000006,31.370859950000067],[103.24423114000012,31.369770220000134],[103.29002324000004,31.407932450000033],[103.33281679999993,31.413953769999978],[103.36138946000011,31.407638290000023],[103.37937176000008,31.429296330000227],[103.40515526000002,31.43180637000006],[103.40023739000009,31.452419420000126],[103.45991486000008,31.483533300000204],[103.50728372000003,31.549738050000258],[103.49248024999997,31.563938880000023],[103.49331220000005,31.623612920000255],[103.50441239999998,31.658010100000013],[103.47616640000001,31.67849412000004],[103.47535919,31.70025664000019],[103.51749476000003,31.718131169999936],[103.53209985000001,31.711617880000176],[103.54614403999994,31.714600810000036],[103.59385437999993,31.690685169999938],[103.60267287000005,31.670726710000054],[103.64167518,31.66835359999999],[103.64414060000007,31.646914540000182],[103.61073120000009,31.584068690000038],[103.61419328000005,31.55725866000006],[103.65406889999997,31.5136877300003],[103.67874246000008,31.528615310000134],[103.69333008000001,31.47171186999998],[103.71708051999997,31.440059000000247],[103.74429650000013,31.41837049000003]]]},"properties":{"nameZh":"汶川县","nameEn":"Wenchuan County","code":"513221000000","severity":"extreme","severityZh":"极重灾区","severityEn":"Extremely affected","disasterTypeZh":"极重灾区","landformBasinShare":0.0,"landformMountainShare":0.59642682329907,"landformPlateauShare":0.40357317670093,"settlementBasinShare":0.0,"settlementMountainShare":1.0,"settlementPlateauShare":0.0,"landformTypeZh":"混合县","donorBasin":0,"donorMountain":1,"donorPlateau":1,"labelEn":"Wenchuan County","population10k":11,"intensity":8.89,"deathsMissing":23871,"deathMissingRatePer10k":2170,"collapsedHousing":608198,"collapsedHousingPer10k":55291,"affectedResidentialSites":162,"affectedRoads":307,"threatenedRiverBlockages":161,"threatenedBridges":2,"threatenedReservoirs":0,"destroyedLandAreaKm2":4,"geologicalHazardRisk":1.78,"resettlementRatePer10k":10223,"compositeImpactIndex":0.8675,"damageIndexName":"Wenchuan","damageIndexLevelEn":"Extremely severely affected area","damageIndexSource":"damage index.xlsx","landformTypeEn":"Mixed landform county"}},{"type":"Feature","geometry":{"type":"Polygon","coordinates":[[[102.94057413000007,31.877736949999985],[102.95915725999998,31.859979700000167],[102.96822813,31.868332260000102],[102.99199988999993,31.87271142000003],[103.00840227000015,31.85269335999999],[103.02959645999994,31.85567050999998],[103.03460111999999,31.843413070000054],[103.02990138000013,31.82905427000003],[103.05262304000001,31.81398035000001],[103.08067626000002,31.8069793100002],[103.14541957000012,31.807635979999986],[103.16571173000006,31.770720990000257],[103.1986841800001,31.766914420000035],[103.20722827000003,31.755508300000088],[103.23767398000007,31.753101300000253],[103.26319962000002,31.76713658999995],[103.28412637000008,31.768091950000155],[103.31693680000001,31.747753120000027],[103.36226764000008,31.76614020000011],[103.43345636000004,31.747426029999986],[103.44448058000006,31.725211979999983],[103.47535919,31.70025664000019],[103.47616640000001,31.67849412000004],[103.50441239999998,31.658010100000013],[103.49331220000005,31.623612920000255],[103.49248024999997,31.563938880000023],[103.50782220000002,31.553175390000092],[103.46107455000009,31.48460196999997],[103.40023739000009,31.452419420000126],[103.40515526000002,31.43180637000006],[103.37937176000008,31.429296330000227],[103.36138946000011,31.407638290000023],[103.33281679999993,31.413953769999978],[103.29002324000004,31.407932450000033],[103.24423114000012,31.369770220000134],[103.20584385000006,31.370859950000067],[103.19378636000005,31.33190489000009],[103.16628232000005,31.32055879000012],[103.16731115000005,31.312739550000117],[103.14608525000011,31.285698610000054],[103.11281467999993,31.29155324000004],[103.08405395000005,31.267628160000243],[103.06080593000013,31.26892729000008],[103.02950968000005,31.2909677800003],[103.01760306000006,31.315293730000064],[103.00362064000007,31.323028640000018],[102.97941936999996,31.263111570000092],[102.97425448000001,31.258663210000293],[102.96143534000004,31.263733270000216],[102.95744308000013,31.249661979999985],[102.94269011999995,31.251113770000018],[102.9126695000001,31.23657890999999],[102.89111582000004,31.1917163600001],[102.80832850000002,31.214472049999983],[102.80816186000004,31.22534679000023],[102.82871067999997,31.246477350000077],[102.8083337600001,31.26271384000006],[102.74845066000012,31.27529789000016],[102.75397163000002,31.321390890000032],[102.70096019000005,31.36461536000013],[102.68512770000012,31.40347450000013],[102.68107497,31.44011133999993],[102.65636285000005,31.449581260000116],[102.68031990000003,31.498306420000233],[102.66532173000007,31.5298322700001],[102.66240540000001,31.557539420000012],[102.64533244000012,31.58056796000011],[102.61169007000007,31.566143589999967],[102.59817599000013,31.607981290000055],[102.60619649000012,31.62202523999997],[102.60752431000003,31.65227742999997],[102.63280843000001,31.673750480000137],[102.64660141000013,31.75422166000004],[102.64211516,31.802572880000298],[102.65961156000009,31.84634658000016],[102.67595366000012,31.85824592000006],[102.67917305000003,31.886811070000135],[102.70132895,31.872446090000096],[102.71832739000013,31.891941770000074],[102.74458228999998,31.892624220000243],[102.78522403000005,31.912225650000096],[102.81834952999992,31.90369433000029],[102.86271383999997,31.905750060000003],[102.88788371999993,31.880898939999952],[102.92511860000008,31.873638529999994],[102.94057413000007,31.877736949999985]]]},"properties":{"nameZh":"理县","nameEn":"Li County","code":"513222000000","severity":"severe","severityZh":"重灾区","severityEn":"Severely affected","disasterTypeZh":"重灾区","landformBasinShare":0.0,"landformMountainShare":0.3242557119778445,"landformPlateauShare":0.6757442880221556,"settlementBasinShare":0.0,"settlementMountainShare":0.9855072463768116,"settlementPlateauShare":0.014492753623188406,"landformTypeZh":"混合县","donorBasin":0,"donorMountain":1,"donorPlateau":1,"labelEn":"Li County","population10k":4,"intensity":7.38,"deathsMissing":123,"deathMissingRatePer10k":31,"collapsedHousing":296045,"collapsedHousingPer10k":74011,"affectedResidentialSites":25,"affectedRoads":141,"threatenedRiverBlockages":114,"threatenedBridges":0,"threatenedReservoirs":0,"destroyedLandAreaKm2":1,"geologicalHazardRisk":0.81,"resettlementRatePer10k":12792,"compositeImpactIndex":0.3871,"damageIndexName":"Lixian","damageIndexLevelEn":"Extremely severely affected area","damageIndexSource":"damage index.xlsx","landformTypeEn":"Mixed landform county"}},{"type":"Feature","geometry":{"type":"Polygon","coordinates":[[[103.81240861000003,32.11259532999998],[103.80976007999993,32.10036092000024],[103.82259353000006,32.072929320000014],[103.81413749000012,32.05557355999997],[103.79352919999991,32.04827913000008],[103.77325849999994,32.02464472000014],[103.77377938000006,32.01512488000009],[103.75868228000007,32.00489725000011],[103.74720458000002,31.957039590000022],[103.76127658999997,31.94865784000001],[103.81570757999998,31.94215704999999],[103.85982860000001,31.919447440000226],[103.87474034000013,31.92028390000013],[103.88060899000004,31.929858360000082],[103.91796596000012,31.94492200999997],[103.94324879999999,31.92288796000014],[103.94430780000005,31.909953900000232],[103.95546106000006,31.90589607000021],[103.95403715000003,31.883331230000124],[103.96458317000003,31.880819850000194],[103.97321930999999,31.858318620000034],[104.01386861999998,31.86482583000003],[104.02543163000013,31.8500538400001],[104.04811509000007,31.848631780000233],[104.05853325999999,31.83110699000025],[104.08060197000003,31.84068616000002],[104.12429686999997,31.831520000000125],[104.13033054000005,31.817980680000062],[104.14310023000002,31.816291080000042],[104.14469747000004,31.824440229999993],[104.14966327000002,31.817940380000096],[104.15661669999997,31.820851290000064],[104.14928086999998,31.812148639999975],[104.15600853000012,31.800631460000034],[104.14992375000008,31.796451930000273],[104.1660259300001,31.788936930000204],[104.16693740000005,31.773527140000056],[104.17349117000015,31.768813749999993],[104.16783962000005,31.763045239999997],[104.16856035,31.73440568000001],[104.1459821200001,31.729811340000026],[104.13746526000006,31.715739260000305],[104.11725525999998,31.709042280000233],[104.10055230999996,31.712304410000115],[104.09717513999999,31.699871729999927],[104.08333463000002,31.69011123000007],[104.04321732,31.70048927000005],[104.01364095999998,31.680703510000058],[103.98704353,31.68457906000009],[103.96058657000015,31.658892229999992],[103.92615395000007,31.641899369999976],[103.92790740000004,31.635772050000014],[103.91629453000002,31.624927570000125],[103.92119860000003,31.6056683500002],[103.90531429000009,31.56684837000023],[103.91867953999997,31.539306010000246],[103.89613857000012,31.515257420000125],[103.85261830000007,31.540421940000215],[103.83999747999997,31.513213180000093],[103.82556199999999,31.511520610000048],[103.79421455999994,31.47570593000023],[103.79964828999994,31.432079060000262],[103.78346727999997,31.436298840000177],[103.74429650000013,31.41837049000003],[103.71708051999997,31.440059000000247],[103.69333008000001,31.47171186999998],[103.67874246000008,31.528615310000134],[103.65406889999997,31.5136877300003],[103.6203384000001,31.544193230000133],[103.61073120000009,31.584068690000038],[103.64414060000007,31.646914540000182],[103.64167518,31.66835359999999],[103.60267287000005,31.670726710000054],[103.59385437999993,31.690685169999938],[103.56749000000008,31.70747312000026],[103.51749476000003,31.718131169999936],[103.47535919,31.70025664000019],[103.44448058000006,31.725211979999983],[103.43345636000004,31.747426029999986],[103.36226764000008,31.76614020000011],[103.31693680000001,31.747753120000027],[103.28412637000008,31.768091950000155],[103.26319962000002,31.76713658999995],[103.23767398000007,31.753101300000253],[103.20722827000003,31.755508300000088],[103.1986841800001,31.766914420000035],[103.16571173000006,31.770720990000257],[103.14541957000012,31.807635979999986],[103.08067626000002,31.8069793100002],[103.05262304000001,31.81398035000001],[103.02990138000013,31.82905427000003],[103.03460111999999,31.843413070000054],[103.02959645999994,31.85567050999998],[103.00840227000015,31.85269335999999],[102.99199988999993,31.87271142000003],[102.96822813,31.868332260000102],[102.95915725999998,31.859979700000167],[102.94057413000007,31.877736949999985],[102.97473317000004,31.926169580000078],[103.00767424999992,31.93083223000002],[103.05528830999992,31.956476000000293],[103.08905759999999,31.9583004000001],[103.09730489000009,31.964842929999975],[103.11196934999998,31.96033412999992],[103.13579321999998,31.9715244800002],[103.18365417000012,31.931210330000226],[103.21603642000002,31.934708260000093],[103.24305827000006,31.914085190000094],[103.26138374000004,31.91743274000015],[103.29588863000004,31.891161000000125],[103.33318049000002,31.903056730000117],[103.35263320000001,31.889277690000085],[103.37826399000011,31.88926547000017],[103.40561513000006,31.89955659000003],[103.41610475000004,31.890348590000258],[103.44690107999998,31.89965340000026],[103.48001571000003,31.898122750000084],[103.48659698000012,31.922466580000275],[103.4763627000001,31.95705436999998],[103.49978284000008,31.99233277000002],[103.49375157000003,32.036888509999926],[103.4479635400001,32.08902275000003],[103.43416026000006,32.12292352999992],[103.41847135000012,32.13800622000019],[103.38749224000014,32.14737980000001],[103.38899476000012,32.163436109999964],[103.37009473000006,32.17576607000001],[103.37403194000007,32.18370110000001],[103.40875898000013,32.197869160000096],[103.46878248999997,32.25992779000006],[103.48932229999997,32.25983313000006],[103.52116137000002,32.22829494000024],[103.53496213000005,32.24962281000029],[103.58726644000001,32.231250100000125],[103.63542111999999,32.23938417000028],[103.65804980000001,32.218660060000275],[103.66864024,32.167952740000146],[103.67887474999998,32.15734221000008],[103.69632263,32.14936954000018],[103.76738773000005,32.14521498999994],[103.81240861000003,32.11259532999998]]]},"properties":{"nameZh":"茂县","nameEn":"Mao County","code":"513223000000","severity":"extreme","severityZh":"极重灾区","severityEn":"Extremely affected","disasterTypeZh":"极重灾区","landformBasinShare":0.0,"landformMountainShare":0.5904761904761905,"landformPlateauShare":0.4095238095238095,"settlementBasinShare":0.0,"settlementMountainShare":0.9908675799086758,"settlementPlateauShare":0.0091324200913242,"landformTypeZh":"混合县","donorBasin":0,"donorMountain":1,"donorPlateau":1,"labelEn":"Mao County","population10k":11,"intensity":7.91,"deathsMissing":4088,"deathMissingRatePer10k":372,"collapsedHousing":300229,"collapsedHousingPer10k":27294,"affectedResidentialSites":138,"affectedRoads":294,"threatenedRiverBlockages":76,"threatenedBridges":13,"threatenedReservoirs":0,"destroyedLandAreaKm2":0,"geologicalHazardRisk":2.2,"resettlementRatePer10k":12824,"compositeImpactIndex":0.5107,"damageIndexName":"Maoxian","damageIndexLevelEn":"Extremely severely affected area","damageIndexSource":"damage index.xlsx","landformTypeEn":"Mixed landform county"}},{"type":"Feature","geometry":{"type":"Polygon","coordinates":[[[103.95208372000002,32.90761818000021],[103.95103392000004,32.90167133000023],[103.95846332999997,32.90053388000007],[103.95578084000005,32.89067957000026],[103.99154255000008,32.88151925000011],[103.99160323999996,32.86209614000029],[103.97511927999994,32.853702990000215],[103.96917444000013,32.84191962000011],[103.99784381000012,32.81692717000027],[104.02991917999998,32.82244774000014],[104.03407706999991,32.836044079999965],[104.06191791000009,32.84440340000009],[104.07461006000005,32.85889406000001],[104.09928558999997,32.84927429000004],[104.10376414000001,32.80425178000007],[104.11868802000004,32.80189873000006],[104.14413283000005,32.76560697000002],[104.12749046000005,32.73236792000017],[104.15330747999991,32.71359665000011],[104.17975694000006,32.67022198000001],[104.17566807000014,32.611362780000036],[104.16597076,32.58289075000005],[104.17224628000002,32.533553909999966],[104.1604670700001,32.525452740000276],[104.16245443000003,32.51374698000001],[104.14537928999994,32.49365754000013],[104.14187238000005,32.475918860000036],[104.09310076000003,32.469363200000146],[104.12908521000003,32.49323357000003],[104.13243716000005,32.521409310000024],[104.08165228000007,32.571243140000206],[104.05954006999997,32.63637630000005],[104.03422549999993,32.65368524000007],[104.00869512000003,32.643037700000036],[103.98879973999999,32.65024323000006],[103.9222531900001,32.63798331000015],[103.90735051000001,32.644328090000045],[103.88775213000008,32.64114668000002],[103.87537427999996,32.62377096],[103.85089744999999,32.61604903],[103.84265959999999,32.58758430000029],[103.90540641000007,32.511288080000156],[103.90227233000013,32.47319951999992],[103.91290461,32.43681841999995],[103.90299324000006,32.424089350000145],[103.88754316,32.36530547000001],[103.90213375000002,32.35037647000024],[103.89585895000005,32.34375526000002],[103.91169921000011,32.33240405999999],[103.91807857999999,32.31816719000011],[103.97949581000006,32.30796920000029],[104.01894840999995,32.26948733000006],[104.02623989,32.25293431],[104.0662440100001,32.25103587000012],[104.08514380999998,32.23461197000012],[104.1284055000001,32.225161860000185],[104.13553322999991,32.23989134999994],[104.15940631000007,32.25175678000028],[104.15732189000005,32.26217507000024],[104.17111590000007,32.28900512000024],[104.16813868999998,32.29893120000014],[104.17694003000003,32.309834340000236],[104.21041003000005,32.29991021000012],[104.20694741000005,32.28732778],[104.24504175000004,32.25172437000026],[104.25503029999993,32.21703585],[104.21926279000013,32.21763871999997],[104.15972620000008,32.18350666000009],[104.15397959000012,32.16107221000016],[104.1389706700001,32.15042912000007],[104.15030757000005,32.12804024000019],[104.12480240000002,32.14228157000008],[104.09982587000007,32.13523922000002],[104.09795039,32.12712930999993],[104.04287371999999,32.13337573000001],[103.99397488000011,32.12063347000003],[103.97239535,32.14324061000002],[103.93817146999999,32.14928045000005],[103.92040431000004,32.14555624000013],[103.89634503000013,32.158063120000236],[103.84992467999996,32.16417709000001],[103.85552363999994,32.13128664000021],[103.82582838000002,32.13347262000025],[103.82465675000009,32.116714929999944],[103.81240861000003,32.11259532999998],[103.76738773000005,32.14521498999994],[103.69632263,32.14936954000018],[103.67887474999998,32.15734221000008],[103.66864024,32.167952740000146],[103.65804980000001,32.218660060000275],[103.63542111999999,32.23938417000028],[103.58726644000001,32.231250100000125],[103.53496213000005,32.24962281000029],[103.52116137000002,32.22829494000024],[103.48115288999998,32.26220443000017],[103.45155046000008,32.246552430000065],[103.40875898000013,32.197869160000096],[103.37403194000007,32.18370110000001],[103.34397885999999,32.227836869999976],[103.37333863000003,32.262082650000025],[103.38273220000013,32.284948330000134],[103.37623050000008,32.327464169999985],[103.38046702999992,32.36192583000013],[103.34852030000002,32.41405166000004],[103.34832955000007,32.441556429999935],[103.3242844500001,32.459902820000025],[103.31182045999998,32.50047176999993],[103.31600494999998,32.53654019999999],[103.29060694999998,32.55347924000017],[103.27791787000012,32.59385174000016],[103.26347437999999,32.61300271000022],[103.25178549000009,32.594915170000036],[103.25070853999995,32.54537649000014],[103.22663031000008,32.514414680000016],[103.21886035000006,32.47254127000019],[103.18247306000012,32.43720157000024],[103.17229918999993,32.41429772999999],[103.13984229999994,32.41317923999998],[103.11765310000004,32.403553610000074],[103.09311006000007,32.40946071000019],[103.07645873000007,32.40521443],[103.06088480000005,32.409928229999935],[103.02558800999992,32.44035745000002],[103.01566614000001,32.42844880000007],[102.98805287000005,32.42808411000027],[102.92758843000013,32.387783960000036],[102.91489861999997,32.38681705000016],[102.88183819999995,32.40533298000025],[102.85264642999994,32.40375527000026],[102.83087708999994,32.42411815000003],[102.79703050000012,32.39949045999998],[102.73489924000012,32.37119714000005],[102.7141083200001,32.345709550000095],[102.67500958999995,32.31816931000009],[102.66197175999997,32.31189093000023],[102.64940258000007,32.32350144000003],[102.64704255000004,32.34522705000012],[102.67465528000014,32.40780410000025],[102.71157420000003,32.42887439000009],[102.72660180000014,32.4572072600003],[102.79145899000008,32.478454680000084],[102.77967077000011,32.51554882000005],[102.80043672,32.535296120000055],[102.8089007100001,32.558421640000006],[102.82950828000003,32.57494607999996],[102.81615013000004,32.626915110000255],[102.83174068,32.65685085000001],[102.86779006000006,32.67555697],[102.87739032000002,32.68975518000008],[102.92476484000008,32.69425324000008],[102.95225440000013,32.718469790000086],[102.96647273000008,32.77701846000008],[102.95091947999998,32.805108550000284],[102.96974746999996,32.86467398000025],[102.98151695999996,32.871348460000036],[103.02592699000007,32.860839080000005],[103.05218744000007,32.89257837000014],[103.09509131000004,32.911293520000015],[103.12245377000005,32.88548631000026],[103.12493379000011,32.869681869999965],[103.16261046,32.86172121999999],[103.16570270000005,32.844945129999985],[103.19125725000004,32.82665681000026],[103.21923330999999,32.82812904000002],[103.23240971000007,32.843058660000224],[103.26999566000006,32.86097559000012],[103.30258051999999,32.89346235000011],[103.3054322700001,32.94946287000016],[103.32079973000009,32.99031485000023],[103.34201830000012,33.0191659000003],[103.37715662000011,33.02365415000003],[103.37640469000007,33.049642830000266],[103.39400095000008,33.08339449000027],[103.45173383999997,33.091992420000054],[103.49116946000004,33.136255110000036],[103.50618674000003,33.13624396],[103.51780850000006,33.11878689000014],[103.53597551000007,33.14569539000007],[103.55113012000004,33.15122057999997],[103.56759470000003,33.14736935000002],[103.58852091000006,33.128228890000116],[103.63025194000005,33.14106070000014],[103.67116802000004,33.10296653],[103.66897040999993,33.06510913000005],[103.67930010000003,33.06191461000026],[103.68085753000008,33.05425401000002],[103.70262427000006,33.050398280000024],[103.71936396000007,33.03742279000028],[103.74607695999998,33.04657623999998],[103.79916688000009,33.04863905000013],[103.80092910000008,33.023438409999926],[103.81905716,33.01212939000021],[103.81521881000003,33.00509213000004],[103.82306265999995,33.0036927000001],[103.82395208000003,32.990379430000075],[103.83682991000006,32.97265850000002],[103.85507867000007,32.94941542000015],[103.87769913999995,32.94495951000005],[103.87465778,32.93419879000021],[103.89200791000013,32.9237842],[103.88729806999999,32.908419210000034],[103.90235012,32.906523460000244],[103.92192592999999,32.92241709000024],[103.95208372000002,32.90761818000021]]]},"properties":{"nameZh":"松潘县","nameEn":"Songpan County","code":"513224000000","severity":"severe","severityZh":"重灾区","severityEn":"Severely affected","disasterTypeZh":"重灾区","landformBasinShare":0.005765073264472736,"landformMountainShare":0.1836416046120586,"landformPlateauShare":0.8105933221234687,"settlementBasinShare":0.06097560975609756,"settlementMountainShare":0.7682926829268293,"settlementPlateauShare":0.17073170731707318,"landformTypeZh":"高原县","donorBasin":0,"donorMountain":0,"donorPlateau":1,"labelEn":"Songpan County","population10k":7,"intensity":6.55,"deathsMissing":38,"deathMissingRatePer10k":5,"collapsedHousing":32378,"collapsedHousingPer10k":4625,"affectedResidentialSites":37,"affectedRoads":16,"threatenedRiverBlockages":10,"threatenedBridges":0,"threatenedReservoirs":null,"destroyedLandAreaKm2":0,"geologicalHazardRisk":0.09,"resettlementRatePer10k":8119,"compositeImpactIndex":0.1894,"damageIndexName":"Songpan","damageIndexLevelEn":"Severely affected area","damageIndexSource":"damage index.xlsx","landformTypeEn":"Plateau county"}},{"type":"Feature","geometry":{"type":"Polygon","coordinates":[[[103.61853693801146,33.71722070673974],[103.61653944042314,33.72600309562222],[103.62315719100019,33.72918069800022],[103.63153321100009,33.72522746800013],[103.6263184450001,33.71427817700004],[103.63280537200006,33.71030387200011],[103.63689061400004,33.717625901000304],[103.64361305400013,33.71034532400017],[103.64940977134444,33.72317084507097],[103.65426013100006,33.71673492500014],[103.66380857600006,33.7214817250001],[103.66620279626636,33.71242368205776],[103.64768110500017,33.697463141000185],[103.66461144000004,33.70115893500008],[103.66652710900001,33.6875142790002],[103.67478737000005,33.694728301000225],[103.68511452600006,33.68824785500016],[103.688477982,33.69528170400008],[103.7662645440002,33.660404429000096],[103.85941609600013,33.68401612600019],[103.96865615400009,33.67222725800019],[104.0107029290001,33.684931829999925],[104.04967245700004,33.68681516200036],[104.10086102800011,33.66500564500012],[104.16598361000001,33.61333187000025],[104.179266998,33.58070877500006],[104.16547368000005,33.57261909000016],[104.15303750400017,33.542932237000116],[104.17816522400017,33.47479525300025],[104.21540309000017,33.441077890000145],[104.21826148700012,33.40638406100004],[104.22800236000006,33.402562611000235],[104.24725705399999,33.40879209400026],[104.26906035100006,33.394178941000234],[104.29314587500016,33.334676184000216],[104.32541820400007,33.33479146200034],[104.37120078900017,33.346501059000104],[104.43451324900019,33.324883395000256],[104.39074065435364,33.312580385487024],[104.40978250000006,33.28344002],[104.38309063000008,33.300221080000085],[104.34650454000001,33.30242081],[104.3310774900001,33.31715628000012],[104.3002396820001,33.30436911400028],[104.31851218200012,33.27784958000018],[104.32999389600013,33.20993275600023],[104.37510902700006,33.11093858100014],[104.35813625000003,33.101136840000095],[104.35668621400015,33.08943014000016],[104.36803268185571,33.08402521920425],[104.35890553000007,33.080597010000076],[104.33298909600018,33.04380149299999],[104.35744348700018,33.03031013100036],[104.39935710400005,33.03486700800016],[104.42413479800007,33.01632430100028],[104.38082180000015,32.99617424000007],[104.37567416331666,32.95509759369827],[104.34415818000008,32.94222028000007],[104.29832090999997,32.95288374000023],[104.28424614599999,32.94297606099997],[104.27455784670406,32.893408527857105],[104.24539461000012,32.87973111000014],[104.21694415000013,32.89913211000027],[104.20375576000015,32.920368680000024],[104.18828824000002,32.921024400000306],[104.16700356000001,32.95426320000013],[104.11670506000013,32.98859383000013],[104.11077562000014,33.001672460000066],[104.06508882000008,33.00547196000002],[104.02800321000007,33.03394323999993],[103.99864594000002,33.043867060000025],[103.97712804000008,33.026522440000235],[103.97810032000007,33.01007701000003],[103.97143402000006,33.00723684000002],[103.97609559000011,32.98709248000023],[103.96102673000013,32.95821764999994],[103.96820476000005,32.948835250000286],[103.95712049000002,32.942089980000105],[103.96324021999993,32.92500107999996],[103.95070601000009,32.91966640000021],[103.95208372000002,32.90761818000021],[103.92192592999999,32.92241709000024],[103.89615313000007,32.90602871000016],[103.88557514000007,32.91101159000016],[103.89200791000013,32.9237842],[103.87465778,32.93419879000021],[103.87788230000001,32.94476180000004],[103.85507867000007,32.94941542000015],[103.82441807000004,32.98939898000009],[103.82306265999995,33.0036927000001],[103.81521881000003,33.00509213000004],[103.81905716,33.01212939000021],[103.80092910000008,33.023438409999926],[103.79916688000009,33.04863905000013],[103.74607695999998,33.04657623999998],[103.71936396000007,33.03742279000028],[103.70262427000006,33.050398280000024],[103.68085753000008,33.05425401000002],[103.67930010000003,33.06191461000026],[103.66897040999993,33.06510913000005],[103.67116802000004,33.10296653],[103.6269359800001,33.142613840000195],[103.58852091000006,33.128228890000116],[103.56123263999996,33.15093311999999],[103.54541884999998,33.149977920000026],[103.51780850000006,33.11878689000014],[103.50618674000003,33.13624396],[103.49469327999992,33.13700413000021],[103.45672397999999,33.191821050000215],[103.46000561000011,33.23475135000007],[103.50522254000003,33.25158465000004],[103.5195970200001,33.31166868000008],[103.50730675,33.34401479000019],[103.51171626000013,33.36472481000027],[103.54227838000003,33.41270467000015],[103.60402382000007,33.464620520000096],[103.62002180000002,33.49378675000014],[103.61631549000015,33.50869841000008],[103.6368545900001,33.52246874000008],[103.62344289000009,33.54888618000007],[103.55876056000005,33.52348205000027],[103.53983083000003,33.5238525700002],[103.51040633000014,33.560720680000315],[103.47625801999999,33.587644560000285],[103.49677886,33.6340811300002],[103.52670749081437,33.67787338524698],[103.54995968000003,33.673281070000144],[103.56183705867227,33.701449141260525],[103.59094768121338,33.71749336043513],[103.58906325473771,33.730351338523406],[103.59800981400002,33.730705999000236],[103.5970657650002,33.71947415900007],[103.61853693801146,33.71722070673974]]]},"properties":{"nameZh":"九寨沟县","nameEn":"Jiuzhaigou County","code":"513225000000","severity":"severe","severityZh":"重灾区","severityEn":"Severely affected","disasterTypeZh":"重灾区","landformBasinShare":0.0,"landformMountainShare":0.5817243356910724,"landformPlateauShare":0.41827566430892754,"settlementBasinShare":0.0,"settlementMountainShare":0.9891304347826086,"settlementPlateauShare":0.010869565217391304,"landformTypeZh":"混合县","donorBasin":0,"donorMountain":1,"donorPlateau":1,"labelEn":"Jiuzhaigou County","landformTypeEn":"Mixed landform county"}},{"type":"Feature","geometry":{"type":"Polygon","coordinates":[[[102.20789091,31.658018510000034],[102.23890875000012,31.65504064999999],[102.2570605200001,31.620160700000042],[102.28191143999999,31.605496190000167],[102.26889147000003,31.575132919999987],[102.28600080000012,31.556501939999976],[102.29270256000001,31.534566310000116],[102.31162633999992,31.52076292000004],[102.32053387000013,31.492661880000014],[102.31121113000006,31.466684590000227],[102.26310164000006,31.443791450000163],[102.23122370000004,31.40345089000016],[102.23872084000004,31.366105070000287],[102.24609125000006,31.362901610000108],[102.25256079000013,31.343688410000027],[102.24381089000002,31.322933560000138],[102.2607035200001,31.30623091000018],[102.26537212,31.282320469999945],[102.25544638999997,31.26314289000021],[102.25989766000004,31.22488189000012],[102.25488519000004,31.156762390000097],[102.20142502000004,31.13819856999993],[102.19347570000014,31.15482331000004],[102.18753778999996,31.141747770000165],[102.16557523,31.12810417999998],[102.15033338000006,31.142089269999985],[102.05663619000012,31.077138650000165],[102.03094938999999,31.077506229999983],[102.01194149000008,31.146914740000113],[101.98362773000002,31.158767150000244],[101.97175440000012,31.180280470000184],[101.92845895000005,31.17136228999999],[101.9101527300001,31.148724330000277],[101.88423501000005,31.162286210000275],[101.87749262,31.192664950000108],[101.85871851000002,31.21218092000015],[101.8646124500001,31.2282029000001],[101.8559238900001,31.236738580000065],[101.86019538,31.244652510000094],[101.85042959000003,31.2766759000001],[101.81831062000009,31.287111180000238],[101.76701412000006,31.28148289000012],[101.76034665999998,31.295913520000056],[101.76561563000001,31.311742430000038],[101.71284999000011,31.29183587],[101.70874363999997,31.315887270000133],[101.69105166000003,31.32771996000008],[101.68382870999994,31.355340810000314],[101.65372427000011,31.372295440000187],[101.64828950999998,31.383078940000132],[101.60856901999995,31.38461443],[101.57052818999995,31.343666710000207],[101.56184046000004,31.35305813000008],[101.56191804000008,31.36944918000023],[101.54434208999993,31.381070230000034],[101.48071020999998,31.37120503],[101.46530403999998,31.35009044000003],[101.44550591000001,31.349936530000093],[101.46470861000006,31.34307920000026],[101.4675511000001,31.33365371000002],[101.44811771000013,31.317454769999983],[101.44924040000012,31.312007040000083],[101.46029754999995,31.3146760300001],[101.44783792000004,31.295243430000028],[101.43643046,31.309190560000104],[101.42449013000004,31.366815320000057],[101.44550629000003,31.393231699999944],[101.45455593000008,31.391890069999988],[101.46253097000005,31.412613640000302],[101.45029915999993,31.435988970000096],[101.42944407999994,31.442551790000266],[101.41374123000008,31.438951680000287],[101.40380272000004,31.399561370000015],[101.38490016000014,31.400354050000033],[101.35305167000001,31.37312263000024],[101.33488643999999,31.371000709999976],[101.33232641000012,31.38632417000025],[101.32658011000001,31.387022920000163],[101.30098117000006,31.36102959000027],[101.28352640000003,31.37786932000023],[101.25543879000008,31.38085756000021],[101.24472895999997,31.39684402000006],[101.26241938999999,31.46644272000009],[101.24108552000013,31.518431150000197],[101.21990775000006,31.537365590000093],[101.23054045999999,31.55490201999993],[101.24768312999998,31.560447330000102],[101.30386363000002,31.602699930000256],[101.33063965999997,31.63030314000008],[101.34534300000007,31.626875790000213],[101.47192572,31.74893465000008],[101.47527737000007,31.767340579999995],[101.4506060000001,31.777378860000283],[101.44544197000005,31.821144190000155],[101.43659694000007,31.83070144000027],[101.40538699000007,31.834861680000245],[101.39764484,31.87610606000004],[101.40491291000006,31.888530140000057],[101.44050085000015,31.88263702000006],[101.45776744000005,31.886845580000113],[101.44577833,31.93487300000004],[101.46315455000013,31.950335710000104],[101.47497563000013,31.949563860000012],[101.48310691,31.970981240000185],[101.5825242300001,31.937983550000013],[101.61470568000004,31.910646729999996],[101.66489488000013,31.895546820000106],[101.67677862,31.875192509999977],[101.69472174000009,31.86159298000007],[101.70096402000001,31.831046500000014],[101.71941959000009,31.838482630000158],[101.73574819000004,31.83566041000006],[101.75778190000005,31.846224030000144],[101.78180269000012,31.839359110000203],[101.84103214999999,31.843242840000016],[101.86525868000007,31.814160570000183],[101.93233818000004,31.790612660000306],[101.95331761,31.77187677000012],[101.98030450000005,31.76674333000011],[101.99855921,31.751992479999956],[102.02796168000009,31.70039036000003],[102.03020203,31.659041400000092],[102.05452778000011,31.64156974000008],[102.0994024200001,31.635035749999986],[102.14663719999999,31.651798439999993],[102.17738712999994,31.654548630000136],[102.18635187000007,31.647051679999947],[102.20789091,31.658018510000034]]]},"properties":{"nameZh":"金川县","nameEn":"金川县","code":"513226000000","severity":"general","severityZh":"一般灾区","severityEn":"Generally affected","disasterTypeZh":"一般灾区","landformBasinShare":0.0,"landformMountainShare":0.14285714285714285,"landformPlateauShare":0.8571428571428571,"settlementBasinShare":0.0,"settlementMountainShare":0.8,"settlementPlateauShare":0.2,"landformTypeZh":"高原县","donorBasin":0,"donorMountain":0,"donorPlateau":1,"labelEn":"","landformTypeEn":"Plateau county"}},{"type":"Feature","geometry":{"type":"Polygon","coordinates":[[[102.59959122999999,31.611523110000007],[102.60104028999996,31.586921270000175],[102.61169007000007,31.566143589999967],[102.64533244000012,31.58056796000011],[102.66240540000001,31.557539420000012],[102.66532173000007,31.5298322700001],[102.68031990000003,31.498306420000233],[102.65636285000005,31.449581260000116],[102.68107497,31.44011133999993],[102.68512770000012,31.40347450000013],[102.70096019000005,31.36461536000013],[102.75397163000002,31.321390890000032],[102.74845066000012,31.27529789000016],[102.8083337600001,31.26271384000006],[102.82871067999997,31.246477350000077],[102.80816186000004,31.22534679000023],[102.80832850000002,31.214472049999983],[102.83048396999993,31.204086850000294],[102.88655017999992,31.196505880000075],[102.89353722999999,31.188974500000086],[102.9125201,31.140935110000044],[102.90418761000001,31.105605820000278],[102.91916859000014,31.097881260000065],[102.95912947,31.10515465000003],[102.97254855000011,31.090772350000066],[102.95422616000002,31.029734070000075],[102.91680782000003,31.0018419700001],[102.91779738000002,30.969988540000145],[102.90004722000009,30.952720450000072],[102.9079633500001,30.921585030000188],[102.89206145999992,30.91051231000006],[102.88543830000015,30.90728995000029],[102.86956326000006,30.930691090000266],[102.85076277000007,30.939373050000256],[102.82669174000006,30.93123326],[102.80019826,30.938415520000262],[102.75238380999997,30.918904000000225],[102.70661761000008,30.917981120000036],[102.68961089999999,30.903729790000227],[102.67513209999998,30.857180019999987],[102.58961486999999,30.85055384000009],[102.56381793000003,30.82582396999993],[102.53057389000008,30.81426779000003],[102.51979283999998,30.797114780000072],[102.49223259000013,30.792870740000126],[102.46453180999998,30.769050290000052],[102.47430574000009,30.741465260000098],[102.47391425000006,30.69289250999998],[102.44885242999993,30.683735569999953],[102.38993807000003,30.7144014400003],[102.34904393000005,30.709513449999974],[102.31707319999992,30.681075319999934],[102.29480937000011,30.678671159999965],[102.27215398999999,30.656714770000008],[102.27183990000009,30.63824587000005],[102.25369063,30.62641567999998],[102.23010051,30.630373620000285],[102.21520695999993,30.644693010000083],[102.18309148999998,30.630417429999966],[102.17315073000009,30.597673850000263],[102.1602799800001,30.6108647100001],[102.14196403000005,30.61552218999998],[102.11294722000008,30.640506070000015],[102.10293876999992,30.660526690000268],[102.08787751000006,30.668650830000104],[102.0643005600001,30.671059230000253],[102.04618342000015,30.664170839999997],[102.04381425000003,30.67377377000014],[102.05467467,30.69394854999996],[102.03814713999992,30.712067240000067],[102.05274057000003,30.73840984000026],[102.07206432999999,30.73786801],[102.03775916000001,30.765708590000145],[102.06641611999999,30.800359680000156],[102.06562032000005,30.87615004999998],[102.09145605000003,30.89547740000006],[102.16169188000003,30.90442680999996],[102.17371445000003,30.89794603000007],[102.19924253999994,30.912300800000082],[102.18690963000006,30.93616139000028],[102.19241341999998,30.955325920000007],[102.17651402000001,30.989275800000087],[102.16215763000002,30.998295720000158],[102.16068304000004,31.026656849999995],[102.16693295000005,31.034182190000024],[102.15537236000011,31.053252150000162],[102.16580633000012,31.057733820000237],[102.16142441000011,31.09367988000008],[102.17151153999998,31.107820120000156],[102.16557523,31.12810417999998],[102.18753778999996,31.141747770000165],[102.19347570000014,31.15482331000004],[102.20142502000004,31.13819856999993],[102.25410333000002,31.154924510000058],[102.25936534000004,31.181790400000068],[102.25544638999997,31.26314289000021],[102.26537212,31.282320469999945],[102.2607035200001,31.30623091000018],[102.24381089000002,31.322933560000138],[102.25256079000013,31.343688410000027],[102.24609125000006,31.362901610000108],[102.23872084000004,31.366105070000287],[102.23122370000004,31.40345089000016],[102.26121154000003,31.44208882000015],[102.30431982000005,31.461122890000297],[102.32088937000003,31.485557280000137],[102.31435194000005,31.516205410000055],[102.29270256000001,31.534566310000116],[102.28600080000012,31.556501939999976],[102.26889147000003,31.575132919999987],[102.28191143999999,31.605496190000167],[102.2570605200001,31.620160700000042],[102.23890875000012,31.65504064999999],[102.20789091,31.658018510000034],[102.20387557999993,31.679207140000074],[102.24270966,31.684847540000305],[102.2621701700001,31.695113140000046],[102.28289817000007,31.689804200000253],[102.32820032000012,31.715644110000028],[102.34182113999998,31.69858079000005],[102.38132882000002,31.69319724000013],[102.42178068000004,31.67496208],[102.43857716000014,31.65883217999999],[102.47370892000009,31.660487930000045],[102.48764049999994,31.61064658000015],[102.5344339400001,31.622681420000276],[102.54028380000005,31.600271510000027],[102.56045524999996,31.59377212999999],[102.59959122999999,31.611523110000007]]]},"properties":{"nameZh":"小金县","nameEn":"Xiaojin County","code":"513227000000","severity":"severe","severityZh":"重灾区","severityEn":"Severely affected","disasterTypeZh":"重灾区","landformBasinShare":0.0,"landformMountainShare":0.06263498920086392,"landformPlateauShare":0.937365010799136,"settlementBasinShare":0.0,"settlementMountainShare":0.3064516129032258,"settlementPlateauShare":0.6935483870967742,"landformTypeZh":"高原县","donorBasin":0,"donorMountain":0,"donorPlateau":1,"labelEn":"Xiaojin County","population10k":8,"intensity":6.77,"deathsMissing":42,"deathMissingRatePer10k":5,"collapsedHousing":118709,"collapsedHousingPer10k":14839,"affectedResidentialSites":null,"affectedRoads":null,"threatenedRiverBlockages":null,"threatenedBridges":null,"threatenedReservoirs":null,"destroyedLandAreaKm2":null,"geologicalHazardRisk":0,"resettlementRatePer10k":9075,"compositeImpactIndex":0.2343,"damageIndexName":"Xiaojin","damageIndexLevelEn":"Severely affected area","damageIndexSource":"damage index.xlsx","landformTypeEn":"Plateau county"}},{"type":"Feature","geometry":{"type":"Polygon","coordinates":[[[103.37403194000007,32.18370110000001],[103.37070562999997,32.17386303000012],[103.38911664000011,32.16308899000023],[103.3857373300001,32.14914213999998],[103.41847135000012,32.13800622000019],[103.43416026000006,32.12292352999992],[103.4479635400001,32.08902275000003],[103.49375157000003,32.036888509999926],[103.49978284000008,31.99233277000002],[103.4763627000001,31.95705436999998],[103.48659698000012,31.922466580000275],[103.47848937000003,31.897159170000293],[103.44690107999998,31.89965340000026],[103.41610475000004,31.890348590000258],[103.40561513000006,31.89955659000003],[103.37826399000011,31.88926547000017],[103.35263320000001,31.889277690000085],[103.33318049000002,31.903056730000117],[103.29588863000004,31.891161000000125],[103.26138374000004,31.91743274000015],[103.24305827000006,31.914085190000094],[103.21603642000002,31.934708260000093],[103.18365417000012,31.931210330000226],[103.13579321999998,31.9715244800002],[103.11196934999998,31.96033412999992],[103.09730489000009,31.964842929999975],[103.08905759999999,31.9583004000001],[103.05528830999992,31.956476000000293],[103.00767424999992,31.93083223000002],[102.97473317000004,31.926169580000078],[102.95264068000012,31.889182310000024],[102.92874990999996,31.87404926000005],[102.88788371999993,31.880898939999952],[102.86271383999997,31.905750060000003],[102.81834952999992,31.90369433000029],[102.78522403000005,31.912225650000096],[102.74458228999998,31.892624220000243],[102.71832739000013,31.891941770000074],[102.69762863000005,31.87197189000011],[102.67547963999993,31.894239780000134],[102.68416383999994,31.97131583000015],[102.67130865999997,32.03862148999997],[102.6111727500001,32.14786484000001],[102.59286850000012,32.22352021000006],[102.61643449000007,32.26056132000008],[102.65151082000006,32.25431852000014],[102.66204834000013,32.262371959999996],[102.66851595000003,32.29462945],[102.66197175999997,32.31189093000023],[102.7141083200001,32.345709550000095],[102.73489924000012,32.37119714000005],[102.79703050000012,32.39949045999998],[102.82281333999998,32.42232615000012],[102.8354601900001,32.42467860000005],[102.85264642999994,32.40375527000026],[102.88183819999995,32.40533298000025],[102.91949922999999,32.38668652000001],[102.98805287000005,32.42808411000027],[103.01566614000001,32.42844880000007],[103.02558800999992,32.44035745000002],[103.06088480000005,32.409928229999935],[103.07645873000007,32.40521443],[103.09311006000007,32.40946071000019],[103.11765310000004,32.403553610000074],[103.13984229999994,32.41317923999998],[103.17709917000008,32.41691553000004],[103.18247306000012,32.43720157000024],[103.21886035000006,32.47254127000019],[103.22663031000008,32.514414680000016],[103.25070853999995,32.54537649000014],[103.25178549000009,32.594915170000036],[103.26347437999999,32.61300271000022],[103.27791787000012,32.59385174000016],[103.29060694999998,32.55347924000017],[103.31600494999998,32.53654019999999],[103.31182045999998,32.50047176999993],[103.3242844500001,32.459902820000025],[103.34832955000007,32.441556429999935],[103.34852030000002,32.41405166000004],[103.38046702999992,32.36192583000013],[103.37623050000008,32.327464169999985],[103.38273220000013,32.284948330000134],[103.37333863000003,32.262082650000025],[103.34397885999999,32.227836869999976],[103.37403194000007,32.18370110000001]]]},"properties":{"nameZh":"黑水县","nameEn":"Heishui County","code":"513228000000","severity":"severe","severityZh":"重灾区","severityEn":"Severely affected","disasterTypeZh":"重灾区","landformBasinShare":0.0,"landformMountainShare":0.31507513330101794,"landformPlateauShare":0.6849248666989821,"settlementBasinShare":0.0,"settlementMountainShare":0.967479674796748,"settlementPlateauShare":0.032520325203252036,"landformTypeZh":"混合县","donorBasin":0,"donorMountain":1,"donorPlateau":1,"labelEn":"Heishui County","population10k":6,"intensity":6.58,"deathsMissing":16,"deathMissingRatePer10k":3,"collapsedHousing":82024,"collapsedHousingPer10k":13671,"affectedResidentialSites":107,"affectedRoads":60,"threatenedRiverBlockages":53,"threatenedBridges":0,"threatenedReservoirs":0,"destroyedLandAreaKm2":0,"geologicalHazardRisk":0.36,"resettlementRatePer10k":8000,"compositeImpactIndex":0.2201,"damageIndexName":"Heishui","damageIndexLevelEn":"Severely affected area","damageIndexSource":"damage index.xlsx","landformTypeEn":"Mixed landform county"}},{"type":"Feature","geometry":{"type":"Polygon","coordinates":[[[101.09418851587515,32.672778744129516],[101.11097585900018,32.67396357399997],[101.11216946000008,32.637309868000216],[101.11908603000018,32.634872208000104],[101.12736640999998,32.64360771000008],[101.15577922000006,32.62592508000023],[101.18180403000002,32.56046905000011],[101.2166296100001,32.53297931000003],[101.20516344999993,32.492714999999976],[101.21244547000009,32.46113264000002],[101.23887649,32.450126320000265],[101.30212717,32.46058756000002],[101.32612878999998,32.391418439999995],[101.39352066999999,32.3684959000002],[101.41447750000009,32.37135425000008],[101.42052835999999,32.35262402000001],[101.46547234000002,32.33853707000014],[101.47890187000007,32.300802950000104],[101.46210492000012,32.25819128000012],[101.43619054000004,32.23806664999995],[101.41412213000001,32.19788852000005],[101.39750578000007,32.187350760000015],[101.38248778000002,32.15430737999998],[101.34384806000003,32.11755804000029],[101.32923022000006,32.08725064999993],[101.30012950000014,32.066489370000056],[101.28137934,32.01818665999991],[101.29118757999993,32.006234710000285],[101.32720237999996,32.01053217000003],[101.32951097000006,31.994875040000068],[101.34319970000001,31.984884970000053],[101.37914719000003,31.99132793000001],[101.38452503000002,31.96165649000011],[101.40098016000013,31.94491603],[101.41360650000013,31.950873349999995],[101.42492956999996,31.942543880000017],[101.44043228999999,31.946131860000264],[101.45809928,31.887381490000053],[101.44050085000015,31.88263702000006],[101.40491291000006,31.888530140000057],[101.39764484,31.87610606000004],[101.40091694,31.847671760000196],[101.40711519000001,31.83284172000026],[101.43659694000007,31.83070144000027],[101.44544197000005,31.821144190000155],[101.4506060000001,31.777378860000283],[101.47845465000006,31.760779510000134],[101.41984334999995,31.694463510000105],[101.34534300000007,31.626875790000213],[101.33063965999997,31.63030314000008],[101.30386363000002,31.602699930000256],[101.24768312999998,31.560447330000102],[101.23054045999999,31.55490201999993],[101.20648816999994,31.511645120000026],[101.18405867000007,31.511685580000005],[101.14239223999994,31.497098200000266],[101.10568861000013,31.471065710000175],[101.09622718999992,31.4903077700003],[101.07705898000006,31.495543420000047],[101.06557389999995,31.522389990000192],[101.06945523000013,31.53623957000019],[101.05704115000003,31.560408040000254],[101.07325745000014,31.578721490000078],[101.05223206000005,31.59536541],[101.04874281000002,31.608477190000258],[101.0616959400001,31.630396980000057],[101.02522678000008,31.64137586000021],[101.01468094000006,31.65557553000002],[100.96742605999998,31.684401659999992],[100.9644758500001,31.717765540000073],[100.95160357999998,31.724207980000017],[100.93189252000013,31.753538359999993],[100.89698212999997,31.74058348000011],[100.86516975,31.740120820000016],[100.8515164800001,31.76107040000005],[100.86075280999995,31.788227040000265],[100.91459430000009,31.80684581000014],[100.93763937000011,31.827677330000142],[100.95044184999995,31.862321230000077],[100.99357322000014,31.868760109999926],[100.99800060000001,31.900532810000186],[100.98604777000008,31.920357650000028],[100.99024098000012,31.932890050000083],[101.00893846999998,31.946583670000166],[101.00420853000008,31.965381579999928],[100.98897063999999,31.981186710000088],[100.96130172000005,31.98171626000004],[100.95187622999998,31.990366470000254],[100.87886914,31.969500940000273],[100.86800151,31.960656239999935],[100.83348092,31.978968750000263],[100.82765619999998,31.99200309999992],[100.81198805999998,31.998559670000304],[100.80236120000012,31.99421493000017],[100.78374155,32.012061170000266],[100.79747488999993,32.05368949000007],[100.78405356000007,32.05143917000004],[100.76341073000003,32.07297083000026],[100.76148013,32.088957550000146],[100.72632637999993,32.10365451000007],[100.6907088100001,32.15001452000024],[100.69931899,32.16425271000003],[100.7255446100001,32.164873730000295],[100.72849599000006,32.17302084000005],[100.71910265000002,32.18555368],[100.68271360000006,32.188734140000065],[100.66378099999997,32.22283351000027],[100.63755822000013,32.235598860000096],[100.61986775000014,32.229082840000046],[100.59581586000013,32.235251100000255],[100.57928884000012,32.25771520999996],[100.58740183000009,32.27582079000024],[100.57241519999997,32.28293830000007],[100.55950748999993,32.27641827000008],[100.55179387999993,32.282859140000085],[100.55262177000009,32.30650040000006],[100.53382653999995,32.32299856999998],[100.52575853999997,32.34962619000015],[100.53716486999997,32.36529842999994],[100.52924846000008,32.38062118000016],[100.54010704000001,32.401300230000174],[100.56121683999999,32.421937110000044],[100.59185625000003,32.42911471000008],[100.60109219000003,32.44284633000029],[100.61606583000014,32.449361930000066],[100.63282605000006,32.478652450000084],[100.62002267000014,32.49642137000001],[100.62126442000005,32.506159320000165],[100.66610655,32.52338420000001],[100.65683564999995,32.549141510000084],[100.65737361000009,32.60213611000012],[100.66493350897537,32.62674944136802],[100.67509844200009,32.63025861800014],[100.70610602500017,32.61247102800007],[100.71616713000014,32.61941150000024],[100.71065420000014,32.64746606000011],[100.68260663921387,32.67769778444324],[100.70765962500008,32.67428729400012],[100.75190671100006,32.65252051100009],[100.76663385100017,32.6664766090002],[100.77527104500018,32.641817294000134],[100.79728613300006,32.65747626600023],[100.8085890710002,32.64845260300012],[100.83492598100008,32.65126121900016],[100.85937878800013,32.63796587500019],[100.88812732300016,32.63413995400009],[100.89665099000013,32.61817058700012],[100.91346436000003,32.61906876799992],[100.92867170800008,32.602503255000215],[100.96190733500015,32.62660487700009],[100.99566430500005,32.63015831600018],[101.05619538484063,32.67978073130962],[101.07487753800007,32.68510672300016],[101.08216470000008,32.674035585000354],[101.09418851587515,32.672778744129516]]]},"properties":{"nameZh":"壤塘县","nameEn":"壤塘县","code":"513230000000","severity":"unaffected","severityZh":"???","severityEn":"Unaffected","disasterTypeZh":"未受灾","landformBasinShare":0.0,"landformMountainShare":0.00693293142426526,"landformPlateauShare":0.9930670685757348,"settlementBasinShare":0.0,"settlementMountainShare":0.0,"settlementPlateauShare":1.0,"landformTypeZh":"高原县","donorBasin":0,"donorMountain":0,"donorPlateau":1,"labelEn":"","landformTypeEn":"Plateau county"}},{"type":"Feature","geometry":{"type":"Polygon","coordinates":[[[101.94346465968289,33.439893817327686],[101.919439308,33.43342645400014],[101.91263467800007,33.407869656000116],[101.88484142500005,33.38434896000018],[101.87396518600013,33.35136649400005],[101.87575417377724,33.31675078607793],[101.85637177000001,33.31407976999992],[101.84917611800006,33.30197752700019],[101.83056494300018,33.29368318299993],[101.82221462785401,33.27321935608194],[101.80753599999997,33.290419850000035],[101.80729258405285,33.284443104413754],[101.78907974000003,33.28130649000025],[101.76579702800007,33.265313752],[101.76947763600015,33.2492076700002],[101.786336645,33.227845141000216],[101.79633696900004,33.23494372100009],[101.82898487700004,33.214801895000335],[101.83967949800018,33.19117947400025],[101.8391592320001,33.163627196000334],[101.8327701340001,33.14149258000015],[101.81965433300019,33.134534787000064],[101.8238293070001,33.12155355699997],[101.84027884000005,33.11291810600022],[101.86571996900017,33.10599028200022],[101.88402650418851,33.13662735822197],[101.92019484999997,33.156142480000085],[101.93406451930639,33.18898338031215],[101.95685858299998,33.18872803000011],[101.98599701600011,33.20254436000016],[102.019816789,33.191961993000234],[102.08146016200004,33.196398540000246],[102.08164967300019,33.2063877340002],[102.09496983400015,33.21931036400008],[102.08657220300017,33.22841545600022],[102.09891361600017,33.234430519000284],[102.09528768800016,33.24975545000024],[102.10782757000015,33.261063960000286],[102.09713716900018,33.277071010999975],[102.11074727100004,33.28858217499993],[102.10576624949175,33.300187497068464],[102.11356094867932,33.29790926666999],[102.11432837700005,33.28557245100012],[102.14269606041444,33.27576976167819],[102.16077797600008,33.24253247000013],[102.20759848800014,33.227079874000026],[102.21580978000009,33.250426979999986],[102.20952563000009,33.290399950000165],[102.20056677000008,33.30283349000024],[102.20377755000004,33.321960680000075],[102.2242076,33.305585680000036],[102.22243724000009,33.28128815000014],[102.24651529999994,33.28965691000013],[102.24342671000005,33.278032840000265],[102.26383720000001,33.28228376000027],[102.26619235000004,33.268543930000305],[102.28670017000007,33.256819420000284],[102.3092776200001,33.27407929999998],[102.32742138000015,33.26263038000002],[102.33483709000001,33.24142793000004],[102.37005595000005,33.23288062],[102.37962054000008,33.23340345999992],[102.37975897000001,33.24420430000009],[102.39457393000009,33.25173311000026],[102.40495078999999,33.24298844000003],[102.49172894000003,33.215608900000234],[102.50115867000005,33.22083457000002],[102.50473676000001,33.24820438000012],[102.52679450000005,33.24940867999993],[102.53232672000001,33.242174790000036],[102.51754862000007,33.231558730000074],[102.53374983999998,33.23746644000022],[102.54093690000008,33.23164446000004],[102.52638644000001,33.2179401800002],[102.5380281300001,33.21446400999997],[102.54885664000005,33.22215778000009],[102.54142590000004,33.20971307000019],[102.55985824999999,33.20201408999998],[102.54874229,33.19741301999994],[102.55962146000007,33.1852589800003],[102.57154596999999,33.197541859999944],[102.57672571000006,33.192931060000035],[102.56969946999993,33.18420674000009],[102.58512529999996,33.18471631],[102.56193606000011,33.15942015000002],[102.52319755000013,33.14308116000012],[102.48351172000008,33.10102485000027],[102.46229556000009,33.00301703000031],[102.46026444000006,32.96214673999998],[102.40283134000015,32.89458215000002],[102.39450504000007,32.84803765000004],[102.36869598999999,32.82533798000003],[102.33351257999999,32.81338265000028],[102.30664660000002,32.78353180000005],[102.26880239000013,32.791898700000104],[102.18809424,32.77396961000005],[102.19855432000003,32.75448531000018],[102.19371028999996,32.74132910999998],[102.21142766000008,32.7138696400001],[102.19048164000003,32.69767036000002],[102.19413946999998,32.68206842000001],[102.20505660999999,32.67066919000007],[102.21367187999994,32.67536656000027],[102.23541900000004,32.66082899000003],[102.25823673000008,32.65793110000004],[102.26764295999993,32.63664805999997],[102.26622604999994,32.605376099999944],[102.25783907000005,32.59711223000011],[102.26197145999998,32.57445330000024],[102.28868681000012,32.54950990999998],[102.29361882,32.528996730000244],[102.27569817999995,32.524407580000116],[102.26382791999998,32.51021613000012],[102.25494862,32.51559584000006],[102.24696796000012,32.49346108000003],[102.22602713000009,32.54581682999998],[102.21694126000011,32.53491382000004],[102.20334829000001,32.535659070000065],[102.20184448999993,32.502922890000264],[102.18976766000009,32.493346020000104],[102.15249649999998,32.52991715000019],[102.14186741000003,32.55673272000024],[102.07586853999993,32.568107410000096],[102.0828949000001,32.584461250000174],[102.06486270000005,32.62608160000002],[102.05719656999992,32.618836180000244],[102.04012287,32.62137823000006],[102.00003448000007,32.56643588999998],[101.98780581000005,32.57302203000012],[101.98958276000002,32.55576746000014],[101.95422618000003,32.57569211000009],[101.92613146000002,32.54130932000004],[101.90578469999997,32.45010336000013],[101.90581239999995,32.429986510000106],[101.91488815000002,32.41452469000012],[101.86315801,32.38110810000012],[101.86190643999998,32.35634675000006],[101.85160755999999,32.333563760000004],[101.84160629000007,32.33241353000005],[101.83266388000004,32.34352236000012],[101.82363958000013,32.33741137000004],[101.79680644000007,32.36758635000007],[101.77188734000003,32.3584558900003],[101.74686807000012,32.37334669000029],[101.73155638000014,32.36726121999999],[101.73042685999991,32.34465096000008],[101.71733326999993,32.31473184000009],[101.70394366,32.309699150000256],[101.70542305000004,32.31787837000002],[101.68421311999998,32.350029699999936],[101.65707507000002,32.345857060000014],[101.62785663000011,32.35164058000021],[101.61064555000002,32.34608861000004],[101.59548758000011,32.363146210000025],[101.57805943999995,32.36902994000013],[101.56724847000004,32.38626621000003],[101.54054061,32.39598137000007],[101.52990798000008,32.407746640000084],[101.49942205000008,32.39716112999997],[101.47923095999994,32.379396360000044],[101.45789288000014,32.38068920000029],[101.44398595000001,32.39230717000021],[101.41447750000009,32.37135425000008],[101.39352066999999,32.3684959000002],[101.32612878999998,32.391418439999995],[101.31692820000006,32.40633320000006],[101.31090301999996,32.448666570000285],[101.30026951999997,32.461555540000006],[101.23887649,32.450126320000265],[101.21506698000013,32.4587710900002],[101.20509344000004,32.49065526000004],[101.2166296100001,32.53297931000003],[101.18180403000002,32.56046905000011],[101.15577922000006,32.62592508000023],[101.13292174000009,32.64135363000014],[101.11706083000013,32.64355322000006],[101.11927534901133,32.65735079126654],[101.15876546900012,32.665406294000036],[101.21955386000013,32.72461037000028],[101.22288616999998,32.7759924800003],[101.23195657999992,32.78649163],[101.22662734000005,32.797574850000274],[101.23602768999996,32.82729569000003],[101.22086351000013,32.840461090000076],[101.21680957000007,32.86510499000002],[101.17450129999997,32.8961954800003],[101.12127069999991,32.913320200000044],[101.13248637999993,32.95392666000021],[101.1272350168494,32.991455677066995],[101.18409386000013,32.988081539999996],[101.16952833000005,33.01553174000014],[101.1827044900001,33.04393368000001],[101.16807762999991,33.04794861000005],[101.15911524,33.059088229999986],[101.14221679854853,33.06081586139402],[101.14226883000003,33.08783519999997],[101.16780004000009,33.10363145000008],[101.16312057999994,33.11968162000028],[101.14931808000011,33.13184738000001],[101.1560718500001,33.14977696000028],[101.14239048999997,33.1527236],[101.14160901999998,33.16427948000012],[101.12865735000003,33.17074085000024],[101.13545355999997,33.18876967999995],[101.11843053000013,33.18844000000024],[101.11343833000006,33.19711319000021],[101.12342211999993,33.22363543999995],[101.15322402999999,33.23622391000026],[101.15037624924355,33.24667115104319],[101.16833737932882,33.249884828304005],[101.16998569000009,33.26351519000025],[101.18305838600008,33.272280929000146],[101.20144387100015,33.271457405000035],[101.20515905000013,33.257182955000246],[101.21598325000008,33.25821021000024],[101.22598228400017,33.273999795000236],[101.24348165900005,33.26425952000017],[101.2708579620001,33.2702601310001],[101.29515280700019,33.26410626500001],[101.30789605500013,33.246648039000036],[101.32580375200007,33.24078124099992],[101.32615938700008,33.22617510400016],[101.38150213000017,33.15462850200004],[101.39186708999995,33.15963715000004],[101.39422041,33.18897550999998],[101.38503497846409,33.209972671557864],[101.40028735815451,33.226380780459294],[101.42987443900012,33.23276799900003],[101.47085080400007,33.22483430600005],[101.48585916100012,33.22879717400019],[101.52695348700013,33.181822152000336],[101.55587600199999,33.16926461200012],[101.63031710300004,33.10280117500025],[101.65925657000008,33.137843540000006],[101.65248555507799,33.16486342534802],[101.68283292000001,33.18310082000005],[101.67890024485001,33.20403208326064],[101.71744372,33.22411486000021],[101.72477821000007,33.25724501000013],[101.73858124000014,33.271030519999954],[101.73132359000004,33.28430888000014],[101.70758174000008,33.299509170000135],[101.67643489999995,33.29944142000005],[101.65263257999999,33.317384430000175],[101.64785865000005,33.328355269999975],[101.66106159000003,33.38358254000002],[101.69508928932976,33.43680005111361],[101.77436498000009,33.45374919000017],[101.76702056000005,33.4668728500003],[101.77669136999998,33.528577010000106],[101.76822775714146,33.546840023817424],[101.78144851000013,33.55844976300011],[101.79766446800016,33.557686349000164],[101.80912292300013,33.54812740600016],[101.82943634000014,33.556749439999976],[101.82967093000002,33.583537420000084],[101.84268559893991,33.604311556305674],[101.88240854600014,33.579978722000135],[101.88214571200001,33.56670867500026],[101.90163470100009,33.555110043000354],[101.9054918060001,33.541353093],[101.89630487400007,33.51965565000023],[101.9031006560001,33.510061983000185],[101.90173110600017,33.489370493000024],[101.92575839400007,33.474919616000136],[101.92293190900006,33.45194982999993],[101.94472103900006,33.44471994600019],[101.94346465968289,33.439893817327686]]]},"properties":{"nameZh":"阿坝县","nameEn":"阿坝县","code":"513231000000","severity":"general","severityZh":"一般灾区","severityEn":"Generally affected","disasterTypeZh":"一般灾区","landformBasinShare":0.0246999305624442,"landformMountainShare":0.0,"landformPlateauShare":0.9753000694375558,"settlementBasinShare":0.625,"settlementMountainShare":0.0,"settlementPlateauShare":0.375,"landformTypeZh":"高原县","donorBasin":0,"donorMountain":0,"donorPlateau":1,"labelEn":"","landformTypeEn":"Plateau county"}},{"type":"Feature","geometry":{"type":"Polygon","coordinates":[[[103.03762002499917,34.18724657770804],[103.0496591860001,34.1964648550001],[103.10703459500013,34.17842448100009],[103.12182237200005,34.163230246000126],[103.12446197600013,34.136695744000235],[103.1307064940001,34.13216353800004],[103.12005451700009,34.12230513400027],[103.12058718800017,34.11248826700023],[103.13316198200005,34.10172092300019],[103.1475416130001,34.10434141000019],[103.17690524600005,34.081461906000015],[103.16802751900008,34.06726569500023],[103.12807747900007,34.06801865900036],[103.1166413480002,34.03788378700028],[103.14496946500009,34.03797608200017],[103.1569999080001,34.008016597000335],[103.1361115250001,33.97635965500024],[103.12161525100004,33.969659064000155],[103.1207871160002,33.94305571900014],[103.13214294200009,33.93182630000035],[103.16611898033347,33.92838305533337],[103.17898447100004,33.90227850300005],[103.15113733100009,33.82065755000019],[103.15551781400006,33.810675593000155],[103.21311110700015,33.795617857000025],[103.225014988,33.79582789200009],[103.24779511300005,33.81569365800016],[103.27009623400005,33.811204049000025],[103.28466116800007,33.797255642000096],[103.2764872190001,33.77584638600007],[103.34723790800018,33.74503944800017],[103.429251099,33.752272571000105],[103.46204054631733,33.803969558180825],[103.48306547500005,33.81007048400011],[103.51610411100017,33.80880748133342],[103.53786812700008,33.76854249900015],[103.52857712200006,33.75331819700011],[103.54728925600006,33.74212806900027],[103.54319851900004,33.721520943000144],[103.52740933600006,33.70118732500015],[103.51822427183271,33.680301358594704],[103.52623934000007,33.674935050000045],[103.49677886,33.6340811300002],[103.4763615,33.58374733000005],[103.50675196000009,33.564326460000075],[103.53983083000003,33.5238525700002],[103.55876056000005,33.52348205000027],[103.62344289000009,33.54888618000007],[103.63686860000001,33.52155212000008],[103.61631549000015,33.50869841000008],[103.62002180000002,33.49378675000014],[103.60402382000007,33.464620520000096],[103.54227838000003,33.41270467000015],[103.51171626000013,33.36472481000027],[103.50730675,33.34401479000019],[103.5195970200001,33.31166868000008],[103.50522254000003,33.25158465000004],[103.46000561000011,33.23475135000007],[103.45672397999999,33.191821050000215],[103.49469327999992,33.13700413000021],[103.47748905000003,33.126615840000056],[103.45173383999997,33.091992420000054],[103.39400095000008,33.08339449000027],[103.37640469000007,33.049642830000266],[103.37715662000011,33.02365415000003],[103.34195652,33.01829562000023],[103.33401382000005,33.02367570000024],[103.34407636000003,33.089430360000165],[103.29354856000003,33.1250875500001],[103.26719153000005,33.12670492000018],[103.25448914000015,33.143645610000306],[103.20077023000005,33.15676113000012],[103.18288493000006,33.16806124000021],[103.15965661000001,33.25916752000023],[103.09562147000003,33.25655321000028],[103.08466097000002,33.262806100000034],[103.09016324999999,33.262890920000075],[103.09108178999998,33.2740536],[103.06221757000003,33.29862236000014],[103.01242226000005,33.30473032000015],[102.99590437000006,33.29858105000028],[102.91042951000003,33.296786949999955],[102.88395688000014,33.30628701999996],[102.86875951999997,33.32176827999996],[102.82680600000009,33.30998624000017],[102.81372889000005,33.31825988000031],[102.78477391000013,33.3175405500001],[102.75237007000004,33.30160883999997],[102.74680530000006,33.29050851000011],[102.72156318999998,33.27881542],[102.70150361000009,33.25779455999998],[102.68937425000013,33.264426620000165],[102.6714128100001,33.25232801000027],[102.65996941000003,33.25958715000013],[102.63361928000012,33.24367773000006],[102.62414710000013,33.212881890000006],[102.62875752000002,33.19622357000014],[102.62175697000009,33.18627927],[102.60758292000008,33.18410759000005],[102.56969946999993,33.18420674000009],[102.57672571000006,33.192931060000035],[102.57154596999999,33.197541859999944],[102.55962146000007,33.1852589800003],[102.54874229,33.19741301999994],[102.55985824999999,33.20201408999998],[102.54142590000004,33.20971307000019],[102.54885664000005,33.22215778000009],[102.5380281300001,33.21446400999997],[102.52574648000001,33.21911168000014],[102.53886694000005,33.22420654999996],[102.53884948000001,33.235461120000025],[102.51754862000007,33.231558730000074],[102.53232672000001,33.242174790000036],[102.52679450000005,33.24940867999993],[102.50473676000001,33.24820438000012],[102.50115867000005,33.22083457000002],[102.49172894000003,33.215608900000234],[102.40495078999999,33.24298844000003],[102.39457393000009,33.25173311000026],[102.38055715999997,33.24512004000002],[102.37676261000007,33.23218686000018],[102.33577508000013,33.241033410000114],[102.32742138000015,33.26263038000002],[102.3092776200001,33.27407929999998],[102.28670017000007,33.256819420000284],[102.26619235000004,33.268543930000305],[102.26383720000001,33.28228376000027],[102.24342671000005,33.278032840000265],[102.24546398000001,33.29001861000023],[102.22243724000009,33.28128815000014],[102.22540521000002,33.30195891000017],[102.21766918000009,33.315504290000035],[102.18584577000013,33.32855134000005],[102.1851558940466,33.33435862612936],[102.21804228800005,33.3532973020001],[102.23484632600008,33.389308197000105],[102.25938674000002,33.398221090000106],[102.25987679965436,33.41800029209867],[102.27673792799999,33.409221236000235],[102.29466954300017,33.41554749500028],[102.31121878100004,33.399065137000036],[102.34563451400004,33.411401848000196],[102.36682406500012,33.395042661000105],[102.36545253000003,33.411518640000054],[102.37198203100019,33.41511068500017],[102.39340405500019,33.40640162300008],[102.40082098770591,33.42533059239787],[102.43239528000004,33.441056200000105],[102.44047338743673,33.4547760940448],[102.46629666000001,33.45306563000008],[102.45026272000013,33.464565190000144],[102.45180615844669,33.4722807343129],[102.48196683999998,33.460115280000196],[102.45189190000008,33.48524584000029],[102.45984595000004,33.507977680000124],[102.44398366999997,33.53103845000021],[102.45003227300015,33.536003346000314],[102.47271816500012,33.53134569300016],[102.47636632000007,33.543888560000084],[102.45445663000004,33.55506513000006],[102.44318322000004,33.57443135],[102.40828116000006,33.58099289000023],[102.38469924000003,33.60028669000002],[102.33763338000006,33.61351021000007],[102.33179687999996,33.64363097000023],[102.31214831999995,33.67048166000018],[102.33944488000003,33.72912300000024],[102.3236789500001,33.73688886000008],[102.30130128000008,33.711403759999996],[102.28395829000004,33.71928832000009],[102.28628844998127,33.73465414002038],[102.31784727600007,33.74484685700014],[102.32135315000005,33.759130560000074],[102.2984806500001,33.783979580000164],[102.23382909999992,33.79394135999996],[102.25953350000009,33.82300084000008],[102.25163121000014,33.863167410000074],[102.2321476300001,33.87187519000008],[102.17917889567286,33.9328023494013],[102.13713769968064,33.960942349332925],[102.13772642700013,33.9727447730001],[102.16509331864808,33.98436637406098],[102.17769730279196,33.980513811993774],[102.17356237100012,33.96967833300005],[102.18092933700001,33.98052675600036],[102.19682959500005,33.97993746600008],[102.19382712100014,33.97523852900002],[102.21164623800001,33.96976392200014],[102.20667341900008,33.96335268200028],[102.2139364890001,33.96053861600012],[102.21413241400006,33.97081172900005],[102.23847089999998,33.96622976000009],[102.22747908999997,33.969632970000134],[102.24053180300007,33.97345988600023],[102.24118567208143,33.98589147122988],[102.25082043399999,33.98545423799999],[102.2531757110001,33.97864529000009],[102.24643212100011,33.97500054400018],[102.25646871300006,33.967899649000344],[102.2644197887845,33.990721134202374],[102.27600631900015,33.991642416000104],[102.28721259100007,33.97861680200003],[102.30588222400019,33.996417676000306],[102.32274800300007,33.987236336000024],[102.31135054400005,33.98531818800012],[102.308324239,33.973265188000084],[102.31166156900008,33.9683401490002],[102.31027721703708,33.974975333520945],[102.32077881999993,33.975524570000175],[102.32576544500017,33.98523196899998],[102.33128145300003,33.9810402710001],[102.32643734300018,33.97574765700023],[102.34164042500004,33.97096493600003],[102.35210181100018,33.9805926370002],[102.3637415070001,33.97164874800012],[102.37176841000019,33.97921808700016],[102.38946979600018,33.97228314600022],[102.39773095999999,34.01913074000021],[102.43571670853919,34.08864106792578],[102.46930309300018,34.07459186099993],[102.51514458999998,34.08905362000024],[102.56408228400005,34.091594873000076],[102.57326382142696,34.100928711486006],[102.60684109900006,34.10304528500035],[102.65611459000013,34.083120460000316],[102.65417046000005,34.11517286000003],[102.63509137000005,34.131903840000064],[102.59782848999998,34.147276750000174],[102.60641336857526,34.162157152777695],[102.64034731220119,34.17136839766522],[102.64889787400006,34.16727248400014],[102.6458539300001,34.18123943000023],[102.66031817698138,34.19314262492185],[102.69945769000009,34.19849801999999],[102.6974590100001,34.212065690000315],[102.71158881999997,34.216470350000066],[102.72803899994602,34.23812257012304],[102.77612663000014,34.23724190000007],[102.7820559700001,34.25961486000028],[102.79648647609878,34.274644574954266],[102.85503500000004,34.27234317000023],[102.86411391000001,34.29476004000014],[102.85874209000002,34.30330278000014],[102.87754018800018,34.31385576200023],[102.91012220800002,34.3146506060001],[102.94762102600009,34.29357988300006],[102.95468619299999,34.27103784800022],[102.9768717390001,34.2508868340002],[102.9751580410001,34.19997381700017],[103.00361464900004,34.18645906200027],[103.03762002499917,34.18724657770804]]]},"properties":{"nameZh":"若尔盖县","nameEn":"若尔盖县","code":"513232000000","severity":"general","severityZh":"一般灾区","severityEn":"Generally affected","disasterTypeZh":"一般灾区","landformBasinShare":0.4098073555166375,"landformMountainShare":0.09496010897061685,"landformPlateauShare":0.49523253551274565,"settlementBasinShare":0.3,"settlementMountainShare":0.65,"settlementPlateauShare":0.05,"landformTypeZh":"混合县","donorBasin":1,"donorMountain":1,"donorPlateau":1,"labelEn":"","landformTypeEn":"Mixed landform county"}},{"type":"Feature","geometry":{"type":"Polygon","coordinates":[[[103.34195652,33.01829562000023],[103.32079973000009,32.99031485000023],[103.30766276000008,32.95729667000012],[103.30258051999999,32.89346235000011],[103.26999566000006,32.86097559000012],[103.23240971000007,32.843058660000224],[103.21923330999999,32.82812904000002],[103.19125725000004,32.82665681000026],[103.16570270000005,32.844945129999985],[103.16261046,32.86172121999999],[103.12493379000011,32.869681869999965],[103.12245377000005,32.88548631000026],[103.09509131000004,32.911293520000015],[103.05218744000007,32.89257837000014],[103.02592699000007,32.860839080000005],[102.98151695999996,32.871348460000036],[102.96974746999996,32.86467398000025],[102.95091947999998,32.805108550000284],[102.96647273000008,32.77701846000008],[102.95225440000013,32.718469790000086],[102.92476484000008,32.69425324000008],[102.87739032000002,32.68975518000008],[102.86779006000006,32.67555697],[102.83174068,32.65685085000001],[102.81615013000004,32.626915110000255],[102.82950828000003,32.57494607999996],[102.8089007100001,32.558421640000006],[102.80043672,32.535296120000055],[102.77967077000011,32.51554882000005],[102.79145899000008,32.478454680000084],[102.72660180000014,32.4572072600003],[102.71157420000003,32.42887439000009],[102.6817211,32.414854210000215],[102.66870064000005,32.39986502000005],[102.64584386000013,32.33281383999997],[102.66851595000003,32.29462945],[102.66204834000013,32.262371959999996],[102.65151082000006,32.25431852000014],[102.61643449000007,32.26056132000008],[102.59274665999999,32.21939060999995],[102.61106022000001,32.16666048000013],[102.6111727500001,32.14786484000001],[102.67130865999997,32.03862148999997],[102.68416383999994,31.97131583000015],[102.67411938000004,31.91948425000004],[102.67983653000005,31.880289360000006],[102.67278033000008,31.853718040000047],[102.67027013000006,31.879823520000173],[102.65520157000009,31.913691700000072],[102.65990117000007,31.920748650000235],[102.65044105999999,31.926826360000064],[102.65385908000002,31.93915920000012],[102.64454474000013,31.941115870000203],[102.63935578000013,31.961714190000066],[102.60218998000005,31.958287020000057],[102.56957188000007,31.937217870000268],[102.56239385000015,31.956869010000105],[102.52356960999998,32.00465868000009],[102.46409192000004,32.02169527000001],[102.46237338999993,32.03930025],[102.48945733,32.058347800000035],[102.46571959000005,32.10288748000022],[102.4506230500001,32.1098294600003],[102.43617002000008,32.12847970000013],[102.40421307000008,32.13839579000006],[102.35552274000003,32.16987387000029],[102.35144301000014,32.17778893000025],[102.3617134000001,32.2133777100002],[102.34871835000013,32.22838446000003],[102.32159310999998,32.23842630000007],[102.29645503,32.23154720000002],[102.28602269999999,32.249832620000234],[102.25955726000012,32.24955634000008],[102.25266658999999,32.30142011999999],[102.24038576999993,32.31827034999992],[102.21813944999997,32.30618648000001],[102.1930806900001,32.317631960000085],[102.16005227000005,32.30476990000005],[102.13255240000007,32.302603770000076],[102.10354855000014,32.317582680000044],[102.08762814000005,32.34303404000025],[102.07319120000011,32.352009469999985],[102.03342377000007,32.33868282000009],[101.97427031000012,32.36209525999993],[101.95699244000014,32.35546123000012],[101.96373079000006,32.34039149000006],[101.98501057000004,32.33047778000014],[101.96658601000007,32.31373517000003],[101.95407982,32.28623515000021],[101.91100377999999,32.289739480000094],[101.88662644000004,32.30978847000017],[101.87156587000004,32.29885401000013],[101.85623062000008,32.30585392000023],[101.86164706000005,32.324317790000066],[101.85089791000007,32.33537364000006],[101.86190643999998,32.35634675000006],[101.86140367999997,32.378480739999986],[101.91556776999994,32.41652508000027],[101.90581239999995,32.429986510000106],[101.90578469999997,32.45010336000013],[101.92613146000002,32.54130932000004],[101.95422618000003,32.57569211000009],[101.98958276000002,32.55576746000014],[101.98780581000005,32.57302203000012],[102.00003448000007,32.56643588999998],[102.03708943999999,32.62020289999998],[102.05719656999992,32.618836180000244],[102.06486270000005,32.62608160000002],[102.0828949000001,32.584461250000174],[102.07586853999993,32.568107410000096],[102.14186741000003,32.55673272000024],[102.15249649999998,32.52991715000019],[102.18976766000009,32.493346020000104],[102.20184448999993,32.502922890000264],[102.20334829000001,32.535659070000065],[102.21694126000011,32.53491382000004],[102.22602713000009,32.54581682999998],[102.24696796000012,32.49346108000003],[102.25494862,32.51559584000006],[102.26382791999998,32.51021613000012],[102.27569817999995,32.524407580000116],[102.29248970999998,32.52761773999998],[102.28868681000012,32.54950990999998],[102.26197145999998,32.57445330000024],[102.25783907000005,32.59711223000011],[102.26622604999994,32.605376099999944],[102.26764295999993,32.63664805999997],[102.25823673000008,32.65793110000004],[102.23541900000004,32.66082899000003],[102.21367187999994,32.67536656000027],[102.20505660999999,32.67066919000007],[102.19413946999998,32.68206842000001],[102.19048164000003,32.69767036000002],[102.21142766000008,32.7138696400001],[102.19371028999996,32.74132910999998],[102.19855432000003,32.75448531000018],[102.18869660000013,32.77522199000015],[102.26880239000013,32.791898700000104],[102.30664660000002,32.78353180000005],[102.33351257999999,32.81338265000028],[102.36869598999999,32.82533798000003],[102.39450504000007,32.84803765000004],[102.40283134000015,32.89458215000002],[102.46026444000006,32.96214673999998],[102.46229556000009,33.00301703000031],[102.48351172000008,33.10102485000027],[102.52319755000013,33.14308116000012],[102.56193606000011,33.15942015000002],[102.58337074999992,33.18388894000009],[102.62175697000009,33.18627927],[102.62875752000002,33.19622357000014],[102.62414710000013,33.212881890000006],[102.63361928000012,33.24367773000006],[102.65996941000003,33.25958715000013],[102.6714128100001,33.25232801000027],[102.68937425000013,33.264426620000165],[102.70150361000009,33.25779455999998],[102.72156318999998,33.27881542],[102.74680530000006,33.29050851000011],[102.75237007000004,33.30160883999997],[102.78863660000013,33.31843106000008],[102.81372889000005,33.31825988000031],[102.82680600000009,33.30998624000017],[102.86875951999997,33.32176827999996],[102.88395688000014,33.30628701999996],[102.91042951000003,33.296786949999955],[102.99590437000006,33.29858105000028],[103.01242226000005,33.30473032000015],[103.06221757000003,33.29862236000014],[103.09108178999998,33.2740536],[103.09016324999999,33.262890920000075],[103.08466097000002,33.262806100000034],[103.09562147000003,33.25655321000028],[103.15965661000001,33.25916752000023],[103.18288493000006,33.16806124000021],[103.20077023000005,33.15676113000012],[103.25448914000015,33.143645610000306],[103.26719153000005,33.12670492000018],[103.29354856000003,33.1250875500001],[103.34407636000003,33.089430360000165],[103.33401382000005,33.02367570000024],[103.34195652,33.01829562000023]]]},"properties":{"nameZh":"红原县","nameEn":"红原县","code":"513233000000","severity":"general","severityZh":"一般灾区","severityEn":"Generally affected","disasterTypeZh":"一般灾区","landformBasinShare":0.07044447106744939,"landformMountainShare":0.0,"landformPlateauShare":0.9295555289325507,"settlementBasinShare":0.5,"settlementMountainShare":0.0,"settlementPlateauShare":0.5,"landformTypeZh":"高原县","donorBasin":0,"donorMountain":0,"donorPlateau":1,"labelEn":"","landformTypeEn":"Plateau county"}},{"type":"Feature","geometry":{"type":"MultiPolygon","coordinates":[[[[103.22474015,29.99883818000029],[103.23451017000014,29.993313700000044],[103.22481777000002,29.98349920999999],[103.19840632,29.99122357000016],[103.20123705000009,29.99952697000026],[103.22474015,29.99883818000029]]],[[[103.12941584000004,30.20856706000029],[103.08643116000007,30.156609180000032],[103.08137252000006,30.120191240000054],[103.05482763000003,30.11045543000006],[103.06097978000014,30.094528019999927],[103.04271308000006,30.08189106000009],[103.04071918000011,30.072022559999994],[103.05129194000006,30.057961830000295],[103.06923801000005,30.057535359999974],[103.07926680000008,30.044525390000217],[103.09850229,30.049523179999994],[103.09630210000006,30.04108299000012],[103.08546896000007,30.041478530000177],[103.08859149999995,30.03411920000019],[103.10149698999999,30.0413426100003],[103.13088772000015,30.03890416000013],[103.13972023999997,30.026700630000107],[103.13033281000008,30.02608534000018],[103.13807181000004,30.020748089999984],[103.13016820000013,30.01300803000015],[103.15672754000013,29.98939328000006],[103.19410377000003,29.98026058000005],[103.20709590000013,29.968460419999985],[103.18852321999992,29.968274060000226],[103.19262435000002,29.944769269999995],[103.17489908999994,29.94852431000004],[103.15772915000002,29.93272341000022],[103.10789090000003,29.918120240000235],[103.09056279999999,29.897947490000206],[103.09606650000012,29.88447926000015],[103.12295254000014,29.8666908200002],[103.16431240999992,29.78029844999992],[103.16315304000011,29.772968130000038],[103.14037846000008,29.760402070000225],[103.15935356,29.750413020000053],[103.16088703000003,29.741983079999954],[103.14162184999992,29.733479890000012],[103.15220411999996,29.71903500999997],[103.1392644500001,29.70573999000004],[103.13898984000014,29.68882586000018],[103.14797054000013,29.673643560000016],[103.13857516000007,29.67000726000009],[103.09850429,29.69651780000015],[103.08989786000006,29.68572472000028],[103.06981535,29.68693316000025],[103.05047312999994,29.678129800000136],[103.04572002999998,29.69974123000003],[103.02877731000001,29.703964490000033],[103.02979208999994,29.714408900000024],[103.01523082000006,29.729309110000088],[103.0051527,29.727732480000213],[102.99422219999997,29.71101954000028],[102.97524110000012,29.71361027000023],[102.9585171,29.725121379999962],[102.93154600000003,29.716103030000056],[102.92040820000005,29.751416329999984],[102.92240498000007,29.771142850000047],[102.94036283000014,29.804693340000085],[102.93126669999998,29.83124849000012],[102.90691124000011,29.853837620000036],[102.86924091000003,29.855494010000143],[102.85545742,29.867575270000202],[102.88798113000001,29.890889720000303],[102.88838845999999,29.90969338000002],[102.87246921999997,29.93943702000024],[102.90338073999999,29.96514542],[102.91093353000002,30.006685090000133],[102.90641505000008,30.021653889999982],[102.91525902999996,30.026619730000164],[102.92254331999993,30.04655678000006],[102.94631518000006,30.053263860000072],[102.97721219999994,30.10492347000013],[102.98016388999991,30.142593809999994],[103.01574678999992,30.20491061000007],[103.07097209,30.24164139000021],[103.07467265000008,30.22279149000002],[103.12941584000004,30.20856706000029]]]]},"properties":{"nameZh":"雨城区","nameEn":"雨城区","code":"511802000000","severity":"general","severityZh":"一般灾区","severityEn":"Generally affected","disasterTypeZh":"一般灾区","landformBasinShare":0.15601503759398497,"landformMountainShare":0.8439849624060151,"landformPlateauShare":0.0,"settlementBasinShare":0.42366412213740456,"settlementMountainShare":0.5763358778625954,"settlementPlateauShare":0.0,"landformTypeZh":"中山县","donorBasin":0,"donorMountain":1,"donorPlateau":0,"labelEn":"","landformTypeEn":"Mountain county"}},{"type":"Feature","geometry":{"type":"Polygon","coordinates":[[[103.30649177999999,30.264296980000154],[103.31781905000003,30.253610880000053],[103.31892169000008,30.235376880000047],[103.34638734999993,30.23891918000004],[103.36892317000013,30.230209620000096],[103.37106761000007,30.21633175000005],[103.35829760000007,30.194379570000024],[103.36232493000006,30.183490010000185],[103.35678694000012,30.175679379999963],[103.36961754000004,30.16525695000024],[103.36976490000012,30.150014000000056],[103.35820222000001,30.13723777000024],[103.39148598000003,30.09637199000008],[103.37378461999998,30.097574720000125],[103.3689313000001,30.08416115000017],[103.35497291000013,30.08883482000016],[103.34805374999996,30.100767340000175],[103.33768948000005,30.077336940000237],[103.31234159000013,30.073909960000037],[103.30026809999998,30.090199340000083],[103.28801127999998,30.07269201000014],[103.25357911000015,30.04765059999994],[103.23763460000004,30.019001140000228],[103.24221919000013,30.014675460000262],[103.23760214999999,30.005104050000227],[103.20048929000006,29.998664830000166],[103.19867363000009,29.990964990000066],[103.22613607000005,29.984040289999996],[103.22556230999999,29.97458883000013],[103.20709590000013,29.968460419999985],[103.19410377000003,29.98026058000005],[103.15672754000013,29.98939328000006],[103.13016820000013,30.01300803000015],[103.13807181000004,30.020748089999984],[103.13033281000008,30.02608534000018],[103.13972023999997,30.026700630000107],[103.13088772000015,30.03890416000013],[103.10149698999999,30.0413426100003],[103.08859149999995,30.03411920000019],[103.08546896000007,30.041478530000177],[103.09630210000006,30.04108299000012],[103.09850229,30.049523179999994],[103.07926680000008,30.044525390000217],[103.06923801000005,30.057535359999974],[103.05455253999997,30.056131670000013],[103.04304156000006,30.067255230000058],[103.04161382000007,30.080437550000283],[103.06097978000014,30.094528019999927],[103.05482763000003,30.11045543000006],[103.08137252000006,30.120191240000054],[103.09026954000007,30.163155740000093],[103.12941584000004,30.20856706000029],[103.15431534000004,30.214706720000038],[103.17745592000011,30.249656950000144],[103.19512486000013,30.23894188000014],[103.20360797000001,30.241747920000137],[103.21399473999998,30.211931140000274],[103.22143082000014,30.209510170000158],[103.23136564000004,30.216140660000235],[103.24382129999998,30.248250709999922],[103.27899550000006,30.266015650000043],[103.30649177999999,30.264296980000154]]]},"properties":{"nameZh":"名山区","nameEn":"名山区","code":"511803000000","severity":"general","severityZh":"一般灾区","severityEn":"Generally affected","disasterTypeZh":"一般灾区","landformBasinShare":0.9379084967320261,"landformMountainShare":0.06209150326797386,"landformPlateauShare":0.0,"settlementBasinShare":0.9583333333333334,"settlementMountainShare":0.041666666666666664,"settlementPlateauShare":0.0,"landformTypeZh":"盆地县","donorBasin":1,"donorMountain":0,"donorPlateau":0,"labelEn":"","landformTypeEn":"Basin county"}},{"type":"Feature","geometry":{"type":"Polygon","coordinates":[[[102.88013629,29.919657680000057],[102.88838845999999,29.90969338000002],[102.88798113000001,29.890889720000303],[102.85575286000011,29.864595880000252],[102.86924091000003,29.855494010000143],[102.91244890999997,29.850652470000114],[102.93126669999998,29.83124849000012],[102.94036283000014,29.804693340000085],[102.92064263000009,29.756231450000087],[102.93216654000003,29.716930010000283],[102.92716962999992,29.71391312000003],[102.93382116999999,29.700948510000273],[102.93044236000003,29.69093029000021],[102.93736202000002,29.681459889999985],[102.92769909000003,29.668047730000126],[102.93040788000002,29.619219680000242],[102.9154815500001,29.558912180000164],[102.86843713000013,29.53301951000026],[102.81689106000005,29.473123390000296],[102.80803257000002,29.48659326000012],[102.77627731000001,29.480627770000183],[102.73104813999998,29.50048281000022],[102.7138166200001,29.521927320000145],[102.69027373000011,29.57657709000017],[102.63707908000003,29.65188445000001],[102.5793666400001,29.640256800000202],[102.53672266000012,29.64820150999992],[102.51264433000006,29.66383858000006],[102.46372036000002,29.716415209999923],[102.42489892000009,29.706697770000062],[102.35292294999999,29.713929860000007],[102.33437135999998,29.72273557000011],[102.32692336000014,29.739378100000067],[102.35247880000003,29.77014824000014],[102.34239050000002,29.791782380000143],[102.3245871100001,29.802219920000255],[102.32172224000004,29.827404279999996],[102.3386407700001,29.831010860000163],[102.35958755000007,29.822011890000226],[102.39383334000013,29.855868480000026],[102.43247417999999,29.855062219999922],[102.49356624999996,29.878891710000005],[102.49932639999997,29.898369190000267],[102.53637435000007,29.90864283999997],[102.57347267000006,29.94284207000004],[102.60654290999997,29.92908763000031],[102.64388395999998,29.939888240000073],[102.67757206000005,29.90653878000012],[102.69848351999991,29.917893210000273],[102.71462137000009,29.894588860000113],[102.76783552999996,29.86201478000021],[102.88013629,29.919657680000057]]]},"properties":{"nameZh":"荥经县","nameEn":"荥经县","code":"511822000000","severity":"general","severityZh":"一般灾区","severityEn":"Generally affected","disasterTypeZh":"一般灾区","landformBasinShare":0.0,"landformMountainShare":0.9875424688561721,"landformPlateauShare":0.01245753114382786,"settlementBasinShare":0.0,"settlementMountainShare":1.0,"settlementPlateauShare":0.0,"landformTypeZh":"中山县","donorBasin":0,"donorMountain":1,"donorPlateau":0,"labelEn":"","landformTypeEn":"Mountain county"}},{"type":"Feature","geometry":{"type":"Polygon","coordinates":[[[102.82492823000001,29.47851694999997],[102.82162546000012,29.468570330000148],[102.87789930000002,29.41890698000003],[102.93061173000001,29.40358199000002],[102.96994866000011,29.40273763999994],[102.99251120999998,29.384161310000025],[102.99643232000005,29.36891517000015],[102.97941249999997,29.346228720000113],[102.97787153999997,29.32171044000006],[103.00210253000006,29.29003043000023],[102.96195065,29.30459461999999],[102.93475738000001,29.30430068000021],[102.91093038999992,29.267663330000175],[102.90395703000007,29.22538133000029],[102.87829137999995,29.209278229999995],[102.83601915999998,29.21011832000005],[102.83219924000014,29.244132729999933],[102.81257302,29.253570510000145],[102.78520292000007,29.244452730000148],[102.76372551000009,29.201546769999936],[102.77698212000007,29.176339090000056],[102.76541017000005,29.15931246000008],[102.75349191999999,29.1626660900003],[102.73445383,29.155911640000113],[102.69678763000013,29.17008809999993],[102.67196124999998,29.164634520000277],[102.64855981,29.177091589999975],[102.65232627000006,29.193491700000152],[102.63438454000004,29.213875770000072],[102.61760658000003,29.21286988999998],[102.58950980000003,29.195179389999964],[102.59915352000002,29.17315373999992],[102.59336359000002,29.16325621000027],[102.55570154999992,29.159230800000273],[102.55134458000003,29.153779880000286],[102.55972959999997,29.14987776999999],[102.55956466999999,29.139141770000037],[102.5501732400001,29.121905210000136],[102.52073108999997,29.11469105000009],[102.51334397,29.09674299000028],[102.50162846,29.094926640000267],[102.48662128000001,29.110904329999926],[102.49749275999994,29.135816360000263],[102.48750472000006,29.15334006000012],[102.51767032000004,29.223244410000234],[102.48992998,29.261650050000014],[102.50275297999997,29.283093760000042],[102.53261236999998,29.289756689999933],[102.55196003999998,29.304479400000048],[102.56306094000013,29.330413660000033],[102.55837360000004,29.36681121000015],[102.52254291999998,29.41262881],[102.48656301999995,29.444218630000023],[102.38285799000005,29.451608080000028],[102.32490544999996,29.480298800000128],[102.30876883000013,29.521887230000004],[102.31518348000009,29.570321460000002],[102.28285670000002,29.59290081000006],[102.27569525000007,29.606533610000042],[102.29450381000004,29.68626351000006],[102.30411256000014,29.702274670000065],[102.33437135999998,29.72273557000011],[102.35292294999999,29.713929860000007],[102.41887358999998,29.70665403000021],[102.46056069000008,29.717306230000133],[102.51264433000006,29.66383858000006],[102.53672266000012,29.64820150999992],[102.5793666400001,29.640256800000202],[102.63707908000003,29.65188445000001],[102.69027373000011,29.57657709000017],[102.7138166200001,29.521927320000145],[102.73104813999998,29.50048281000022],[102.77627731000001,29.480627770000183],[102.80803257000002,29.48659326000012],[102.81689106000005,29.473123390000296],[102.82492823000001,29.47851694999997]]]},"properties":{"nameZh":"汉源县","nameEn":"Hanyuan County","code":"511823000000","severity":"severe","severityZh":"重灾区","severityEn":"Severely affected","disasterTypeZh":"重灾区","landformBasinShare":0.021500457456541628,"landformMountainShare":0.9400731930466606,"landformPlateauShare":0.0384263494967978,"settlementBasinShare":0.06930693069306931,"settlementMountainShare":0.9306930693069307,"settlementPlateauShare":0.0,"landformTypeZh":"中山县","donorBasin":0,"donorMountain":1,"donorPlateau":0,"labelEn":"Hanyuan County","landformTypeEn":"Mountain county"}},{"type":"Feature","geometry":{"type":"Polygon","coordinates":[[[102.51334397,29.09674299000028],[102.52307415000007,29.08055345000014],[102.51535822000005,29.066964420000204],[102.52400318000002,29.039407750000066],[102.50856991000006,29.032530970000266],[102.4963221700001,29.006359299999986],[102.46715597000008,28.98136358000005],[102.46536836000013,28.967800710000006],[102.48198345999998,28.930391760000248],[102.43255411000001,28.85021936999999],[102.34464694000002,28.85937467000008],[102.30170571999997,28.899185119999913],[102.2523350300001,28.90192642000028],[102.22727547,28.95513613000014],[102.17925856000011,29.01646021000016],[102.18693994000006,29.029884470000127],[102.15644623000014,29.04400566000021],[102.16684481000004,29.07597345000005],[102.14984815000008,29.10250760000008],[102.15916276000002,29.128309080000292],[102.15179204999998,29.146075100000132],[102.12998608999999,29.162719840000307],[102.12106224000007,29.184520329999998],[102.09996675000008,29.18746187000022],[102.08010445000014,29.17422148999998],[102.05479029000014,29.178112230000238],[102.11775438000012,29.22467180000001],[102.12044530000003,29.244227319999936],[102.0946018200001,29.27456445000007],[102.06841882000015,29.292203130000075],[102.04431969000012,29.30051584000023],[102.02942439000014,29.294152410000038],[101.98224575000006,29.301950280000256],[101.95224740000009,29.32805219000005],[101.94978278999992,29.354373340000052],[101.97067458999999,29.385663000000307],[101.98240110999996,29.428948250000246],[101.95078893000004,29.440550620000295],[101.94671708999994,29.475611230000254],[101.93453067000007,29.504019200000073],[101.95175175999998,29.506344160000253],[101.97596010000012,29.492414580000002],[102.01041184999997,29.493889850000244],[102.03198343999992,29.502696300000025],[102.08889650999998,29.49876082000003],[102.1204439500001,29.51251669000027],[102.14390827999995,29.506890929999997],[102.14344734000002,29.534811940000054],[102.16413876999997,29.53554717999998],[102.16418647,29.51846202000013],[102.17694630000005,29.51540822000004],[102.17419526999998,29.46921930000002],[102.19176303,29.470763430000034],[102.20169413999992,29.459589750000134],[102.31249304000005,29.53616384999998],[102.30876883000013,29.521887230000004],[102.31978488999994,29.486817650000035],[102.35072172000014,29.462789310000005],[102.41149743000005,29.446813410000118],[102.48971426999992,29.44264272999999],[102.54772389999994,29.384158269999944],[102.55837360000004,29.36681121000015],[102.56313092000005,29.334289350000063],[102.54278575000012,29.29449389000024],[102.50275297999997,29.283093760000042],[102.48992998,29.261650050000014],[102.51767032000004,29.223244410000234],[102.48750472000006,29.15334006000012],[102.49749275999994,29.135816360000263],[102.48662128000001,29.110904329999926],[102.50162846,29.094926640000267],[102.51334397,29.09674299000028]]]},"properties":{"nameZh":"石棉县","nameEn":"Shimian County","code":"511824000000","severity":"severe","severityZh":"重灾区","severityEn":"Severely affected","disasterTypeZh":"重灾区","landformBasinShare":0.0,"landformMountainShare":0.6830273510678156,"landformPlateauShare":0.31697264893218435,"settlementBasinShare":0.0,"settlementMountainShare":0.948051948051948,"settlementPlateauShare":0.05194805194805195,"landformTypeZh":"中山县","donorBasin":0,"donorMountain":1,"donorPlateau":1,"labelEn":"Shimian County","landformTypeEn":"Mountain county"}},{"type":"Feature","geometry":{"type":"Polygon","coordinates":[[[102.85017165,30.199927880000075],[102.86105636999997,30.19402297000022],[102.86031833000004,30.14404187000008],[102.89530745000013,30.123577749999924],[102.90569679999999,30.108494620000215],[102.88225284999999,30.036399039999992],[102.90967168000003,30.017376730000137],[102.90922527000009,29.98563682000008],[102.89935291,29.958678650000138],[102.87327752000004,29.944419840000023],[102.88013629,29.919657680000057],[102.76783552999996,29.86201478000021],[102.71462137000009,29.894588860000113],[102.69848351999991,29.917893210000273],[102.67757206000005,29.90653878000012],[102.64388395999998,29.939888240000073],[102.60654290999997,29.92908763000031],[102.57347267000006,29.94284207000004],[102.53637435000007,29.90864283999997],[102.49932639999997,29.898369190000267],[102.49356624999996,29.878891710000005],[102.43247417999999,29.855062219999922],[102.39383334000013,29.855868480000026],[102.35958755000007,29.822011890000226],[102.33258932999996,29.831633230000136],[102.31070673000005,29.826085000000262],[102.28952630000015,29.840904660000035],[102.28952675,29.85716070000001],[102.27276512000009,29.87198151000007],[102.26927550000005,29.884279950000177],[102.28099269999996,29.89964096999995],[102.28292763000002,29.920552149999992],[102.29712809000011,29.934244810000166],[102.29433331000013,29.946271030000275],[102.30162444999996,29.95721124000005],[102.29395941999991,29.990014490000306],[102.27343855000004,30.019915029999993],[102.26658974000003,30.080116060000137],[102.28066739000008,30.09780007000012],[102.29255887000005,30.101130299999966],[102.29207258999998,30.131529000000228],[102.33203479999992,30.19673055000004],[102.40055156,30.23672760000005],[102.41486473999993,30.313970940000047],[102.43985480999999,30.31196086],[102.54055743999993,30.34953629000006],[102.56569403999998,30.349258949999978],[102.61023920000008,30.311285310000073],[102.66194678000005,30.299019930000043],[102.6783529,30.26542548000009],[102.71927302,30.241838960000223],[102.71966407000002,30.19255066000005],[102.77445900999999,30.180391679999957],[102.78307862999998,30.156946350000055],[102.8003369000001,30.161811930000113],[102.81581452,30.199753050000027],[102.85017165,30.199927880000075]]]},"properties":{"nameZh":"天全县","nameEn":"天全县","code":"511825000000","severity":"general","severityZh":"一般灾区","severityEn":"Generally affected","disasterTypeZh":"一般灾区","landformBasinShare":0.07190916736753575,"landformMountainShare":0.8246425567703953,"landformPlateauShare":0.10344827586206896,"settlementBasinShare":0.5635593220338984,"settlementMountainShare":0.4364406779661017,"settlementPlateauShare":0.0,"landformTypeZh":"中山县","donorBasin":0,"donorMountain":1,"donorPlateau":0,"labelEn":"","landformTypeEn":"Mountain county"}},{"type":"Feature","geometry":{"type":"Polygon","coordinates":[[[103.17880679000001,30.527765760000023],[103.18354806000008,30.51255907000001],[103.16018702000002,30.475121880000245],[103.14445441999999,30.47711472000009],[103.12338818000012,30.455259160000082],[103.13919701000003,30.443634569999972],[103.13701502999999,30.438769400000126],[103.12057938000004,30.44385194000006],[103.11622633000013,30.43698856000003],[103.12088514999994,30.42782376000008],[103.11392677999993,30.416414110000005],[103.11910369999998,30.39777898],[103.11419619000003,30.382501569999988],[103.12587101000003,30.36966781000001],[103.08902421000005,30.329000580000184],[103.07699931000008,30.327091889999963],[103.06017438000009,30.308345750000058],[103.06653842999998,30.29679162000008],[103.0597859400001,30.269293900000037],[103.06949130000004,30.263443700000266],[103.07097209,30.24164139000021],[103.02863327,30.216790000000117],[103.00780418000005,30.193873580000286],[102.98016388999991,30.142593809999994],[102.97721219999994,30.10492347000013],[102.94631518000006,30.053263860000072],[102.92254331999993,30.04655678000006],[102.91525902999996,30.026619730000164],[102.90569581000005,30.02006607000004],[102.89086118000012,30.025624880000066],[102.88225284999999,30.036399039999992],[102.88436147000004,30.056774680000103],[102.90569679999999,30.108494620000215],[102.89530745000013,30.123577749999924],[102.86031833000004,30.14404187000008],[102.86105636999997,30.19402297000022],[102.85017165,30.199927880000075],[102.86108252000002,30.219726060000028],[102.89084600000012,30.23683352000012],[102.86724506999991,30.248642800000084],[102.86473626999998,30.269261150000204],[102.87800859999999,30.302338120000172],[102.91493236999992,30.322224410000103],[102.93466094000001,30.34294110000002],[102.89805063000006,30.40031945000004],[102.92011441000005,30.430450670000198],[102.95581605000012,30.44114944000006],[102.94452287000007,30.468838940000126],[102.96983328999994,30.544592399999942],[103.02551833000001,30.602575999999942],[103.03314969999997,30.618648500000006],[102.95615370000002,30.669234949999918],[102.92213729000014,30.674586370000043],[102.9271717100001,30.72251648000008],[102.91244226999999,30.7412452600002],[102.90585392000003,30.767439620000005],[102.99107482999995,30.78088831000025],[103.00329717999995,30.7490115600001],[103.03171691000006,30.72312082999997],[103.03073928999999,30.70484411999996],[103.07388120999997,30.71773405000016],[103.07553076000005,30.702604660000134],[103.09601558999998,30.67862320000029],[103.11884246000005,30.672351760000254],[103.13133329000004,30.65407681000022],[103.12598705000005,30.592468980000035],[103.13515834999998,30.58536748000023],[103.14831263000002,30.586872620000065],[103.16224133999998,30.56465858000024],[103.15661784999992,30.529606790000116],[103.17880679000001,30.527765760000023]]]},"properties":{"nameZh":"芦山县","nameEn":"Lushan County","code":"511826000000","severity":"severe","severityZh":"重灾区","severityEn":"Severely affected","disasterTypeZh":"重灾区","landformBasinShare":0.05430242272347535,"landformMountainShare":0.8638262322472848,"landformPlateauShare":0.08187134502923976,"settlementBasinShare":0.33974358974358976,"settlementMountainShare":0.6602564102564102,"settlementPlateauShare":0.0,"landformTypeZh":"中山县","donorBasin":0,"donorMountain":1,"donorPlateau":0,"labelEn":"Lushan County","population10k":12,"intensity":7.19,"deathsMissing":0,"deathMissingRatePer10k":0,"collapsedHousing":20763,"collapsedHousingPer10k":1730,"affectedResidentialSites":1236,"affectedRoads":12,"threatenedRiverBlockages":0,"threatenedBridges":0,"threatenedReservoirs":null,"destroyedLandAreaKm2":1,"geologicalHazardRisk":0.32,"resettlementRatePer10k":1708,"compositeImpactIndex":0.1875,"damageIndexName":"Lushan","damageIndexLevelEn":"Severely affected area","damageIndexSource":"damage index.xlsx","landformTypeEn":"Mountain county"}},{"type":"Feature","geometry":{"type":"Polygon","coordinates":[[[102.88543830000015,30.90728995000029],[102.88786062999998,30.86856732000001],[102.86111736000004,30.8051254100003],[102.88402381000014,30.774709029999997],[102.90585392000003,30.767439620000005],[102.91244226999999,30.7412452600002],[102.9271717100001,30.72251648000008],[102.92106117000009,30.676416590000144],[102.95615370000002,30.669234949999918],[103.03314969999997,30.618648500000006],[103.02551833000001,30.602575999999942],[102.96983328999994,30.544592399999942],[102.94452287000007,30.468838940000126],[102.95581605000012,30.44114944000006],[102.92011441000005,30.430450670000198],[102.89805063000006,30.40031945000004],[102.93466094000001,30.34294110000002],[102.91493236999992,30.322224410000103],[102.88169657000014,30.306020800000226],[102.86860798000009,30.28212004000011],[102.86511818999998,30.251841870000078],[102.88738222,30.243235530000106],[102.8900732300001,30.23453532000002],[102.86108252000002,30.219726060000028],[102.84781060000006,30.19877193000002],[102.81581452,30.199753050000027],[102.8003369000001,30.161811930000113],[102.78307862999998,30.156946350000055],[102.77445900999999,30.180391679999957],[102.71966407000002,30.19255066000005],[102.71927302,30.241838960000223],[102.6783529,30.26542548000009],[102.66194678000005,30.299019930000043],[102.61023920000008,30.311285310000073],[102.56569403999998,30.349258949999978],[102.54055743999993,30.34953629000006],[102.43985480999999,30.31196086],[102.41486473999993,30.313970940000047],[102.4310260900001,30.357621530000017],[102.43141607000001,30.374603450000222],[102.42345603000007,30.38708084000018],[102.43303861999999,30.429909399999985],[102.4178379600001,30.455304810000143],[102.4161930300001,30.52662410000005],[102.43290297999994,30.607918620000078],[102.47006740000006,30.642509270000005],[102.47158786000011,30.673455980000142],[102.48400144999994,30.683233610000002],[102.48291636000005,30.700108680000028],[102.49284728999999,30.71617038000028],[102.48439236000013,30.722222450000118],[102.48478375000002,30.74724724999993],[102.4673969700001,30.771144600000127],[102.49223259000013,30.792870740000126],[102.51979283999998,30.797114780000072],[102.53057389000008,30.81426779000003],[102.56381793000003,30.82582396999993],[102.58961486999999,30.85055384000009],[102.67513209999998,30.857180019999987],[102.68961089999999,30.903729790000227],[102.70661761000008,30.917981120000036],[102.75238380999997,30.918904000000225],[102.80019826,30.938415520000262],[102.82669174000006,30.93123326],[102.85076277000007,30.939373050000256],[102.86956326000006,30.930691090000266],[102.88543830000015,30.90728995000029]]]},"properties":{"nameZh":"宝兴县","nameEn":"Baoxing County","code":"511827000000","severity":"severe","severityZh":"重灾区","severityEn":"Severely affected","disasterTypeZh":"重灾区","landformBasinShare":0.0,"landformMountainShare":0.5948717948717949,"landformPlateauShare":0.40512820512820513,"settlementBasinShare":0.0,"settlementMountainShare":0.9833333333333333,"settlementPlateauShare":0.016666666666666666,"landformTypeZh":"混合县","donorBasin":0,"donorMountain":1,"donorPlateau":1,"labelEn":"Baoxing County","population10k":6,"intensity":7.04,"deathsMissing":3,"deathMissingRatePer10k":1,"collapsedHousing":15076,"collapsedHousingPer10k":2513,"affectedResidentialSites":104,"affectedRoads":42,"threatenedRiverBlockages":16,"threatenedBridges":0,"threatenedReservoirs":0,"destroyedLandAreaKm2":0,"geologicalHazardRisk":0.21,"resettlementRatePer10k":663,"compositeImpactIndex":0.1652,"damageIndexName":"Baoxing","damageIndexLevelEn":"Severely affected area","damageIndexSource":"damage index.xlsx","landformTypeEn":"Mixed landform county"}}]}